video_id,titulo,descricao,tags,texto_falado,canal_id,canal_nome,visualizacoes,curtidas,comentarios,favoritos,data_publicacao,data_gravacao,local_gravacao_desc,latitude,longitude,duracao_iso,duracao_segundos,dimensao,definicao,tem_legenda_nativa,projecao,conteudo_licenciado,privacidade,licenca,permite_embed,estatisticas_publicas,feito_para_criancas,restricao_idade,restricao_regiao_bloqueada,restricao_regiao_permitida,categoria_id,idioma_audio_default,idioma_texto_default,topicos_wikipedia,topicos_ids,thumb_default,thumb_maxres,live_inicio_real,live_fim_real,live_inicio_agendado,live_fim_agendado,espectadores_simultaneos,nicho
YbeCeD3o4pY,When You Have Short Height Wife 😂 #short #teratrigun #shortheight,When You Have Short Height Wife 😂 #short #teratrigun #shortheight,"['Shorts', 'Ytshorts', 'Tera Trigun Shorts', 'Comedy shorts', 'Funny Shorts', 'Viral shorts', 'Fun', 'Tera Trigun', 'Funny video', 'Comedy video', 'Short Height Wife', 'Tall Husband', 'Short Height']",ये लो। इतना बड़ा जूस का गिलास। कैसे पीउंगी मैं इतना सारा जूस? जितना पीना है पी लो। बाकी मैं पी लूंगा। ठीक है। बस और नहीं पीना। छोटा सा तो है। चलें। सुनो। ये बाहर कूड़े वाली गाड़ी आ गई। इसको बाहर फेंक दो। बहुत भारी है। लो। हल्का सा तो है। हैप्पी बर्थडे बेबी। थैंक यू। इतना बड़ा टैडी वियर लाने की क्या जरूरत थी? बड़ा। छोटा सा तो है। कहां छोटा है? ये,UCWuBZJIucBpe-SCWUBuKUlg,Tera Trigun,207590743,1674165,2780,0,2026-01-03T14:28:05Z,,,,,PT48S,48,2d,hd,false,rectangular,True,public,youtube,True,True,False,,[],[],23,hi,en,"['https://en.wikipedia.org/wiki/Entertainment', 'https://en.wikipedia.org/wiki/Film']",[],https://i.ytimg.com/vi/YbeCeD3o4pY/default.jpg,https://i.ytimg.com/vi/YbeCeD3o4pY/maxresdefault.jpg,,,,,,Nicho 1 (Esquetes)
xMADBIEqKY4,Every Math Teacher in Exam 💀#shorts #funny #exam #school,"This video is only for entertainment purpose Every character and every stunts which has shown in this video is temporary and fake .Every scene is scripted , so please don’t take it seriously ❤️. ￼Watch it and give your feedback in the comment section","['Funny video', 'Comedy video', 'Exam', 'Exam funny video', 'Schooltime comedy', 'Maths teacher', 'Strict maths teacher', 'Strict invigilator', 'Viral', 'Comedy', 'Trending', 'Deanprin', 'Dean prin', 'zaalim teacher']",दोस्तों वो फिर आ रहा है। कौन? मैथ वाले सर। अरे ये मिट क्यों नहीं रहा है? हो जा सांस। मुझे भले ही उम्र कैद हो जाए। लेकिन अगर किसी के मुंह से थोड़ी भी आवाज इंग्लिश वाली मैडम। अरे मिस प्रिंट पे। चलो दूसरी ले लेता हूं। सर। नहीं। कुछ भी हो जाए पर बोलूंगा नहीं। 1 सेकंड। एक्स्ट्रा सीट ही तो मांग रहा हूं। मैं कल थोड़ी कर रहा हूं। सर एक्स्ट्रा सीट। सीट यार बोलना नहीं था। और किसी को समस्या? अरे अब तो वॉशरूम की भी नहीं पूछ पाऊंगा। क्या करूं? क्या हुआ? तेरे पता। ठीक है। जल्दी वाशरूम जा। मैं भले ही फेल हो जाऊं लेकिन जो तेरा घमंड है ना साले कि किसी को नकल नहीं करने दूंगा। आज मैं यही तोड़ कर दिखाऊंगा। तू रोक के दिखा। दिस इज [संगीत] द एंड,UC1vRFyXl3N9vgHH6--lKc-w,Dean prin,167481914,2574058,2672,0,2026-01-06T16:01:38Z,,,,,PT1M15S,75,2d,hd,false,rectangular,True,public,youtube,True,True,False,,[],[],23,hi,en,"['https://en.wikipedia.org/wiki/Entertainment', 'https://en.wikipedia.org/wiki/Film']",[],https://i.ytimg.com/vi/xMADBIEqKY4/default.jpg,https://i.ytimg.com/vi/xMADBIEqKY4/maxresdefault.jpg,,,,,,Nicho 1 (Esquetes)
VFi1UR02HnI,Shri Krishna or Holi colour #shorts #holi #holispecial #shreekrishna,"mother and daughter fun with family hindi new comedy video shrikrishna or holi fun with family humanity shorts video
#funny #magic #fashiontrends #comedy #youtubeshorts #emotional #trendingshorts #comedyvideos #holispecial","['popular shorts video', 'games shorts video', 'humanity shorts', 'sad shorts video', 'haryanvi comedy video', 'love shorts video', 'mummy papa', 'holi pichkari', 'holi shorts video', 'facts shorts', 'Bhai behen ka pyar', 'dance video', 'mini vlog', 'garib baccha fun with family', 'brother sister', 'hindi new comedy video', 'ranwa family shorts', 'jagdish comedian']",तुम सभी को कलर लगाते हो ना? आज यहीं पे बंधे रहो। मम्मा मैं किसी के कलर नहीं लगाऊंगा। मुझे छोड़ दो। आज मैं तुम्हारी बातों में नहीं आऊंगी और तुम्हें नहीं खोलूंगी। गोविंद हरे मुरारी आईडिया। मैं अभी सभी को होली खिलाता हूं। हैप्पी होली दीदी। हैप्पी होली मानसी दीदी। अरे ये तो फिर से कलर लगाने लग गया।,UCj-Y3qyis1oyXDtWGYHJU1Q,Ranwa Family,137029260,973534,0,0,2026-02-28T02:40:24Z,,,,,PT35S,35,2d,hd,false,rectangular,True,public,youtube,True,True,True,,[],[],22,hi,en,['https://en.wikipedia.org/wiki/Entertainment'],[],https://i.ytimg.com/vi/VFi1UR02HnI/default.jpg,https://i.ytimg.com/vi/VFi1UR02HnI/maxresdefault.jpg,,,,,,Nicho 1 (Esquetes)
rVS9ETpykCE,When Maths Teacher Is The Invigilator 💀 #shorts #funny #exams,"This video is only for entertainment purpose. Every scene, stunts and characters of this video is not real. Everything is scripted and performed under the presence of experts with full safety￼,Please don’t take it seriously. If you love this video don’t forget to like or subscribe our channel .If you want more parts of the series, please let me know in the comment section. Thanks for watching ❤️￼","['Funny video', 'Comedy video', 'Exams', 'Maths teacher in exams', 'Maths teacher', 'Strict teacher', 'School time comedy', 'Comedy', 'Viral', 'Trending', 'Deanprin']",दोस्तों आज मैथ वाले से की ड्यूटी नहीं आएगी क्या? हां आज इनकी शादी है। दोस्तों मैथ वाले सर मुझे अगर किसी की सांस लेने की आवाज भी आई मैम मैं आ जाऊंगा फिर तक। नहीं यार रहना सेफ नहीं है। एग्जाम तो होते रहेंगे। जल्दी यहां से निकलना पड़ेगा। फिर पीछे वाले के पास पर्ची है। सुनो मैं सात चक्कर काट कर अभी आया। तब तक भैया आप यहां आपका तो एग्जाम था ना। तू ये सब छोड़ और मेरी एक वीडियो बना। वीडियो? किसी को उसकी औकात दिखानी है। साले को लगता है उसके जीते जी कोई नकल नहीं कर सकता। यह वीडियो दिखा कर उसे बताऊंगा कि बैकबेंचर्स क्या चीज होते हैं। सॉरी। नहीं दिखा पाएगा।,UC1vRFyXl3N9vgHH6--lKc-w,Dean prin,99935489,1640703,2228,0,2026-01-20T15:51:00Z,,,,,PT1M21S,81,2d,hd,false,rectangular,True,public,youtube,True,True,False,,[],[],23,hi,en,"['https://en.wikipedia.org/wiki/Entertainment', 'https://en.wikipedia.org/wiki/Film']",[],https://i.ytimg.com/vi/rVS9ETpykCE/default.jpg,https://i.ytimg.com/vi/rVS9ETpykCE/maxresdefault.jpg,,,,,,Nicho 1 (Esquetes)
gZ9hwKEQMYI,Wait For The End 👺🤣#shorts #comedy #viral #feedshorts #viral,"Wait For The End 👺🤣#shorts #comedy #viral #feedshorts #viral


⚠️ Official Disclaimer
Acted Content: All scenes in this video are scripted and performed by actors. No real conflict or fighting took place.
Safety First: No children were harmed or put at risk during the production of this short film.
Positive Intent: This video is a light-hearted comedy skit intended for entertainment purposes only. We do not promote or encourage violence, aggression, or bullying.
Family Friendly: This content is designed to be a safe, relatable look at childhood ""arguments"" in a responsible and humorous format.","['shorts', 'shorts feed', 'shortsvideo', 'YouTube shorts', 'ytshorts', 'trending', 'viral', 'trendingshorts', 'viralshorts', 'comedy', 'comedy video', 'fun', 'funny', 'prpresents', 'pr', 'wait for end', 'waitfortwist', 'thank you', '500k', '1m', 'మంచిర్యాల']",पंच [संगीत] संकल्प अरे जल्दी मेरा लो [संगीत] या,UC8FqLpnbxRNpNmDuxNHuHHA,PR PRESENTS,115014378,807725,1145,0,2026-01-06T14:54:51Z,,,,,PT43S,43,2d,hd,false,rectangular,True,public,youtube,True,True,False,,[],[],24,en-IN,en,"['https://en.wikipedia.org/wiki/Entertainment', 'https://en.wikipedia.org/wiki/Film', 'https://en.wikipedia.org/wiki/Humour']",[],https://i.ytimg.com/vi/gZ9hwKEQMYI/default.jpg,https://i.ytimg.com/vi/gZ9hwKEQMYI/maxresdefault.jpg,,,,,,Nicho 1 (Esquetes)
nhvvrl24Too,Swimming Pool main HOLI🫟🤣#shorts #comedy #funny #olidavines,"Guys if you Love Naukrani, Sanki Malik, Kanjoos Videos and Many More funny Contents please SUBSCRIBE LIKE and SHARE🙏❤️




This Videos are Created by Olida and Imdad, Using without Permission are strictly Prohibited 🚫. 




New comedy video
Funny YouTube shorts
New tik tok video
Funny comedy video","['Olida and Imdat', 'Olida vlogs', 'Funny naukrani videos', 'Olida imdat funny videos', 'New kanjoos videos', 'Tillu family videos', 'Funny tik tok videos', 'Naukrani sanki malik videos', 'Olida and imdat Naukrani video', 'Til tok naukrani Bideo', 'Tik tok Tillu videos', 'New funny video', 'New Tik tok kanjoos videos']",दीदी जल्दी आओ। मैंने स्विमिंग पूल बल दिया। टिल्लू अब हम इसमें कलर ऐड करेंगे। पिंक? नहीं हम ब्लू डालेंगे। नहीं पिंक। अरे लड़ो मत। दो-दो कलर डाल दो। आज तू है पानी पानी पानी पानी। अब इसमें जाएगा डेढ़ साला वाटत बलून। बहुत मजा आ रहा है। बहुत मजा आ रहा है। ये ले टिल्लू। नहीं थोलूंगा दीदी। ये लो ये लो। एक और लो। पापा टिल्लू बहुत मना लिया होली कल तेरा एग्जाम है ना जल्दी अंदर आ,UCvi4a7mPeq1cv1EYQK4tzRA,OLIDA  Vlogs and Vines,110182312,682442,199,0,2026-02-28T14:32:07Z,,,,,PT34S,34,2d,hd,false,rectangular,True,public,youtube,True,True,False,,[],[],23,hi,en,"['https://en.wikipedia.org/wiki/Entertainment', 'https://en.wikipedia.org/wiki/Film', 'https://en.wikipedia.org/wiki/Humour']",[],https://i.ytimg.com/vi/nhvvrl24Too/default.jpg,https://i.ytimg.com/vi/nhvvrl24Too/maxresdefault.jpg,,,,,,Nicho 1 (Esquetes)
D2USstLtUII,Indian Mom Hack #shorts #explore #childhood #school #nostalgia #memories #funny #comedy #memes #fun,,[],"मुझे लेट हो रहा है, मम्मी, मैं निकल रहा हूं। रुको बेटा, पहले दूध पी के जाओ। कितना गरम दूध है यह। मम्मी, 2 मिनट में मेरा बस आ जाएगा, मैं इतनी जल्दी कैसे पींगा? मैं निकलता हूं बाहर। ए, एक मिनट बेटा, यहीं पे रुको। मैं आई। ये पकड़ो। [संगीत] [संगीत] अब पियो। [संगीत] चलो निकल जाली ओ बेटा जी",UCQPTbtadNWcPYuoS3JqkpYw,Baccha Mat Bolna,94721308,823430,1323,0,2026-01-04T06:49:49Z,,,,,PT43S,43,2d,hd,false,rectangular,True,public,youtube,True,True,False,,[],[],23,hi,en,"['https://en.wikipedia.org/wiki/Entertainment', 'https://en.wikipedia.org/wiki/Film']",[],https://i.ytimg.com/vi/D2USstLtUII/default.jpg,https://i.ytimg.com/vi/D2USstLtUII/maxresdefault.jpg,,,,,,Nicho 1 (Esquetes)
s5qIWKpLbvY,Mooh Nahi Dhona Hai🧼🤣#shorts #comedy #funny #olidavines,"Guys if you Love Naukrani, Sanki Malik, Kanjoos Videos and Many More funny Contents please SUBSCRIBE LIKE and SHARE🙏❤️




This Videos are Created by Olida and Imdad, Using without Permission are strictly Prohibited 🚫. 




New comedy video
Funny YouTube shorts
New tik tok video
Funny comedy video","['Olida and Imdat', 'Olida vlogs', 'Funny naukrani videos', 'Olida imdat funny videos', 'New kanjoos videos', 'Tillu family videos', 'Funny tik tok videos', 'Naukrani sanki malik videos', 'Olida and imdat Naukrani video', 'Til tok naukrani Bideo', 'Tik tok Tillu videos', 'New funny video', 'New Tik tok kanjoos videos']",टिम्मी देख मैं कलर लेके आया हूं। थोड़ा लगा दूं? हां लगा ले लेकिन थोड़ा सा। हे लगा दिया। क्या किया तूने टिल्लू? टिम्मी ने मुझे अपने हाथों से कलर लगाया। टिल्लू आ गया स्कूल से। जा हाथ मुंह धो ले। नहीं मम्मी मैं नहीं धोऊंगा वरना टिम्मी की लंग टली जाएगी। टिल्लू तेरे दोस्त बुला रहे हैं। जाके होली खेल ले। नहीं पापा वरना इस लंग के ऊपर कोई और लंग लगा देगा। ये यहां क्यों बैठा है? हैप्पी होली टिल्लू।,UCvi4a7mPeq1cv1EYQK4tzRA,OLIDA  Vlogs and Vines,94525156,544785,224,0,2026-03-04T14:24:33Z,,,,,PT36S,36,2d,hd,false,rectangular,True,public,youtube,True,True,False,,[],[],23,hi,en,"['https://en.wikipedia.org/wiki/Entertainment', 'https://en.wikipedia.org/wiki/Film', 'https://en.wikipedia.org/wiki/Humour']",[],https://i.ytimg.com/vi/s5qIWKpLbvY/default.jpg,https://i.ytimg.com/vi/s5qIWKpLbvY/maxresdefault.jpg,,,,,,Nicho 1 (Esquetes)
nkzKOGmEwXM,Bath Time Routine #short #explore #childhood #nostalgia #funny #comedy #relatable #memories #games,,[],ഇത黒いフラフライでも夢を諦めくネスプレイ子供たいにほらほら俺はまだまだジャスボイ体充点時め [音楽] [音楽] 周りが動くスピード[音楽]にあ、止まら ねえよ。胸がブンブン小さな悪魔の ライゼン [音楽],UCQPTbtadNWcPYuoS3JqkpYw,Baccha Mat Bolna,76075185,987645,5590,0,2026-01-17T12:29:39Z,,,,,PT45S,45,2d,hd,false,rectangular,True,public,youtube,True,True,False,,[],[],23,hi,en,['https://en.wikipedia.org/wiki/Lifestyle_(sociology)'],[],https://i.ytimg.com/vi/nkzKOGmEwXM/default.jpg,https://i.ytimg.com/vi/nkzKOGmEwXM/maxresdefault.jpg,,,,,,Nicho 1 (Esquetes)
griD79izymw,Tillu ki Favourite Bournvita😋🧋#shorts #comedy #funny #olidavines,"Guys if you Love Naukrani, Sanki Malik, Kanjoos Videos and Many More funny Contents please SUBSCRIBE LIKE and SHARE🙏❤️




This Videos are Created by Olida and Imdad, Using without Permission are strictly Prohibited 🚫. 




New comedy video
Funny YouTube shorts
New tik tok video
Funny comedy video","['Olida and Imdat', 'Olida vlogs', 'Funny naukrani videos', 'Olida imdat funny videos', 'New kanjoos videos', 'Tillu family videos', 'Funny tik tok videos', 'Naukrani sanki malik videos', 'Olida and imdat Naukrani video', 'Til tok naukrani Bideo', 'Tik tok Tillu videos', 'New funny video', 'New Tik tok kanjoos videos']","टिल्लू दूध पी ले आकर। साथ में बोनविटा भी डाला है। बोनविटा मीठी नहीं है। दो-तीन चम्मच और डाल देता हूं। मजा आ गया। बोनविटा दीदी, ये क्या कर रही हो? दूध के साथ पीटि है। अरे ऐसे खा कर देख। डबल मजा आता है। अरे वाओ। इल्लू, टिफिन में क्या लाया? लो के अंदर बोनबीटा डाल के लाया हूं। खाइए। वाओ इतनी टेस्टी। अच्छा कल पूरा डब्बा ले आऊंगा और टीम का दिल जीत लूंगा।",UCvi4a7mPeq1cv1EYQK4tzRA,OLIDA  Vlogs and Vines,80267438,476531,173,0,2026-01-29T13:56:05Z,,,,,PT37S,37,2d,hd,false,rectangular,True,public,youtube,True,True,False,,[],[],23,hi,en,"['https://en.wikipedia.org/wiki/Entertainment', 'https://en.wikipedia.org/wiki/Film', 'https://en.wikipedia.org/wiki/Humour']",[],https://i.ytimg.com/vi/griD79izymw/default.jpg,https://i.ytimg.com/vi/griD79izymw/maxresdefault.jpg,,,,,,Nicho 1 (Esquetes)
5C4LpJLPWGE,Mansi ki Holi 🤪😱 #shorts #comedyshorts #funnyshorts,"mother and daughter games shorts video bhai behen ka pyar love shorts mother and daughter games shorts video
#funny #magic #comedyvideos #comedy #cutebaby #shortvideos #cute #prank #sad #funny #viral","['popular shorts video', 'bhai behen ka pyar', 'games shorts', 'humanity shorts', 'sad shorts video', 'motivational shorts', 'comedy video', 'love shorts', 'brother sister', 'dance video', 'cute girl shorts', 'mummy papa', 'fun with family', 'haryanvi comedy', 'sad shorts', 'school life shorts', 'animals shorts video', 'friends funny video', 'holi funny video', 'top 10 shorts video', 'village family']","दीदी, मुझे होली वाला गुलाल दे दो। ये लो। मम्मा, मुझे पिचकारी दे दो। ये लो। ओह नो। दीदी, मुझे कलर वाला स्प्रे दे दो। अच्छा, ये लो। मम्मा, मुझे बहुत सारी बातें गन दे दो। अच्छा, बहुत सारी पिचकारी चाहिए। ये लो। वाह! मुझे इतनी सारी कला और पिचकारी मिल गई। अबे मैं जैसे होली खेलूंगी।",UCwtV1ZK5Bh5QiNKoQ_TZjEw,Rudra Ranwa,82309013,489153,0,0,2026-03-10T13:47:16Z,,,,,PT30S,30,2d,hd,false,rectangular,True,public,youtube,True,True,True,,[],[],23,hi,en,['https://en.wikipedia.org/wiki/Entertainment'],[],https://i.ytimg.com/vi/5C4LpJLPWGE/default.jpg,https://i.ytimg.com/vi/5C4LpJLPWGE/maxresdefault.jpg,,,,,,Nicho 1 (Esquetes)
Liftihnr4y4,Tillu Gets a Laser Light🔦😝#shorts #comedy #funny #olidavines,"Guys if you Love Naukrani, Sanki Malik, Kanjoos Videos and Many More funny Contents please SUBSCRIBE LIKE and SHARE🙏❤️




This Videos are Created by Olida and Imdad, Using without Permission are strictly Prohibited 🚫. 




New comedy video
Funny YouTube shorts
New tik tok video
Funny comedy video","['Olida and Imdat', 'Olida vlogs', 'Funny naukrani videos', 'Olida imdat funny videos', 'New kanjoos videos', 'Tillu family videos', 'Funny tik tok videos', 'Naukrani sanki malik videos', 'Olida and imdat Naukrani video', 'Til tok naukrani Bideo', 'Tik tok Tillu videos', 'New funny video', 'New Tik tok kanjoos videos']",फाइनली मुझे अपना लेदर लाइट मिल गया। लल्लू क्या कर रहा है? आंखों में नहीं मारते। आंख खराब हो जाएगी। इतने तो स्पाइडलमैन भी निकलता है। वाओ दो को दिखाऊंगा। दीदी आपके गाल में कुछ है क्या? अरे नहीं गले में नहीं साइड में। टिल्लू निकल जा यहां से। नो नो नो नो पापा को इलिटेट करता हूं। इधर दे इसे। ना अब देखता हूं कैसे परेशान करेगा तू। मंगल भ,UCvi4a7mPeq1cv1EYQK4tzRA,OLIDA  Vlogs and Vines,62947659,335430,81,0,2026-01-10T12:02:20Z,,,,,PT36S,36,2d,hd,false,rectangular,True,public,youtube,True,True,False,,[],[],23,hi,en,"['https://en.wikipedia.org/wiki/Entertainment', 'https://en.wikipedia.org/wiki/Film', 'https://en.wikipedia.org/wiki/Humour']",[],https://i.ytimg.com/vi/Liftihnr4y4/default.jpg,https://i.ytimg.com/vi/Liftihnr4y4/maxresdefault.jpg,,,,,,Nicho 1 (Esquetes)
VRWecpC1Nf4,Tillu ki Ghar main Swimming Pool🌊🤣#shorts #comedy #funny #olidavines,"Guys if you Love Naukrani, Sanki Malik, Kanjoos Videos and Many More funny Contents please SUBSCRIBE LIKE and SHARE🙏❤️




This Videos are Created by Olida and Imdad, Using without Permission are strictly Prohibited 🚫. 




New comedy video
Funny YouTube shorts
New tik tok video
Funny comedy video","['Olida and Imdat', 'Olida vlogs', 'Funny naukrani videos', 'Olida imdat funny videos', 'New kanjoos videos', 'Tillu family videos', 'Funny tik tok videos', 'Naukrani sanki malik videos', 'Olida and imdat Naukrani video', 'Til tok naukrani Bideo', 'Tik tok Tillu videos', 'New funny video', 'New Tik tok kanjoos videos']","बच्चों देखो, मैं क्या लेकर आया हूं। स्विमिंग पूल। पापा ये मेरे लिए है ना? ज्यादा उछल मत। ये हम दोनों का है। लड़ना बंद करो और इसे फुलाना शुरू कर दो। अबे गोचू तेरी सांस खत्म हो जाएगी लेकिन ये नहीं फूलेगा। देख इलेक्ट्रिक पंप से 2 मिनट में फूल जाएगा। ये फूल फूल है। लो फूल गया। वाओ ये तो मुझसे भी भला है। पानी नहीं भरना क्या? बल जा बल जा जल्दी बल जा। आज तू है पानी पानी हे पानी बनके हो गया टंकी खाली हो गया अब कल ही भरना",UCvi4a7mPeq1cv1EYQK4tzRA,OLIDA  Vlogs and Vines,69046350,434930,115,0,2026-02-27T14:22:03Z,,,,,PT36S,36,2d,hd,false,rectangular,True,public,youtube,True,True,False,,[],[],23,hi,en,"['https://en.wikipedia.org/wiki/Entertainment', 'https://en.wikipedia.org/wiki/Film', 'https://en.wikipedia.org/wiki/Humour']",[],https://i.ytimg.com/vi/VRWecpC1Nf4/default.jpg,https://i.ytimg.com/vi/VRWecpC1Nf4/maxresdefault.jpg,,,,,,Nicho 1 (Esquetes)
hAUDIUWjLrc,एक तो चोरी ऊपर से सीना जोरी 😜🤪 Comedy Shorts #comedy #funny #trending #shorts #youtubeshorts,"एक तो चोरी ऊपर से सीना जोरी 😜🤪 Comedy Shorts #comedy #funny #trending #shorts #youtubeshorts 

Keywords:-
keshav shashi vlogs,
Keshav shashi vlog,
Keshav shashi block,
keshav shashi shorts,
keshav shashi funny video,
hansi wali video,
tik tok video,
tiktok,
tiktok new video,
twist in end,
twist in end shorts,
try not to laugh,
try not to laugh challenge,
Viral Shorts Video,
Trending Shorts Video,
Viral Prank Video,
Trending Prank Video,
nitin mridul,

funny video funny video,
funny video movie scene,
funny video reaction,
funny video sab lool hai,
funny video bhojpuri,
funny video short,
funny video comedy,
funny video tik tok,
funny video statuss,
funny video 2025,
funny shorts,
funny shorts video,
funny shorts tiktok,
funny shorts in hindi,
funny shorts dushyant kukreja,
funny shorts memes,
comedy video tik tok,

comedy video kapil sharma,
comedy video movie,
comedy video short,
comedy video comedy video,
comedy video status,
hindi comedy video,
comedy shorts,
comedy shorts video,
comedy shorts in hindi,
kaam wali comedy shorts,
stand up comedy,

#comedy #haryanvicomedy #haryanvi #ytshort #haryana #shortsfeed #shortsyoutube #shortsvideo 

#sasbahukicomedy #sasbahukinokjhok #sasbahustory #sasbahucomedy 

#parashthakralvlogs #pubgmobile #soravjoshi #souravjoshivlogs #familyfitness #family #familyvlog #themridul #myfamily 

#shortsbreak #keshavshashivlogs","['Comedy video', 'Haryanvi comedy', 'Hindi Comedy video', 'funny comedy shorts', 'funny video', 'funny video haryanvi', 'haryanvi comedy video', 'keshav shashi vlogs', 'latest haryanvi jokes', 'new haryanvi jokes', 'shorts', 'viral comedy shorts', 'funny shorts', 'comedy shorts', 'sas bahu ki comedy', 'Viral', 'Reel', 'Trending', 'Comedy', 'Funny', 'Short', 'Ytshorts', 'Keshav', 'Shashi', 'Jokes', 'vlogs', 'Family']",मुझे मार मुझे मार मार मुझे अरे बाबा,UClyw32fdzLCsqbkfzhdrtXA,Keshav Shashi Vlogs,57159305,425720,801,0,2026-02-07T10:31:56Z,,,,,PT25S,25,2d,hd,false,rectangular,True,public,youtube,True,True,False,,[],[],22,hi,en-IN,"['https://en.wikipedia.org/wiki/Entertainment', 'https://en.wikipedia.org/wiki/Film', 'https://en.wikipedia.org/wiki/Humour']",[],https://i.ytimg.com/vi/hAUDIUWjLrc/default.jpg,https://i.ytimg.com/vi/hAUDIUWjLrc/maxresdefault.jpg,,,,,,Nicho 1 (Esquetes)
19o7eLqjlMQ,KanJoos ki Ghar main CARPET🏡😝#shorts #comedy #funny #olidavines,"Guys if you Love Naukrani, Sanki Malik, Kanjoos Videos and Many More funny Contents please SUBSCRIBE LIKE and SHARE🙏❤️




This Videos are Created by Olida and Imdad, Using without Permission are strictly Prohibited 🚫. 




New comedy video
Funny YouTube shorts
New tik tok video
Funny comedy video","['Olida and Imdat', 'Olida vlogs', 'Funny naukrani videos', 'Olida imdat funny videos', 'New kanjoos videos', 'Tillu family videos', 'Funny tik tok videos', 'Naukrani sanki malik videos', 'Olida and imdat Naukrani video', 'Til tok naukrani Bideo', 'Tik tok Tillu videos', 'New funny video', 'New Tik tok kanjoos videos']",टिल्लू की मम्मी देखो मैं क्या लेकर आया। हे आप नया कारपेट ले आए। ये घर में नया कारपेट बेचेगा। ये नहीं टिल्लू आकर मेरी मदद कर। नो नो मम्मी मैं कहां हूं? मुझे ढूंढो। टिल्लू इधर क्या कर रहा है? जल्दी आ कर खाना खा। नया कलपेट में बैठ कर खाऊंगा। ये क्या कर रहा है? अगर खाना गिर गया तो कारपेट गंदा हो जाएगा। चप्पल लेके क्यों आ रही हो? कारपेट में दाग लग जाएगा। पी पी पी अगर इसके पहिए से करपेट फटा तो मैं तेरा चमड़ी फाड़ दूंगा।,UCvi4a7mPeq1cv1EYQK4tzRA,OLIDA  Vlogs and Vines,61417336,341786,95,0,2026-01-23T12:19:06Z,,,,,PT36S,36,2d,hd,false,rectangular,True,public,youtube,True,True,False,,[],[],23,hi,en,"['https://en.wikipedia.org/wiki/Entertainment', 'https://en.wikipedia.org/wiki/Film', 'https://en.wikipedia.org/wiki/Humour']",[],https://i.ytimg.com/vi/19o7eLqjlMQ/default.jpg,https://i.ytimg.com/vi/19o7eLqjlMQ/maxresdefault.jpg,,,,,,Nicho 1 (Esquetes)
1I-03lsX9Lc,Tillu ka Billu🐈🥰Part 2😍#shorts #comedy #funny #olidavines,"Guys if you Love Naukrani, Sanki Malik, Kanjoos Videos and Many More funny Contents please SUBSCRIBE LIKE and SHARE🙏❤️




This Videos are Created by Olida and Imdad, Using without Permission are strictly Prohibited 🚫. 




New comedy video
Funny YouTube shorts
New tik tok video
Funny comedy video","['Olida and Imdat', 'Olida vlogs', 'Funny naukrani videos', 'Olida imdat funny videos', 'New kanjoos videos', 'Tillu family videos', 'Funny tik tok videos', 'Naukrani sanki malik videos', 'Olida and imdat Naukrani video', 'Til tok naukrani Bideo', 'Tik tok Tillu videos', 'New funny video', 'New Tik tok kanjoos videos']","इधर आ, इधर आ। दीदी, ये तो अब हमारी बात भी समझने लगी है। कैसे नहीं समझेगी? हम इसे इतना प्यार से करते हैं। है ना? मम्मी मम्मी मुझे बहुत भूख लगी है। रुक जा तू। पहले अपने बिल्लू को दूध पिला देती हूं। पी ले बेटा आराम से पी ले। थक गया हूं। पापा आ गए। मेरे लिए क्या लेकर आया हूं? पापा। कुछ भी नहीं। मैं तो अपने बिल्लू के लिए ट्रीट लेकर आया हूं। किधर है वो? म्या लगता है अब दादा दादी बिल्लू के नाम कर देंगे म्या म्याओ",UCvi4a7mPeq1cv1EYQK4tzRA,OLIDA  Vlogs and Vines,57145158,345849,173,0,2026-02-09T13:31:23Z,,,,,PT34S,34,2d,hd,false,rectangular,True,public,youtube,True,True,False,,[],[],23,hi,en,"['https://en.wikipedia.org/wiki/Entertainment', 'https://en.wikipedia.org/wiki/Film', 'https://en.wikipedia.org/wiki/Humour']",[],https://i.ytimg.com/vi/1I-03lsX9Lc/default.jpg,https://i.ytimg.com/vi/1I-03lsX9Lc/maxresdefault.jpg,,,,,,Nicho 1 (Esquetes)
LYNxYJLdZcI,French Fries❌Aloo Fries✅🍟🤣#shorts #comedy #funny #olidavines,"Guys if you Love Naukrani, Sanki Malik, Kanjoos Videos and Many More funny Contents please SUBSCRIBE LIKE and SHARE🙏❤️




This Videos are Created by Olida and Imdad, Using without Permission are strictly Prohibited 🚫. 




New comedy video
Funny YouTube shorts
New tik tok video
Funny comedy video","['Olida and Imdat', 'Olida vlogs', 'Funny naukrani videos', 'Olida imdat funny videos', 'New kanjoos videos', 'Tillu family videos', 'Funny tik tok videos', 'Naukrani sanki malik videos', 'Olida and imdat Naukrani video', 'Til tok naukrani Bideo', 'Tik tok Tillu videos', 'New funny video', 'New Tik tok kanjoos videos']",फ्रेंच फ्र्राइ? टिल्लू ये देख मेरी मम्मी ने टिफिन में क्या दिया है? ये तो आलू फ्राई है। अरे बुद्धू आलू फ्राई नहीं ये फ्रेंच फ्र्राइ है। मम्मी मुझे कल टिफिन में फ्रेंच फ्राई चाहिए। हे टिल्लू ये फ्रेंच फ्र्राइ क्या चीज है? अरे आलू फ्राई बोल रहा है। अंग्रेजी में फ्रेंच फ्र्राइ कहते हैं। अंग्रेजों के चोचले। पता नहीं कहां से सीखता है ये सब। टम्मी आज मैं भी फ्रेंच फ्र्राइ लेके आया हूं। देख टिल्लू ये तो आलू फ्राई है। टिम्मी ज्यादा अंग्रेज मत बन। तेरे आलू को फ्रेंच फ्र्राइ और मेरे आलू को आलू फ्राई। हट।,UCvi4a7mPeq1cv1EYQK4tzRA,OLIDA  Vlogs and Vines,58202422,351767,149,0,2026-01-19T13:38:49Z,,,,,PT35S,35,2d,hd,false,rectangular,True,public,youtube,True,True,False,,[],[],23,hi,en,"['https://en.wikipedia.org/wiki/Entertainment', 'https://en.wikipedia.org/wiki/Film', 'https://en.wikipedia.org/wiki/Humour']",[],https://i.ytimg.com/vi/LYNxYJLdZcI/default.jpg,https://i.ytimg.com/vi/LYNxYJLdZcI/maxresdefault.jpg,,,,,,Nicho 1 (Esquetes)
jcN44o0fF_4,Tillu vs Didi ka Birthday🎉😜 #shorts #comedy #funny #olidavines,"Guys if you Love Naukrani, Sanki Malik, Kanjoos Videos and Many More funny Contents please SUBSCRIBE LIKE and SHARE🙏❤️




This Videos are Created by Olida and Imdad, Using without Permission are strictly Prohibited 🚫. 




New comedy video
Funny YouTube shorts
New tik tok video
Funny comedy video","['Olida and Imdat', 'Olida vlogs', 'Funny naukrani videos', 'Olida imdat funny videos', 'New kanjoos videos', 'Tillu family videos', 'Funny tik tok videos', 'Naukrani sanki malik videos', 'Olida and imdat Naukrani video', 'Til tok naukrani Bideo', 'Tik tok Tillu videos', 'New funny video', 'New Tik tok kanjoos videos']","देखो मैं केक लेकर आ गया। केक पापा चलो कट कर लेते हैं। मेरा बर्थडे है। तू क्यों केक काटेगा? पापा इसे फ्रिज में रख दो। अभी डेकोरेशन बाकी है। जल्दी-जल्दी बैलूंस लगा देती हूं। बलून खोलने में बहुत मजा आता है। बदतमीजी क्यों कर रहा है टिल्लू? दीदी, अब केक कट कर ले। अरे नहीं, पहले मैं तैयार होकर आती हूं। दीदी तो बहुत टाइम लगा ली है। आईडिया, जल्दी निकल टिल्लू। कोई देख तो नहीं रहा। मस्त फोटो आई है। मम्मी पापा टिल्लू सब आ जाओ।",UCvi4a7mPeq1cv1EYQK4tzRA,OLIDA  Vlogs and Vines,58269402,369915,112,0,2026-02-19T13:56:14Z,,,,,PT36S,36,2d,hd,false,rectangular,True,public,youtube,True,True,False,,[],[],23,hi,en,"['https://en.wikipedia.org/wiki/Entertainment', 'https://en.wikipedia.org/wiki/Film', 'https://en.wikipedia.org/wiki/Humour']",[],https://i.ytimg.com/vi/jcN44o0fF_4/default.jpg,https://i.ytimg.com/vi/jcN44o0fF_4/maxresdefault.jpg,,,,,,Nicho 1 (Esquetes)
nhQ9zRBh8IM,That one Strong Student in School 🤣 #shorts #teratrigun #comedy #schoolstudent #teachercomedy,That one Strong Student in School 🤣 #shorts #teratrigun #comedy #schoolstudent #teachercomedy,[],"बेटा क्या बजा रहे हो? ये सुबह खाना नहीं खा के आते क्या? बिल्कुल एनर्जी नहीं है। त्रिगुण बेटा आप आओ आप बजाओ। त्रिगुण बेटा आराम से थोड़ा आराम से। वो मैम मैं स्ट्रांग हूं ना तो इतनी आवाज तो आएगी। रुक जा भाई पानी नहीं है। अरे भाई तेरे को बोला था ना पूल में पानी नहीं है। मत कूद। फिर कूद गया तू। उठ उठो। अब उठ चल। उठा नहीं जा रहा। ट्राई तो करो। अरे हां उठ। नहीं उठा जा रहा। आईडिया। स्टूडेंट [संगीत] हो वैसा जैसे जल्दी इसको मेडिकल रूम में लेकर चलो। त्रिगुण प्रेजेंट मैम। गुड मॉर्निंग मैम। मैम वो ना दो तीन लड़कों को भेज दो। क्यों? वो प्रिंसिपल मैम ने बोला है कि छोटे बच्चों के टॉयज आए हैं। कार, स्कूटर तो वो ऊपर रखवाने हैं फोर्थ फ्लोर पे। ठीक है ठीक है। हां जी। ये लड़कों जाओ तुम सब। रुको। तुम लोग बैठो। मैं अकेला ही काफी हूं। बेटा, नीचे से फोर्थ फ्लोर पे सामान रखवाना है। कंफर्टेबल हो ना आप? रख दोगे? डोंट वरी मैम। मैं सब संभाल लूंगा। मैं चलता हूं। आप सब बच्चों को लेकर मेरे पीछे आओ। आपसे पहले पहुंच जाऊंगा। तुम ये सब अकेले ले आए। वो भी हम सबसे पहले। यस मैम। वेरी स्ट्रॉन्ग स्टूडेंट त्रिगुण। वेरी स्ट्रोंग। थैंक यू। थैंक यू मैम। थैंक यू। जिओ रे बाहुबली",UCWuBZJIucBpe-SCWUBuKUlg,Tera Trigun,41402971,510669,1424,0,2026-03-27T09:14:06Z,,,,,PT1M26S,86,2d,hd,false,rectangular,True,public,youtube,True,True,False,,[],[],23,hi,en,"['https://en.wikipedia.org/wiki/Entertainment', 'https://en.wikipedia.org/wiki/Film']",[],https://i.ytimg.com/vi/nhQ9zRBh8IM/default.jpg,https://i.ytimg.com/vi/nhQ9zRBh8IM/maxresdefault.jpg,,,,,,Nicho 1 (Esquetes)
mXRMf4sGXao,Tillu Ka Billu🐈😍 PART 3🥶#shorts #comedy #funny #olidavines,"Guys if you Love Naukrani, Sanki Malik, Kanjoos Videos and Many More funny Contents please SUBSCRIBE LIKE and SHARE🙏❤️




This Videos are Created by Olida and Imdad, Using without Permission are strictly Prohibited 🚫. 




New comedy video
Funny YouTube shorts
New tik tok video
Funny comedy video","['Olida and Imdat', 'Olida vlogs', 'Funny naukrani videos', 'Olida imdat funny videos', 'New kanjoos videos', 'Tillu family videos', 'Funny tik tok videos', 'Naukrani sanki malik videos', 'Olida and imdat Naukrani video', 'Til tok naukrani Bideo', 'Tik tok Tillu videos', 'New funny video', 'New Tik tok kanjoos videos']","बता बता मजा आ रहा है कि नहीं? टिल्लू ये क्या कर रहा है? दीदी बता दे बिल्लू का साला स्टेज खत्म हो जाएगा। तुम दोनों हटो यहां से। इसके खाने का टाइम हो गया। खा ले बेटे। ऐसे ही तुझे रोज मालिश कर दूंगी और तू जल्दी चलने लगेगा। अरे इसका तो डायपल खत्म हो गया। टेंशन मत लो। मैं ढेर सारा ले आया हूं। टिल्लू, तू भी एक दो पहन ले। रात को बेड में सुसु नहीं करेगा। दीदी, बिल्लू से मैंने एक चीज सीखा है। क्या? अगर कोई आपको ज्यादा तंग कर ले तो उसे नोच डालो।",UCvi4a7mPeq1cv1EYQK4tzRA,OLIDA  Vlogs and Vines,50987875,293560,135,0,2026-02-17T12:48:51Z,,,,,PT34S,34,2d,hd,false,rectangular,True,public,youtube,True,True,False,,[],[],23,hi,en,"['https://en.wikipedia.org/wiki/Entertainment', 'https://en.wikipedia.org/wiki/Film', 'https://en.wikipedia.org/wiki/Humour']",[],https://i.ytimg.com/vi/mXRMf4sGXao/default.jpg,https://i.ytimg.com/vi/mXRMf4sGXao/maxresdefault.jpg,,,,,,Nicho 1 (Esquetes)
4u3CjDoyXJ4,दिल के अरमां आंसुओं में बह गए 😜🤪 Comedy Shorts 🤣 #comedy #funny #shorts #trending #youtubeshorts,"दिल के अरमां आंसुओं में बह गए 😜🤪 Comedy Shorts 🤣 #comedy #funny #shorts #trending #youtubeshorts 

Keywords:-
keshav shashi vlogs,
Keshav shashi vlog,
Keshav shashi block,
keshav shashi shorts,
keshav shashi funny video,
hansi wali video,
tik tok video,
tiktok,
tiktok new video,
twist in end,
twist in end shorts,
try not to laugh,
try not to laugh challenge,
Viral Shorts Video,
Trending Shorts Video,
Viral Prank Video,
Trending Prank Video,
nitin mridul,

funny video funny video,
funny video movie scene,
funny video reaction,
funny video sab lool hai,
funny video bhojpuri,
funny video short,
funny video comedy,
funny video tik tok,
funny video statuss,
funny video 2025,
funny shorts,
funny shorts video,
funny shorts tiktok,
funny shorts in hindi,
funny shorts dushyant kukreja,
funny shorts memes,
comedy video tik tok,

comedy video kapil sharma,
comedy video movie,
comedy video short,
comedy video comedy video,
comedy video status,
hindi comedy video,
comedy shorts,
comedy shorts video,
comedy shorts in hindi,
kaam wali comedy shorts,
stand up comedy,

#comedy #haryanvicomedy #haryanvi #ytshort #haryana #shortsfeed #shortsyoutube #shortsvideo 

#sasbahukicomedy #sasbahukinokjhok #sasbahustory #sasbahucomedy 

#parashthakralvlogs #pubgmobile #soravjoshi #souravjoshivlogs #familyfitness #family #familyvlog #themridul #myfamily 

#shortsbreak #keshavshashivlogs","['Comedy video', 'Haryanvi comedy', 'Hindi Comedy video', 'funny comedy shorts', 'funny video', 'funny video haryanvi', 'haryanvi comedy video', 'keshav shashi vlogs', 'latest haryanvi jokes', 'new haryanvi jokes', 'shorts', 'viral comedy shorts', 'funny shorts', 'comedy shorts', 'sas bahu ki comedy', 'Viral', 'Reel', 'Trending', 'Comedy', 'Funny', 'Short', 'Ytshorts', 'Keshav', 'Shashi', 'Jokes', 'vlogs', 'Family']",आई मैं आई पैसा ही पैसा होगा। [हंसी] एक्सक्यूज मी। हां जी। दो गो होली गोली देना। 200 वाली चॉकलेट दे दो। और एक ये ब्रेड का पैकेट दे दो। कितने हुए? ₹500। ठीक है। मेरा पर्स? [हंसी] कहां? वो मेरा पर्स लगता है कहीं गिर गया। मैं कल दे दूं इसके पैसे। नहीं नहीं जी। हमारे यहां उधार नहीं चलती। आप ऐसा करो पैसे ले आना कल और सामान ले जाना। अरे भैया कोई बात नहीं इनके पैसे मैं दे दूंगा। थैंक यू भैया। कोई बात नहीं ऐसी हालत तो मैं करता ही रहता हूं। सो स्वीट थैंक यू सो मच। बहुत तेज हो रहे हो। कितने हुए भैया? ₹500। अब देखो अब देखो। [हंसी] क्या हुई? भाई ₹500। [हंसी],UClyw32fdzLCsqbkfzhdrtXA,Keshav Shashi Vlogs,49131318,631261,1304,0,2026-01-06T11:13:55Z,,,,,PT59S,59,2d,hd,false,rectangular,True,public,youtube,True,True,False,,[],[],22,hi,en-IN,"['https://en.wikipedia.org/wiki/Entertainment', 'https://en.wikipedia.org/wiki/Film']",[],https://i.ytimg.com/vi/4u3CjDoyXJ4/default.jpg,https://i.ytimg.com/vi/4u3CjDoyXJ4/maxresdefault.jpg,,,,,,Nicho 1 (Esquetes)
SfC1AdTH9Vw,Competition Song 😍 Dance 💃  Keshav Shashi Vlogs #shorts #trending #dance #song #viral,"Competition Song 😍 Dance 💃  Keshav Shashi Vlogs #shorts #trending #dance #song #viral 

Keywords:-
keshav shashi vlogs,
Keshav shashi vlog,
Keshav shashi block,
keshav shashi shorts,
keshav shashi funny video,
hansi wali video,
tik tok video,
tiktok,
tiktok new video,
twist in end,
twist in end shorts,
try not to laugh,
try not to laugh challenge,
Viral Shorts Video,
Trending Shorts Video,
Viral Prank Video,
Trending Prank Video,
nitin mridul,

funny video funny video,
funny video movie scene,
funny video reaction,
funny video sab lool hai,
funny video bhojpuri,
funny video short,
funny video comedy,
funny video tik tok,
funny video statuss,
funny video 2025,
funny shorts,
funny shorts video,
funny shorts tiktok,
funny shorts in hindi,
funny shorts dushyant kukreja,
funny shorts memes,
comedy video tik tok,

comedy video kapil sharma,
comedy video movie,
comedy video short,
comedy video comedy video,
comedy video status,
hindi comedy video,
comedy shorts,
comedy shorts video,
comedy shorts in hindi,
kaam wali comedy shorts,
stand up comedy,

#comedy #haryanvicomedy #haryanvi #ytshort #haryana #shortsfeed #shortsyoutube #shortsvideo 

#sasbahukicomedy #sasbahukinokjhok #sasbahustory #sasbahucomedy 

#parashthakralvlogs #pubgmobile #soravjoshi #souravjoshivlogs #familyfitness #family #familyvlog #themridul #myfamily 

#shortsbreak #keshavshashivlogs","['Comedy video', 'Haryanvi comedy', 'Hindi Comedy video', 'funny comedy shorts', 'funny video', 'funny video haryanvi', 'haryanvi comedy video', 'keshav shashi vlogs', 'latest haryanvi jokes', 'new haryanvi jokes', 'shorts', 'viral comedy shorts', 'funny shorts', 'comedy shorts', 'sas bahu ki comedy', 'Viral', 'Reel', 'Trending', 'Comedy', 'Funny', 'Short', 'Ytshorts', 'Keshav', 'Shashi', 'Jokes', 'vlogs', 'Family']",कभी ये,UClyw32fdzLCsqbkfzhdrtXA,Keshav Shashi Vlogs,37298644,575908,2584,0,2026-03-03T10:44:18Z,,,,,PT59S,59,2d,hd,false,rectangular,True,public,youtube,True,True,False,,[],[],22,hi,en-IN,"['https://en.wikipedia.org/wiki/Entertainment', 'https://en.wikipedia.org/wiki/Music_of_Asia', 'https://en.wikipedia.org/wiki/Performing_arts']",[],https://i.ytimg.com/vi/SfC1AdTH9Vw/default.jpg,https://i.ytimg.com/vi/SfC1AdTH9Vw/maxresdefault.jpg,,,,,,Nicho 1 (Esquetes)
eOKMpbzjjLc,When Tillu Gets a New CAT🐈🥰#shorts #comedy #funny #olidavines,"Guys if you Love Naukrani, Sanki Malik, Kanjoos Videos and Many More funny Contents please SUBSCRIBE LIKE and SHARE🙏❤️




This Videos are Created by Olida and Imdad, Using without Permission are strictly Prohibited 🚫. 




New comedy video
Funny YouTube shorts
New tik tok video
Funny comedy video","['Olida and Imdat', 'Olida vlogs', 'Funny naukrani videos', 'Olida imdat funny videos', 'New kanjoos videos', 'Tillu family videos', 'Funny tik tok videos', 'Naukrani sanki malik videos', 'Olida and imdat Naukrani video', 'Til tok naukrani Bideo', 'Tik tok Tillu videos', 'New funny video', 'New Tik tok kanjoos videos']","मम्मी देखो मैं किसको लेकर लाया हूं। छी, कहां से ये बिल्ली उठाकर ले आया? टिल्लू किसका बिल्ली है ये? तू कम था जो अब इसको भी पालूं। पापा किसी ने इसे लाते में फेंक दिया था। ये तल नहीं पाता इसीलिए मैं इसे घर ले आया। टिल्लू, इधर ला इसे। कितना क्यूट है। इसका चेहरा साफ कर देती हूं। खाले खाना। दीदी, ये तो लोती खा ही नहीं रही। अरे बिल्ली चूहा खाती है। चूहा वो कहां से लाऊं? बिचारा बहुत भूखा होगा। ये लो मैं इसके लिए कैट फूड लेकर आया हूं। चलो मैं इसको अपने हाथों से खिला देती हूं।",UCvi4a7mPeq1cv1EYQK4tzRA,OLIDA  Vlogs and Vines,49610795,319233,190,0,2026-02-06T13:32:55Z,,,,,PT36S,36,2d,hd,false,rectangular,True,public,youtube,True,True,False,,[],[],23,hi,en,"['https://en.wikipedia.org/wiki/Entertainment', 'https://en.wikipedia.org/wiki/Film', 'https://en.wikipedia.org/wiki/Humour', 'https://en.wikipedia.org/wiki/Pet']",[],https://i.ytimg.com/vi/eOKMpbzjjLc/default.jpg,https://i.ytimg.com/vi/eOKMpbzjjLc/maxresdefault.jpg,,,,,,Nicho 1 (Esquetes)
hfVxms2DIX4,जानवरों के Gajab कारनामें 😂 wait for twist 🤣 #funny #animals #shorts,"जानवरों के Gajab कारनामें 😂 wait for twist 🤣 #funny #animals #shorts

hansi wali video,
tik tok video,
tiktok,
tiktok new video,
twist in end,
twist in end shorts,
try not to laugh,
try not to laugh challenge,
Viral Shorts Video,
Trending Shorts Video,
Viral Prank Video,
Trending Prank Video,
nitin mridul,

funny video funny video,
funny video movie scene,
funny video reaction,
funny video sab lool hai,
funny video bhojpuri,
funny video short,
funny video comedy,
funny video tik tok,
funny video statuss,
funny video 2023,
funny shorts,
funny shorts video,
funny shorts tiktok,
funny shorts in hindi,
funny shorts dushyant kukreja,
funny shorts memes,
comedy video tik tok,

comedy video kapil sharma,
comedy video movie,
comedy video short,
comedy video comedy video,
comedy video status,
hindi comedy video,
comedy shorts,
comedy shorts video,
comedy shorts in hindi,
kaam wali comedy shorts,
stand up comedy,
#funny​ #facts​ 
#ytshorts​ 
#youtubeshorts​ 
#viralshorts​
#entertainment

Disclaimer 🙏
1. This video has no negative impact on the original works (It would actually be positive for them)
2. This video is also for teaching purposes.
3. It is not transformative in nature.
4. I only used bits and pieces of videos to get the point across where necessary.
--------------------------------------

Disclaimer____
Under Section 107 of the Copyright Act 1976, allowance is made for ""fair use"" for purposes such as criticism, commenting, news reporting, teaching, scholarship, and research. Fair use is a use permitted by copyright statute that might otherwise be infringing. Non-profit, educational or personal use tips the balance in favour of fair use.
---------------------------------------------
Contact Us for Copyright Related issues, Credit addition and deletion


Thanks for all YouTube family","['janwaron ke gajab karname', 'Janwaron ke funny karname', 'short video', 'shorts', ""shorts video'"", 'animals funny video', 'funny']",भाई जानवरों के गजब कारनामे भाई सबसे पहले इसको देखो यह बंदर पटाखे का पकड़ अपने बाप को पकड़ा देता है। ठीक है। चलो आओ पापा मजा आएगा बहुत। बाप रे भाई आज से पहले लगता था कि इंसान इंसान को परेशान करते हैं। लेकिन नहीं जानवर भी जानवर को परेशान करने लगे हैं। भाई कौन है बे?,UCOhVesOrhSm8gBniRF70_MA,Facts Bot,43598527,517816,396,0,2026-01-31T12:00:01Z,,,,,PT25S,25,2d,hd,false,rectangular,True,public,youtube,True,True,False,,[],[],24,hi,hi,"['https://en.wikipedia.org/wiki/Entertainment', 'https://en.wikipedia.org/wiki/Humour']",[],https://i.ytimg.com/vi/hfVxms2DIX4/default.jpg,https://i.ytimg.com/vi/hfVxms2DIX4/maxresdefault.jpg,,,,,,Nicho 1 (Esquetes)
jtOX6d23Rkc,Holi Ke Ek Din Baad Har Baccha...😭😂#shorts #comedy #ytshorts #holi,Holi Ke Ek Din Baad Har Baccha...😭😂#shorts #comedy #ytshorts #holi,"['Holi Ke Ek Din Baad Har Baccha', 'holi ke baad comedy', 'holi comedy', 'nukkad viness', 'after holi', 'one day befor holi', 'comedy video', 'colour hack', 'viral']","[ERRO_ConnectionError]: HTTPSConnectionPool(host='www.youtube.com', port=443): Max retries exceeded with",UCxKM8Q5ui3DfC1eTi2NP0fA,Nukkad viness,34230653,300736,1133,0,2026-03-08T11:30:12Z,,,,,PT1M6S,66,2d,hd,false,rectangular,True,public,youtube,True,True,False,,[],[],24,hi,en-IN,"['https://en.wikipedia.org/wiki/Entertainment', 'https://en.wikipedia.org/wiki/Film']",[],https://i.ytimg.com/vi/jtOX6d23Rkc/default.jpg,https://i.ytimg.com/vi/jtOX6d23Rkc/maxresdefault.jpg,,,,,,Nicho 1 (Esquetes)
Kz9XKo3eae4,Tillu ka Tent House⛺️🤣#shorts #comedy #funny #olidavines,"Guys if you Love Naukrani, Sanki Malik, Kanjoos Videos and Many More funny Contents please SUBSCRIBE LIKE and SHARE🙏❤️




This Videos are Created by Olida and Imdad, Using without Permission are strictly Prohibited 🚫. 




New comedy video
Funny YouTube shorts
New tik tok video
Funny comedy video","['Olida and Imdat', 'Olida vlogs', 'Funny naukrani videos', 'Olida imdat funny videos', 'New kanjoos videos', 'Tillu family videos', 'Funny tik tok videos', 'Naukrani sanki malik videos', 'Olida and imdat Naukrani video', 'Til tok naukrani Bideo', 'Tik tok Tillu videos', 'New funny video', 'New Tik tok kanjoos videos']","[ERRO_ConnectionError]: HTTPSConnectionPool(host='www.youtube.com', port=443): Max retries exceeded with",UCvi4a7mPeq1cv1EYQK4tzRA,OLIDA  Vlogs and Vines,47309985,310790,129,0,2026-03-06T14:53:47Z,,,,,PT34S,34,2d,hd,false,rectangular,True,public,youtube,True,True,False,,[],[],23,hi,en,"['https://en.wikipedia.org/wiki/Entertainment', 'https://en.wikipedia.org/wiki/Film', 'https://en.wikipedia.org/wiki/Humour']",[],https://i.ytimg.com/vi/Kz9XKo3eae4/default.jpg,https://i.ytimg.com/vi/Kz9XKo3eae4/maxresdefault.jpg,,,,,,Nicho 1 (Esquetes)
bsOtBPX4IUc,लड़ुआ😂 #anandraja #comedy #comedyshorts #funny #shorts,,[],"[ERRO_ConnectionError]: HTTPSConnectionPool(host='www.youtube.com', port=443): Max retries exceeded with",UC_l1E50_r3p1Gv4_sLYNizg,Anand raja official,40109669,599781,1764,0,2026-01-13T03:54:59Z,,,,,PT3M1S,181,2d,hd,false,rectangular,True,public,youtube,True,True,False,,[],[],23,hi,en,"['https://en.wikipedia.org/wiki/Entertainment', 'https://en.wikipedia.org/wiki/Film']",[],https://i.ytimg.com/vi/bsOtBPX4IUc/default.jpg,https://i.ytimg.com/vi/bsOtBPX4IUc/maxresdefault.jpg,,,,,,Nicho 1 (Esquetes)
iAaJyhssV1o,प्यार किया तो डरना क्या 😜🤪 Comedy Reels #funny #comedy #shorts #viral #youtubeshorts,"प्यार किया तो डरना क्या 😜🤪 Comedy Reels #funny #comedy #shorts #viral #youtubeshorts  

Keywords:-
keshav shashi vlogs,
Keshav shashi vlog,
Keshav shashi block,
keshav shashi shorts,
keshav shashi funny video,
hansi wali video,
tik tok video,
tiktok,
tiktok new video,
twist in end,
twist in end shorts,
try not to laugh,
try not to laugh challenge,
Viral Shorts Video,
Trending Shorts Video,
Viral Prank Video,
Trending Prank Video,
nitin mridul,

funny video funny video,
funny video movie scene,
funny video reaction,
funny video sab lool hai,
funny video bhojpuri,
funny video short,
funny video comedy,
funny video tik tok,
funny video statuss,
funny video 2025,
funny shorts,
funny shorts video,
funny shorts tiktok,
funny shorts in hindi,
funny shorts dushyant kukreja,
funny shorts memes,
comedy video tik tok,

comedy video kapil sharma,
comedy video movie,
comedy video short,
comedy video comedy video,
comedy video status,
hindi comedy video,
comedy shorts,
comedy shorts video,
comedy shorts in hindi,
kaam wali comedy shorts,
stand up comedy,

#comedy #haryanvicomedy #haryanvi #ytshort #haryana #shortsfeed #shortsyoutube #shortsvideo 

#sasbahukicomedy #sasbahukinokjhok #sasbahustory #sasbahucomedy 

#parashthakralvlogs #pubgmobile #soravjoshi #souravjoshivlogs #familyfitness #family #familyvlog #themridul #myfamily 

#shortsbreak #keshavshashivlogs","['Comedy video', 'Haryanvi comedy', 'Hindi Comedy video', 'funny comedy shorts', 'funny video', 'funny video haryanvi', 'haryanvi comedy video', 'keshav shashi vlogs', 'latest haryanvi jokes', 'new haryanvi jokes', 'shorts', 'viral comedy shorts', 'funny shorts', 'comedy shorts', 'sas bahu ki comedy', 'Viral', 'Reel', 'Trending', 'Comedy', 'Funny', 'Short', 'Ytshorts', 'Keshav', 'Shashi', 'Jokes', 'vlogs', 'Family']","[ERRO_ConnectionError]: HTTPSConnectionPool(host='www.youtube.com', port=443): Max retries exceeded with",UClyw32fdzLCsqbkfzhdrtXA,Keshav Shashi Vlogs,35286973,578009,1491,0,2026-01-05T11:09:58Z,,,,,PT1M6S,66,2d,hd,false,rectangular,True,public,youtube,True,True,False,,[],[],22,hi,en-IN,"['https://en.wikipedia.org/wiki/Entertainment', 'https://en.wikipedia.org/wiki/Film']",[],https://i.ytimg.com/vi/iAaJyhssV1o/default.jpg,https://i.ytimg.com/vi/iAaJyhssV1o/maxresdefault.jpg,,,,,,Nicho 1 (Esquetes)
5V85_dGZsoc,Invention of Bread...,"this video is buns

Subscribe and like for more skits #shorts

All My Links:
https://linktr.ee/mobowl

Socials:
Tiktok: https://www.tiktok.com/@mobotv
IG: https://www.instagram.com/mobootv/
Discord: https://discord.gg/F7JSJPMcHt
Gaming YouTube: https://www.youtube.com/mobo1","['gaming skits', 'funny', 'comedy', 'comedy skits', 'gamers', 'gaming memes', 'comedy skit', 'sketch comedy', 'fyp', 'humor', 'humour', 'mobo speedrun', 'untold superheroes', 'invention of the clock parody', 'history parody funny', 'invention funny', 'how soda was invented', 'how pop was invented funny', 'invention of chocolate funny', 'the first chocolate bar', 'invention of soap funny', 'invention of hygiene funny', 'invention of sauce funny', 'invention of glass funny', 'invention of bread', 'invention of bread funny']","[ERRO_ConnectionError]: HTTPSConnectionPool(host='www.youtube.com', port=443): Max retries exceeded with",UCJswRv22oiUgmT1FuFeUekw,I am MoBo,45951429,2147481,11313,0,2026-02-15T19:05:16Z,,,,,PT1M14S,74,2d,hd,false,rectangular,True,public,youtube,True,True,False,,[],[],23,en,en,['https://en.wikipedia.org/wiki/Entertainment'],[],https://i.ytimg.com/vi/5V85_dGZsoc/default.jpg,https://i.ytimg.com/vi/5V85_dGZsoc/maxresdefault.jpg,,,,,,Nicho 1 (Esquetes)
f1CUl6FtbUs,26 जनवरी पर लड़कियां 😜🤪 Comedy Shorts #comedy #funny #shorts #trending #youtubeshorts,"26 जनवरी पर लड़कियां 😜🤪 Comedy Shorts #comedy #funny #shorts #trending #youtubeshorts 

Keywords:-
keshav shashi vlogs,
Keshav shashi vlog,
Keshav shashi block,
keshav shashi shorts,
keshav shashi funny video,
hansi wali video,
tik tok video,
tiktok,
tiktok new video,
twist in end,
twist in end shorts,
try not to laugh,
try not to laugh challenge,
Viral Shorts Video,
Trending Shorts Video,
Viral Prank Video,
Trending Prank Video,
nitin mridul,

funny video funny video,
funny video movie scene,
funny video reaction,
funny video sab lool hai,
funny video bhojpuri,
funny video short,
funny video comedy,
funny video tik tok,
funny video statuss,
funny video 2025,
funny shorts,
funny shorts video,
funny shorts tiktok,
funny shorts in hindi,
funny shorts dushyant kukreja,
funny shorts memes,
comedy video tik tok,

comedy video kapil sharma,
comedy video movie,
comedy video short,
comedy video comedy video,
comedy video status,
hindi comedy video,
comedy shorts,
comedy shorts video,
comedy shorts in hindi,
kaam wali comedy shorts,
stand up comedy,

#comedy #haryanvicomedy #haryanvi #ytshort #haryana #shortsfeed #shortsyoutube #shortsvideo 

#sasbahukicomedy #sasbahukinokjhok #sasbahustory #sasbahucomedy 

#parashthakralvlogs #pubgmobile #soravjoshi #souravjoshivlogs #familyfitness #family #familyvlog #themridul #myfamily 

#shortsbreak #keshavshashivlogs","['Comedy video', 'Haryanvi comedy', 'Hindi Comedy video', 'funny comedy shorts', 'funny video', 'funny video haryanvi', 'haryanvi comedy video', 'keshav shashi vlogs', 'latest haryanvi jokes', 'new haryanvi jokes', 'shorts', 'viral comedy shorts', 'funny shorts', 'comedy shorts', 'sas bahu ki comedy', 'Viral', 'Reel', 'Trending', 'Comedy', 'Funny', 'Short', 'Ytshorts', 'Keshav', 'Shashi', 'Jokes', 'vlogs', 'Family']","[ERRO_ConnectionError]: HTTPSConnectionPool(host='www.youtube.com', port=443): Max retries exceeded with",UClyw32fdzLCsqbkfzhdrtXA,Keshav Shashi Vlogs,36595132,661281,2920,0,2026-01-24T12:56:08Z,,,,,PT57S,57,2d,hd,false,rectangular,True,public,youtube,True,True,False,,[],[],22,hi,en-IN,"['https://en.wikipedia.org/wiki/Entertainment', 'https://en.wikipedia.org/wiki/Film']",[],https://i.ytimg.com/vi/f1CUl6FtbUs/default.jpg,https://i.ytimg.com/vi/f1CUl6FtbUs/maxresdefault.jpg,,,,,,Nicho 1 (Esquetes)
PWw1IXJ9_b4,Chocolate🍫 Kaha Chupaya🥶#shorts #comedy #funny #olidavines,"Guys if you Love Naukrani, Sanki Malik, Kanjoos Videos and Many More funny Contents please SUBSCRIBE LIKE and SHARE🙏❤️




This Videos are Created by Olida and Imdad, Using without Permission are strictly Prohibited 🚫. 




New comedy video
Funny YouTube shorts
New tik tok video
Funny comedy video","['Olida and Imdat', 'Olida vlogs', 'Funny naukrani videos', 'Olida imdat funny videos', 'New kanjoos videos', 'Tillu family videos', 'Funny tik tok videos', 'Naukrani sanki malik videos', 'Olida and imdat Naukrani video', 'Til tok naukrani Bideo', 'Tik tok Tillu videos', 'New funny video', 'New Tik tok kanjoos videos']",इतना साला चॉकलेट वाओ मजा आएगा। टिल्लू सारी चॉकलेट एक साथ खा लेगा क्या? नहीं मम्मी दांत में कीड़े लग जाएंगे। इधर दे इन्हें। छुपा के रख देती हूं। मम्मी प्लीज एक चॉकलेट दे दो। मुझे बहुत भूख लग रही है। खाना बन चुका है। लगा दूं? आ क्या कर लूं? आईडिया। फ्लिट के अंदर चेक करता हूं। ना। अरे इधर तो नहीं है। पक्का इन डब्बों के अंदर होगा। मम्मी ने कहां रख दिया। अरे बाप रे। मम्मी ने गेट के नीचे छुपा दिया। यह क्या ताली तो क्लिप मेल्ट हो,UCvi4a7mPeq1cv1EYQK4tzRA,OLIDA  Vlogs and Vines,40550658,228401,68,0,2026-02-02T13:12:28Z,,,,,PT33S,33,2d,hd,false,rectangular,True,public,youtube,True,True,False,,[],[],23,hi,en,"['https://en.wikipedia.org/wiki/Entertainment', 'https://en.wikipedia.org/wiki/Film', 'https://en.wikipedia.org/wiki/Humour']",[],https://i.ytimg.com/vi/PWw1IXJ9_b4/default.jpg,https://i.ytimg.com/vi/PWw1IXJ9_b4/maxresdefault.jpg,,,,,,Nicho 1 (Esquetes)
HMww4bcpKC0,भांग के Side Effects 😜🤪 Comedy Reels #comedy #funny #trending #shorts #holi,"भांग के Side Effects 😜🤪 Comedy Reels #comedy #funny #trending #shorts #holi 

Keywords:-
keshav shashi vlogs,
Keshav shashi vlog,
Keshav shashi block,
keshav shashi shorts,
keshav shashi funny video,
hansi wali video,
tik tok video,
tiktok,
tiktok new video,
twist in end,
twist in end shorts,
try not to laugh,
try not to laugh challenge,
Viral Shorts Video,
Trending Shorts Video,
Viral Prank Video,
Trending Prank Video,
nitin mridul,

funny video funny video,
funny video movie scene,
funny video reaction,
funny video sab lool hai,
funny video bhojpuri,
funny video short,
funny video comedy,
funny video tik tok,
funny video statuss,
funny video 2025,
funny shorts,
funny shorts video,
funny shorts tiktok,
funny shorts in hindi,
funny shorts dushyant kukreja,
funny shorts memes,
comedy video tik tok,

comedy video kapil sharma,
comedy video movie,
comedy video short,
comedy video comedy video,
comedy video status,
hindi comedy video,
comedy shorts,
comedy shorts video,
comedy shorts in hindi,
kaam wali comedy shorts,
stand up comedy,

#comedy #haryanvicomedy #haryanvi #ytshort #haryana #shortsfeed #shortsyoutube #shortsvideo 

#sasbahukicomedy #sasbahukinokjhok #sasbahustory #sasbahucomedy 

#parashthakralvlogs #pubgmobile #soravjoshi #souravjoshivlogs #familyfitness #family #familyvlog #themridul #myfamily 

#shortsbreak #keshavshashivlogs","['Comedy video', 'Haryanvi comedy', 'Hindi Comedy video', 'funny comedy shorts', 'funny video', 'funny video haryanvi', 'haryanvi comedy video', 'keshav shashi vlogs', 'latest haryanvi jokes', 'new haryanvi jokes', 'shorts', 'viral comedy shorts', 'funny shorts', 'comedy shorts', 'sas bahu ki comedy', 'Viral', 'Reel', 'Trending', 'Comedy', 'Funny', 'Short', 'Ytshorts', 'Keshav', 'Shashi', 'Jokes', 'vlogs', 'Family']",जी कहां गए? ओ यहां बैठा है। यू क्या बोला था तूने? मेरा बेटा सनी देओल है। सनी देओल। ये ये आ गया। ये सनी देओल? ये सनी देओल नहीं ये फटेरा है। बड़े किसी काम का नहीं। सनी पापा जी पापा जी। पापा जी नहीं ये पापी है पापी तूने मेरी जिंदगी नर्क बना दी मैनेजर साहब भी यहीं बैठे हैं क्यों मैनेजर साहब मैनेजर नहीं सास हूं तुम्हारी सांस नहीं तुम मेरी खुशियों पर कुंडली मारे बैठा था दो सारा दिन करता मम्मी मुझे मजाक कर रही है। अशोक को क्या तुझे? मेरा मैडम गौर ग करते करते मेरे गोले में डाल दिया। मुझे ये सब बिलकुल पसंद नहीं है। क्या हो रहा है बेटे? तेरी यही तो दिक्कत है। तुझे पसंद ही तो नहीं आता कुछ। सारा दिन बहुत बता। कहां बनाया खाना? कहां बनाया खाने में? क्या सारा मांग कर देगा और फिर कहेगा तुम्हारी बेटा मम्मी के हाथ वाली बात नहीं है मेरे बर्थडे जब तेरे को मेरे हाथ का कुछ पसंद ही नहीं तो मेरे गले में खासे क्यों लगाता है बहू हो तुम इस घर की क्या बोली मुझे बहू से भोकाल बनते टाइम नहीं लगता ये अब बोल क्या बोली नहीं तू बोल बेटा मैं कह रही हूं अगर इस घर में रहना है तो जैसा मैं बोलेगी वैसा तुम्हारा घर गया समझा अरे बाबू मम्मी पापा ही है नहीं चिमकांडी ये सब तेरी वजह से हो रहा है अरे तेरी क्या खत्म,UClyw32fdzLCsqbkfzhdrtXA,Keshav Shashi Vlogs,33571923,739726,5871,0,2026-03-04T09:31:21Z,,,,,PT2M17S,137,2d,hd,false,rectangular,True,public,youtube,True,True,False,,[],[],22,hi,en-IN,"['https://en.wikipedia.org/wiki/Entertainment', 'https://en.wikipedia.org/wiki/Film']",[],https://i.ytimg.com/vi/HMww4bcpKC0/default.jpg,https://i.ytimg.com/vi/HMww4bcpKC0/maxresdefault.jpg,,,,,,Nicho 1 (Esquetes)
pXNbW4l9wpA,Chori upar se sina jori😂 #anandraja #comedy #comedyshorts #funny #shorts #viral,,[],"[संगीत] [हंसी] योर फ़ लिंगिंग योर फ़ लिंगिंग आई अयो। [हंसी] ए बहिनी, सरला। हां दीदी। ब्याह बीत गया हो, तो बर्तन दे दो, ले जाऊं अपने घर? ले लो दीदी, यही तो है। दीदी, अपना ही बर्तन लेना, दूसरे का मत ले लेना। हां, अपना ही ले रहा हूं बहनी। इसी में बबली का बर्तन है ना अभी? अच्छा। एक बड़ी वाली थी, तीन छोटी वाली थाली। और, और एक भगौना भी था। दीदी, मेरा भगौना नहीं मिल रहा है। भगोना नहीं मिल रहा, पूनम आई भगोने लेके गई। कहीं तुम्हारा तो नहीं है। हां वही होगा। अरे सब दिन की चोटी नहीं है। रुको जाती हूं बताती हूं। बबली बहन देख लो यही चार बर्तन लेके आई हूं। तीन छोटी वाली थाली और एक बड़ी वाली थाली वो भी सरला के सामने लेके आई। पतीला तुम ही लाई हो? पतीला नहीं लाई हूं तुम्हारा। काहे जबरदस्ती कर रही हो तुम? जब मैं बोल रही हूं पतीला तुम ही लाई हो सब। तुम्हारा पतीला। सबसे पहले बर्तन तुम ही गई थी लाने। हां तो फिर मैं मानती हूं मैं सबसे पहले बर्तन लेके आई हूं। लेकिन तुम्हारा बर्तन नहीं लेके आई हूं। चलो अपना किचन दिखाओ। चलो देख लो अपना किचन। चलो सरला बहन ये मेरा पतीला लाई थी कि नहीं? हां पतीला लेके आई थी लेकिन ये जस्ताक था वो स्टील का भगोना था। बहन मेरे पास यही पतीला है। मैं यही लेके आई थी। मेरा जस्ता वाला पतीला है। मुझे पता है। पूनम बहन ये मेरे घर से पतीला नहीं लाई थी। जो पतीले लाई थी वो बड़ा था। बहने मैं यही पतीला लाई थी। कहां से जबरदस्ती करती हो तुम लोग? मैं यही पतीला लाई थी। ये पतीला मेरे अजिया ससुर ने दिया है। मुझे मुंह दिखाई दिए थे। और मेरे देवर ने मुझे बेलना दिया था। ये सुनो तुम सब दिन की चोटी हो। थरिया, गिलास, लोटा, बाल्टी, फल, कुदार सब चुरा लेती हूं। ठीक है? फूल नहीं चुरा रहे। हां चुराई तो थी। बबली वहां देखो क्या चमक रहा है देखो इधर से। हां यही तो है। के घर में जबरदस्ती [हंसी] ना तुम कितनी बड़ी चोटिल हो। बहनिया भगवान मेरी बहनियां दी थी। इसमें देखो मेरा नाम लिखा है। ये देखो वो नाम का है। अच्छा मेरा भी नाम लिखा है। ठीक है। लिखा है दिखा। हां रुको। ये देखो बबली। हां बबली तो लिखा है। देख अरे जाओ पूनम शर्म करो। चुल्लू भर पानी में डूब मरो। इतनी छोटी-छोटी सामान से चोरी करने से क्या मिलता है तुमको? यह देखो मेरा लोटा भी चुराए। ये लोटा मैं कितना दिन से ढूंढ रहे थे। बहन ये तुम्हारा लोटा नहीं है। लोटा मेरे पति तेरा ही खाने गए थे। तेरा बाब खाए तो उसमें मिला था ये लोटा। हम झूठ तो बोल [हंसी] रहे लोटा मेरा है। ठीक है। ले जाओ सब ले जाओ। उठा ले जाओ। हमारा घर पूरा उठा ले जाओ। तुम कभी नहीं सुधरोगे। ठीक है। चोटि जैसी शकल है। चोटि जैसी अकल भी है। [हंसी] टक",UC_l1E50_r3p1Gv4_sLYNizg,Anand raja official,32568136,565642,1960,0,2026-01-05T03:32:44Z,,,,,PT2M57S,177,2d,hd,false,rectangular,True,public,youtube,True,True,False,,[],[],23,hi,en,"['https://en.wikipedia.org/wiki/Entertainment', 'https://en.wikipedia.org/wiki/Film']",[],https://i.ytimg.com/vi/pXNbW4l9wpA/default.jpg,https://i.ytimg.com/vi/pXNbW4l9wpA/maxresdefault.jpg,,,,,,Nicho 1 (Esquetes)
eIasi1Hot2I,पापा की परी🧚‍♀️के करनामे 🤪😜 Comedy Shorts #funny #comedy #trending #shorts #viral,"पापा की परी🧚‍♀️के करनामे 🤪😜 Comedy Shorts #funny #comedy #trending #shorts #viral 

Keywords:-
keshav shashi vlogs,
Keshav shashi vlog,
Keshav shashi block,
keshav shashi shorts,
keshav shashi funny video,
hansi wali video,
tik tok video,
tiktok,
tiktok new video,
twist in end,
twist in end shorts,
try not to laugh,
try not to laugh challenge,
Viral Shorts Video,
Trending Shorts Video,
Viral Prank Video,
Trending Prank Video,
nitin mridul,

funny video funny video,
funny video movie scene,
funny video reaction,
funny video sab lool hai,
funny video bhojpuri,
funny video short,
funny video comedy,
funny video tik tok,
funny video statuss,
funny video 2025,
funny shorts,
funny shorts video,
funny shorts tiktok,
funny shorts in hindi,
funny shorts dushyant kukreja,
funny shorts memes,
comedy video tik tok,

comedy video kapil sharma,
comedy video movie,
comedy video short,
comedy video comedy video,
comedy video status,
hindi comedy video,
comedy shorts,
comedy shorts video,
comedy shorts in hindi,
kaam wali comedy shorts,
stand up comedy,

#comedy #haryanvicomedy #haryanvi #ytshort #haryana #shortsfeed #shortsyoutube #shortsvideo 

#sasbahukicomedy #sasbahukinokjhok #sasbahustory #sasbahucomedy 

#parashthakralvlogs #pubgmobile #soravjoshi #souravjoshivlogs #familyfitness #family #familyvlog #themridul #myfamily 

#shortsbreak #keshavshashivlogs","['Comedy video', 'Haryanvi comedy', 'Hindi Comedy video', 'funny comedy shorts', 'funny video', 'funny video haryanvi', 'haryanvi comedy video', 'keshav shashi vlogs', 'latest haryanvi jokes', 'new haryanvi jokes', 'shorts', 'viral comedy shorts', 'funny shorts', 'comedy shorts', 'sas bahu ki comedy', 'Viral', 'Reel', 'Trending', 'Comedy', 'Funny', 'Short', 'Ytshorts', 'Keshav', 'Shashi', 'Jokes', 'vlogs', 'Family']",बहू जी मम्मी जी जल्दी से काम खत्म करके कपड़े बदल लियो आज खेत में चलेंगे गेहूं काटने ठीक है मम्मी जी ठीक है बहू आजा जल्दी और कितना टाइम लगाएगी बस 5 मिनट आई मम्मी जी हा [संगीत] चलो मम्मी जी ये क्या पहन रखा है क्यों अच्छा नहीं लग रहा वहां पैदल नहीं जा रही तू खेत में काम करने जाना है। चल खेत वाले कपड़े पहन के आ। खेत वाले? हां खेत वाले। चल फटाफट से बदल के आ। हां जी मम्मी जी। अभी [हंसी] आई बस। चलो चलो भाई 11 बज के क्या हुआ? कहां? इसके भी मैडम का श्रृंगार पूरा तभी चले ना। आ रही है भाई। बस दो मिनट। अभी आ रही है। अबे मजा आ रही है। क्या कर रहा है? [हंसी] मैं हूं मम्मी जी। आपकी बहू [हंसी] मुझे क्या बेस है? ये तो मम्मी जी आप ही ने तो बोला था खेत वाली ड्रेस पहन के आ। लग रही हो ना खेत जैसी। [हंसी] और [हंसी],UClyw32fdzLCsqbkfzhdrtXA,Keshav Shashi Vlogs,33840018,608306,2253,0,2026-03-11T11:21:13Z,,,,,PT1M26S,86,2d,hd,false,rectangular,True,public,youtube,True,True,False,,[],[],22,hi,en-IN,"['https://en.wikipedia.org/wiki/Entertainment', 'https://en.wikipedia.org/wiki/Film']",[],https://i.ytimg.com/vi/eIasi1Hot2I/default.jpg,https://i.ytimg.com/vi/eIasi1Hot2I/maxresdefault.jpg,,,,,,Nicho 1 (Esquetes)
OIJHuUAZi3s,How To eat Grapes🍇🤣#shorts #comedy #funny #olidavines,"Guys if you Love Naukrani, Sanki Malik, Kanjoos Videos and Many More funny Contents please SUBSCRIBE LIKE and SHARE🙏❤️




This Videos are Created by Olida and Imdad, Using without Permission are strictly Prohibited 🚫. 




New comedy video
Funny YouTube shorts
New tik tok video
Funny comedy video","['Olida and Imdat', 'Olida vlogs', 'Funny naukrani videos', 'Olida imdat funny videos', 'New kanjoos videos', 'Tillu family videos', 'Funny tik tok videos', 'Naukrani sanki malik videos', 'Olida and imdat Naukrani video', 'Til tok naukrani Bideo', 'Tik tok Tillu videos', 'New funny video', 'New Tik tok kanjoos videos']",अंगुल को तोड़ लिया। अब ऊपर उछाल कर। एे खाने में डबल मजा आता है। टिल्लू उछाल कर नहीं खाते। शैतान के पेट में चला जाता है। टिल्लू दो चार अंगुल मुझे भी दे। ए नहीं दूंगा दीदी। आ कर लो। मैं फेंक कर आपके मुंह में डालूंगा। आ एक और दीदी एक और नो नो नो नो नो। हट नहीं चाहिए मुझे तेरा अंगूर। बचपन में मैं भी ऐसे ही खाता था। टिल्लू इधर देख। देखना कितना ऊपर उछालूंगा। नो नो नो नो नो। गले में तक,UCvi4a7mPeq1cv1EYQK4tzRA,OLIDA  Vlogs and Vines,34230963,184281,74,0,2026-01-25T10:42:34Z,,,,,PT32S,32,2d,hd,false,rectangular,True,public,youtube,True,True,False,,[],[],23,hi,en,"['https://en.wikipedia.org/wiki/Entertainment', 'https://en.wikipedia.org/wiki/Film', 'https://en.wikipedia.org/wiki/Humour']",[],https://i.ytimg.com/vi/OIJHuUAZi3s/default.jpg,https://i.ytimg.com/vi/OIJHuUAZi3s/maxresdefault.jpg,,,,,,Nicho 1 (Esquetes)
ZSpi2YCFK6s,Mausi Ka Badmash Beta ( Part-2 ) 😱💔 #shorts #ytshorts #Mausikabeta #comedy,Mausi Ka Badmash Beta ( Part-2 ) 😱💔 #shorts #ytshorts #Mausikabeta #comedy,"['Shorts', 'yt shorts', 'comedy', 'comedy video', 'comedy shorts', 'family comedy video', 'Mausi Ka Badmash Beta Part 2', 'lol', 'vines', 'family comedy', 'viral comedy video', 'funny', 'Part 2', 'Indian family comedy shorts', 'jaykeviness']","iPhone अपने बेटे को भी लेके आई बिस्किट लेके आना दुकान से तब तक अपना फ़ोन देके जा इसको मौसी देखो जय भैया आ गए तेरी तो बेटा जय हां मम्मी क्या कर रहा है तू इसको मार तो नहीं रहा है नहीं मम्मी कहां मार रहा हूं मैं तो इसको प्यार करता हूं ठीक है ठीक है विराज तुम बैठ के खाना खाओ हां मौसी तेरा तो गेम बचाना पड़ेगा। अरे यार तू यहां आ बेटा। अब तू यहां देख तेरी औकात मैं दिखाता हूं तुझे। याद हां ठीक है बहन मैं जा रही हूं। तू अपना ध्यान रखना। ठीक है। अरे एक बात बता तू मेरा वाइट वाला चुन्नी देखी है क्या? एकदम इन्होंने वक्त बदल दिया। जज्बात बदल दिए। अरे यार यह मौसी का वाइट चुन्नी मेरे को रखने क्यों दे दी? गंदा हो जाएगा तो मारेगी। हां भाई मारेगी क्योंकि मैं उसको गंदा कर दूंगा। अगर मम्मी को पता चला तो बहुत मारेगी। मौसी, ये वाला चुन्नी था क्या? हां बेटा यही वाला है। कहां था? ये किसने किया? अरे मौसी, ये तो बताऊं किसने किया है? ये किया है इसने। अब तू गया बेटा। अब तू गया देख। तेरी औकात मैं दिखाता हूं तुझे। यही करने लाई थी तेरे को। मम्मी मैं तो नहीं।",UCopTI48A60jV3x_VY7aEQnA,Jay Singh,28297882,471881,571,0,2026-01-29T15:30:33Z,,,,,PT1M46S,106,2d,hd,false,rectangular,True,public,youtube,True,True,False,,[],[],23,hi,en-IN,"['https://en.wikipedia.org/wiki/Entertainment', 'https://en.wikipedia.org/wiki/Film']",[],https://i.ytimg.com/vi/ZSpi2YCFK6s/default.jpg,https://i.ytimg.com/vi/ZSpi2YCFK6s/maxresdefault.jpg,,,,,,Nicho 1 (Esquetes)
sEfJJa70EYY,No Excuse on Holi 😁 #shorts #funny #holi,"Buy these products now on @AmazonInOfficial
https://app.lehlah.club/pc/168816",[],"चल आजा ईशु होली खेलते हैं। दीशू कहां है? दीशू को भी बुला ले। अरे यार वो नहीं आएगी। उसको होली से डर लगता है। ऊपर का फर्स्ट फ्लोर लॉक करके बैठी है। इधर आ इधर आ। ईशु, मैंने बोला तो है तेरे को। मेरे को होली नहीं खेलनी। अरे, मैं बुलाने थोड़ी आया हूं। मैं तो इसके साथ होली खेलने जा रहा था। तेरे लिए ये नई पिचकारी ली थी। सोच रहा हूं इसका क्या करूं? अच्छा, मेरे लिए? ठीक है, नीचे रख दे। मैं ले लूंगी। चल ठीक है। मैं इसको पूल के पास रख देता हूं। तू ले लियो। चल चल। अरे यार भिगा तो दिया इसका मुंह तो साफ पड़ा है। चल गुलाल लगाते हैं। हैप्पी होली।",UCga6uMv6x1mMOwolhD9cXAA,The Savage Siblings,31169528,312405,520,0,2026-03-02T05:00:39Z,,,,,PT1M11S,71,2d,hd,false,rectangular,True,public,youtube,True,True,False,,[],[],24,hi,en,"['https://en.wikipedia.org/wiki/Entertainment', 'https://en.wikipedia.org/wiki/Film']",[],https://i.ytimg.com/vi/sEfJJa70EYY/default.jpg,https://i.ytimg.com/vi/sEfJJa70EYY/maxresdefault.jpg,,,,,,Nicho 1 (Esquetes)
oOXLjUaZUNM,Scam By TILLU💸🤣#shorts #comedy #funny #olidavines,"Guys if you Love Naukrani, Sanki Malik, Kanjoos Videos and Many More funny Contents please SUBSCRIBE LIKE and SHARE🙏❤️




This Videos are Created by Olida and Imdad, Using without Permission are strictly Prohibited 🚫. 




New comedy video
Funny YouTube shorts
New tik tok video
Funny comedy video","['Olida and Imdat', 'Olida vlogs', 'Funny naukrani videos', 'Olida imdat funny videos', 'New kanjoos videos', 'Tillu family videos', 'Funny tik tok videos', 'Naukrani sanki malik videos', 'Olida and imdat Naukrani video', 'Til tok naukrani Bideo', 'Tik tok Tillu videos', 'New funny video', 'New Tik tok kanjoos videos']","इतने ताले पे थे चुपचाप उठा लेता हूं। ना बैंक अरे ये तो नकली है। आईडिया मम्मी आपके ₹500 गिर गए। ₹500 ला इधर दे। नहीं पहले मुझे ₹100 दो। बहुत शैतान हो गया है तू। ले। साले। दीदी बेड के नीचे ₹2 मिले। आपके फोकट में पैसे? हां मेरा है ना। पहले मुझे ₹50 दो। कमीने? ले। पापा, यह ₹1,000 आपके गिर गए। कहां है ₹1000? कहां है? यह देखो पापा।",UCvi4a7mPeq1cv1EYQK4tzRA,OLIDA  Vlogs and Vines,36323542,244947,87,0,2026-02-22T14:49:57Z,,,,,PT38S,38,2d,hd,false,rectangular,True,public,youtube,True,True,False,,[],[],23,hi,en,"['https://en.wikipedia.org/wiki/Entertainment', 'https://en.wikipedia.org/wiki/Film', 'https://en.wikipedia.org/wiki/Humour']",[],https://i.ytimg.com/vi/oOXLjUaZUNM/default.jpg,https://i.ytimg.com/vi/oOXLjUaZUNM/maxresdefault.jpg,,,,,,Nicho 1 (Esquetes)
77TcBr4uy6w,नया जमाना नया तरीका 😜🤪 Comedy Shorts #comedy #funny #trending #shorts #youtubeshorts,"नया जमाना नया तरीका 😜🤪 Comedy Shorts #comedy #funny #trending #shorts #youtubeshorts 

Keywords:-
keshav shashi vlogs,
Keshav shashi vlog,
Keshav shashi block,
keshav shashi shorts,
keshav shashi funny video,
hansi wali video,
tik tok video,
tiktok,
tiktok new video,
twist in end,
twist in end shorts,
try not to laugh,
try not to laugh challenge,
Viral Shorts Video,
Trending Shorts Video,
Viral Prank Video,
Trending Prank Video,
nitin mridul,

funny video funny video,
funny video movie scene,
funny video reaction,
funny video sab lool hai,
funny video bhojpuri,
funny video short,
funny video comedy,
funny video tik tok,
funny video statuss,
funny video 2025,
funny shorts,
funny shorts video,
funny shorts tiktok,
funny shorts in hindi,
funny shorts dushyant kukreja,
funny shorts memes,
comedy video tik tok,

comedy video kapil sharma,
comedy video movie,
comedy video short,
comedy video comedy video,
comedy video status,
hindi comedy video,
comedy shorts,
comedy shorts video,
comedy shorts in hindi,
kaam wali comedy shorts,
stand up comedy,

#comedy #haryanvicomedy #haryanvi #ytshort #haryana #shortsfeed #shortsyoutube #shortsvideo 

#sasbahukicomedy #sasbahukinokjhok #sasbahustory #sasbahucomedy 

#parashthakralvlogs #pubgmobile #soravjoshi #souravjoshivlogs #familyfitness #family #familyvlog #themridul #myfamily 

#shortsbreak #keshavshashivlogs","['Comedy video', 'Haryanvi comedy', 'Hindi Comedy video', 'funny comedy shorts', 'funny video', 'funny video haryanvi', 'haryanvi comedy video', 'keshav shashi vlogs', 'latest haryanvi jokes', 'new haryanvi jokes', 'shorts', 'viral comedy shorts', 'funny shorts', 'comedy shorts', 'sas bahu ki comedy', 'Viral', 'Reel', 'Trending', 'Comedy', 'Funny', 'Short', 'Ytshorts', 'Keshav', 'Shashi', 'Jokes', 'vlogs', 'Family']",डंग हस्बैंड का नाम क्या लिखूं दीदी? मुट्ठी में ही लिखवाएगी। मुट्ठी में जो कर रखा है मेरा बेटा। नहीं नहीं मम्मी जी। मैं बाकी लड़कियों की तरह थोड़ी ना हूं जो अपने पति को मुट्ठी में करूंगी। बहू तो कितनी अच्छी है। सास की ही सोच गलत है। भैया आप उंगलियों पे लिख दो। ठीक है मैडम जी। मैं तो उंगलियों पे नचा जाऊंगी। लिख दो लिख दो भैया। आप उंगलियों पे लिख दो। नहीं,UClyw32fdzLCsqbkfzhdrtXA,Keshav Shashi Vlogs,31833231,503132,1331,0,2026-01-30T08:20:11Z,,,,,PT36S,36,2d,hd,false,rectangular,True,public,youtube,True,True,False,,[],[],22,hi,en-IN,"['https://en.wikipedia.org/wiki/Entertainment', 'https://en.wikipedia.org/wiki/Film', 'https://en.wikipedia.org/wiki/Humour']",[],https://i.ytimg.com/vi/77TcBr4uy6w/default.jpg,https://i.ytimg.com/vi/77TcBr4uy6w/maxresdefault.jpg,,,,,,Nicho 1 (Esquetes)
Cp33-2TAWCw,Power of Wife 😜🤪 Comedy Shorts #funny #comedy #youtubeshorts #shorts #trending,"Power of Wife 😜🤪 Comedy Shorts #funny #comedy #youtubeshorts #shorts #trending 

Keywords:-
keshav shashi vlogs,
Keshav shashi vlog,
Keshav shashi block,
keshav shashi shorts,
keshav shashi funny video,
hansi wali video,
tik tok video,
tiktok,
tiktok new video,
twist in end,
twist in end shorts,
try not to laugh,
try not to laugh challenge,
Viral Shorts Video,
Trending Shorts Video,
Viral Prank Video,
Trending Prank Video,
nitin mridul,

funny video funny video,
funny video movie scene,
funny video reaction,
funny video sab lool hai,
funny video bhojpuri,
funny video short,
funny video comedy,
funny video tik tok,
funny video statuss,
funny video 2025,
funny shorts,
funny shorts video,
funny shorts tiktok,
funny shorts in hindi,
funny shorts dushyant kukreja,
funny shorts memes,
comedy video tik tok,

comedy video kapil sharma,
comedy video movie,
comedy video short,
comedy video comedy video,
comedy video status,
hindi comedy video,
comedy shorts,
comedy shorts video,
comedy shorts in hindi,
kaam wali comedy shorts,
stand up comedy,

#comedy #haryanvicomedy #haryanvi #ytshort #haryana #shortsfeed #shortsyoutube #shortsvideo 

#sasbahukicomedy #sasbahukinokjhok #sasbahustory #sasbahucomedy 

#parashthakralvlogs #pubgmobile #soravjoshi #souravjoshivlogs #familyfitness #family #familyvlog #themridul #myfamily 

#shortsbreak #keshavshashivlogs","['Comedy video', 'Haryanvi comedy', 'Hindi Comedy video', 'funny comedy shorts', 'funny video', 'funny video haryanvi', 'haryanvi comedy video', 'keshav shashi vlogs', 'latest haryanvi jokes', 'new haryanvi jokes', 'shorts', 'viral comedy shorts', 'funny shorts', 'comedy shorts', 'sas bahu ki comedy', 'Viral', 'Reel', 'Trending', 'Comedy', 'Funny', 'Short', 'Ytshorts', 'Keshav', 'Shashi', 'Jokes', 'vlogs', 'Family']",[हंसी] क्या हुआ मम्मी? क्या हुआ? बस यही दिन देखना बाकी रह गया था भैया। आज तेरी बीवी ने ना मम्मी और मुझ पर दोनों पर हाथ उठाया है। हैं? हां। उसकी इतनी हिम्मत अभी [हंसी] बताता हूं उसको। नो नो नो। मजा आएगा ना। क्या रे? तेरी इतनी हिम्मत होगी। तू मेरी मां बहन पे हाथ उठाती है? अभी तेरे बाप और भाई को बुला के तुझको? मारो। मुझे भी मारो। मेरी मां को भी मारो। [हंसी] मेरी बहन का तो सर फोड़ दो। आई खुशी ने मुझे तुम्हारे खिलाफ भड़काया। बदल लिया साला। [हंसी] सबको मारो। सबको मारो। [हंसी],UClyw32fdzLCsqbkfzhdrtXA,Keshav Shashi Vlogs,33523340,497509,1766,0,2026-01-02T09:37:22Z,,,,,PT46S,46,2d,hd,false,rectangular,True,public,youtube,True,True,False,,[],[],22,hi,en-IN,"['https://en.wikipedia.org/wiki/Entertainment', 'https://en.wikipedia.org/wiki/Film']",[],https://i.ytimg.com/vi/Cp33-2TAWCw/default.jpg,https://i.ytimg.com/vi/Cp33-2TAWCw/maxresdefault.jpg,,,,,,Nicho 1 (Esquetes)
6Qvb62-G360,बस इतनी ही इजाजत चाहिए थी 😜🤪 Comedy Shorts #comedy #funny #youtubeshorts #shorts #trending,"बस इतनी ही इजाजत चाहिए थी 😜🤪 Comedy Shorts #comedy #funny #youtubeshorts #shorts #trending 

Keywords:-
keshav shashi vlogs,
Keshav shashi vlog,
Keshav shashi block,
keshav shashi shorts,
keshav shashi funny video,
hansi wali video,
tik tok video,
tiktok,
tiktok new video,
twist in end,
twist in end shorts,
try not to laugh,
try not to laugh challenge,
Viral Shorts Video,
Trending Shorts Video,
Viral Prank Video,
Trending Prank Video,
nitin mridul,

funny video funny video,
funny video movie scene,
funny video reaction,
funny video sab lool hai,
funny video bhojpuri,
funny video short,
funny video comedy,
funny video tik tok,
funny video statuss,
funny video 2025,
funny shorts,
funny shorts video,
funny shorts tiktok,
funny shorts in hindi,
funny shorts dushyant kukreja,
funny shorts memes,
comedy video tik tok,

comedy video kapil sharma,
comedy video movie,
comedy video short,
comedy video comedy video,
comedy video status,
hindi comedy video,
comedy shorts,
comedy shorts video,
comedy shorts in hindi,
kaam wali comedy shorts,
stand up comedy,

#comedy #haryanvicomedy #haryanvi #ytshort #haryana #shortsfeed #shortsyoutube #shortsvideo 

#sasbahukicomedy #sasbahukinokjhok #sasbahustory #sasbahucomedy 

#parashthakralvlogs #pubgmobile #soravjoshi #souravjoshivlogs #familyfitness #family #familyvlog #themridul #myfamily 

#shortsbreak #keshavshashivlogs","['Comedy video', 'Haryanvi comedy', 'Hindi Comedy video', 'funny comedy shorts', 'funny video', 'funny video haryanvi', 'haryanvi comedy video', 'keshav shashi vlogs', 'latest haryanvi jokes', 'new haryanvi jokes', 'shorts', 'viral comedy shorts', 'funny shorts', 'comedy shorts', 'sas bahu ki comedy', 'Viral', 'Reel', 'Trending', 'Comedy', 'Funny', 'Short', 'Ytshorts', 'Keshav', 'Shashi', 'Jokes', 'vlogs', 'Family']",मम्मी आप मुझे ये बताओ फटाफट से मुझे बेटी मानते हो बहू? नहीं नहीं जल्दी से बताओ मुझे बेटी मानती हो कि बहू? अरे बेटा मैं तुझे बेटी मानती हूं और बहु,UClyw32fdzLCsqbkfzhdrtXA,Keshav Shashi Vlogs,37874072,373669,1025,0,2026-01-15T11:41:09Z,,,,,PT18S,18,2d,hd,false,rectangular,True,public,youtube,True,True,False,,[],[],22,hi,en-IN,"['https://en.wikipedia.org/wiki/Entertainment', 'https://en.wikipedia.org/wiki/Film', 'https://en.wikipedia.org/wiki/Humour']",[],https://i.ytimg.com/vi/6Qvb62-G360/default.jpg,https://i.ytimg.com/vi/6Qvb62-G360/maxresdefault.jpg,,,,,,Nicho 1 (Esquetes)
brPi7So_jZs,पापा की परी🧚‍♀️की व्रत की खुराक 😜🤪 Comedy Shorts #comedy #funny #shorts #viral #trending,"पापा की परी🧚‍♀️की व्रत की खुराक 😜🤪 Comedy Shorts #comedy #funny #shorts #viral #trending 

Keywords:-
keshav shashi vlogs,
Keshav shashi vlog,
Keshav shashi block,
keshav shashi shorts,
keshav shashi funny video,
hansi wali video,
tik tok video,
tiktok,
tiktok new video,
twist in end,
twist in end shorts,
try not to laugh,
try not to laugh challenge,
Viral Shorts Video,
Trending Shorts Video,
Viral Prank Video,
Trending Prank Video,
nitin mridul,

funny video funny video,
funny video movie scene,
funny video reaction,
funny video sab lool hai,
funny video bhojpuri,
funny video short,
funny video comedy,
funny video tik tok,
funny video statuss,
funny video 2025,
funny shorts,
funny shorts video,
funny shorts tiktok,
funny shorts in hindi,
funny shorts dushyant kukreja,
funny shorts memes,
comedy video tik tok,

comedy video kapil sharma,
comedy video movie,
comedy video short,
comedy video comedy video,
comedy video status,
hindi comedy video,
comedy shorts,
comedy shorts video,
comedy shorts in hindi,
kaam wali comedy shorts,
stand up comedy,

#comedy #haryanvicomedy #haryanvi #ytshort #haryana #shortsfeed #shortsyoutube #shortsvideo 

#sasbahukicomedy #sasbahukinokjhok #sasbahustory #sasbahucomedy 

#parashthakralvlogs #pubgmobile #soravjoshi #souravjoshivlogs #familyfitness #family #familyvlog #themridul #myfamily 

#shortsbreak #keshavshashivlogs","['Comedy video', 'Haryanvi comedy', 'Hindi Comedy video', 'funny comedy shorts', 'funny video', 'funny video haryanvi', 'haryanvi comedy video', 'keshav shashi vlogs', 'latest haryanvi jokes', 'new haryanvi jokes', 'shorts', 'viral comedy shorts', 'funny shorts', 'comedy shorts', 'sas bahu ki comedy', 'Viral', 'Reel', 'Trending', 'Comedy', 'Funny', 'Short', 'Ytshorts', 'Keshav', 'Shashi', 'Jokes', 'vlogs', 'Family']",हाय हाय लेकिन एक सेकंड बहू जी मम्मी जी ये क्या कर रही है? कुछ नहीं मम्मी जी खाना खा रही थी मम्मी जी नहीं खाना क्यों 9 दिन के वायर थे तेरे 9 दिन के क्यों नहीं रख सकती क्या नहीं नहीं मम्मी जी रख [हंसी] लूंगी मैं मार्केट जा रही हूं व्रत का जो सामान मंगवाना है ना वो एक लिस्ट में लिख दे ठीक है मम्मी जी [हंसी] अब देख तू [चीखने की आवाज़] अबे मजा आएगा ना बेबी लगे दे तेरे सामान के पर्चे हां जी मम्मी जी ये लो वाह एक कट्टा आलू का 5 किलो कुट्टू काट्टा 2 किलो साबूदाना 10 ना पानी वाले पांच आ रहे हैं गीली वाले 5 किलो सेब 5 किलो अनार तीन दर्जन केलेले 5 किलो अंगूर पांच किलो बादाम 5 किलो काजू 20 पैकेट चिप्स के चार बड़े तरबूज 2 किलो दही [हंसी] 2 किलो पेड़े 2 किलो काजू कतरी [चीखने की आवाज़] हां बाकी कुछ सामान रह गया हो तो मम्मी जी आप याद करके ले आना बेटा एक साल का राशन नहीं मंगवाना सिर्फ 9 दिन के व्रत का सामान मंगवाना है नहीं नहीं मम्मी जी ये सामान 9 दिन का भी नहीं है ये तो एक ही दिन का है एक का? हां कल के लिस्ट कल बना दूंगी। ले बेटा [चीखने की आवाज़] खा ले। नहीं नहीं मम्मी जी मैं व्रत रखूंगी ना। नहीं बेटा व्रत [हंसी] का क्या है? वो तो मैं रख लूंगी। सारा दिन खाली तो रहती हूं। ले बेटा खा ले। रख लूंगी। आजकल के बच्चों से कहां व्रत होते हैं। खा ले बेटा खा ले। ठीक है। एक दिन की ये लिस्ट है तो 9 दिन में दीवाला निकाल देगी। ये हमारा बरती नहीं चढ़ती है। [हंसी],UClyw32fdzLCsqbkfzhdrtXA,Keshav Shashi Vlogs,29394645,520035,1569,0,2026-03-21T09:57:26Z,,,,,PT1M37S,97,2d,hd,false,rectangular,True,public,youtube,True,True,False,,[],[],22,hi,en-IN,"['https://en.wikipedia.org/wiki/Entertainment', 'https://en.wikipedia.org/wiki/Film', 'https://en.wikipedia.org/wiki/Humour']",[],https://i.ytimg.com/vi/brPi7So_jZs/default.jpg,https://i.ytimg.com/vi/brPi7So_jZs/maxresdefault.jpg,,,,,,Nicho 1 (Esquetes)
ny_dys89IuY,Tillu ka Room🚪🥶#shorts #comedy #funny #olidavines,"Guys if you Love Naukrani, Sanki Malik, Kanjoos Videos and Many More funny Contents please SUBSCRIBE LIKE and SHARE🙏❤️




This Videos are Created by Olida and Imdad, Using without Permission are strictly Prohibited 🚫. 




New comedy video
Funny YouTube shorts
New tik tok video
Funny comedy video","['Olida and Imdat', 'Olida vlogs', 'Funny naukrani videos', 'Olida imdat funny videos', 'New kanjoos videos', 'Tillu family videos', 'Funny tik tok videos', 'Naukrani sanki malik videos', 'Olida and imdat Naukrani video', 'Til tok naukrani Bideo', 'Tik tok Tillu videos', 'New funny video', 'New Tik tok kanjoos videos']",ठीक है पापा मैं चलती हूं। फाइनली दीदी घर से जाली है। रुक दही चीनी खा कर जा। अरे मम्मी मुझे दही नहीं पसंद। क्या बिना मीठा खाए मैं तुझे घर से जाने नहीं दूंगी। नहीं कुछ करना पड़ेगा। ये लो दीदी। चॉकलेट दही चीनी की जगह ये खा लो। थैंक यू टिल्लू। अब ये पूरा कमला मिला हुआ। बेतल अकेले तो दो मल दिया वो करूंगा। कोई मुझे रोकने वाला नहीं है। ये दीदी अब गई नहीं। अरे इसका टिकट कैंसिल हो गया।,UCvi4a7mPeq1cv1EYQK4tzRA,OLIDA  Vlogs and Vines,32798729,241304,87,0,2026-03-11T14:33:38Z,,,,,PT33S,33,2d,hd,false,rectangular,True,public,youtube,True,True,False,,[],[],23,hi,en,"['https://en.wikipedia.org/wiki/Entertainment', 'https://en.wikipedia.org/wiki/Film', 'https://en.wikipedia.org/wiki/Humour']",[],https://i.ytimg.com/vi/ny_dys89IuY/default.jpg,https://i.ytimg.com/vi/ny_dys89IuY/maxresdefault.jpg,,,,,,Nicho 1 (Esquetes)
lZJFT6t8Gy0,सावधान हटी दुर्घटना घटी 😜🤪 Comedy Shorts #comedy #funny #youtubeshorts #shorts #viral,"Keywords:-
keshav shashi vlogs,
Keshav shashi vlog,
Keshav shashi block,
keshav shashi shorts,
keshav shashi funny video,
hansi wali video,
tik tok video,
tiktok,
tiktok new video,
twist in end,
twist in end shorts,
try not to laugh,
try not to laugh challenge,
Viral Shorts Video,
Trending Shorts Video,
Viral Prank Video,
Trending Prank Video,
nitin mridul,

funny video funny video,
funny video movie scene,
funny video reaction,
funny video sab lool hai,
funny video bhojpuri,
funny video short,
funny video comedy,
funny video tik tok,
funny video statuss,
funny video 2025,
funny shorts,
funny shorts video,
funny shorts tiktok,
funny shorts in hindi,
funny shorts dushyant kukreja,
funny shorts memes,
comedy video tik tok,

comedy video kapil sharma,
comedy video movie,
comedy video short,
comedy video comedy video,
comedy video status,
hindi comedy video,
comedy shorts,
comedy shorts video,
comedy shorts in hindi,
kaam wali comedy shorts,
stand up comedy,

#comedy #haryanvicomedy #haryanvi #ytshort #haryana #shortsfeed #shortsyoutube #shortsvideo 

#sasbahukicomedy #sasbahukinokjhok #sasbahustory #sasbahucomedy 

#parashthakralvlogs #pubgmobile #soravjoshi #souravjoshivlogs #familyfitness #family #familyvlog #themridul #myfamily 

#shortsbreak #keshavshashivlogs","['Comedy video', 'Haryanvi comedy', 'Hindi Comedy video', 'funny comedy shorts', 'funny video', 'funny video haryanvi', 'haryanvi comedy video', 'keshav shashi vlogs', 'latest haryanvi jokes', 'new haryanvi jokes', 'shorts', 'viral comedy shorts', 'funny shorts', 'comedy shorts', 'sas bahu ki comedy', 'Viral', 'Reel', 'Trending', 'Comedy', 'Funny', 'Short', 'Ytshorts', 'Keshav', 'Shashi', 'Jokes', 'vlogs', 'Family']",बहु जी मम्मी जी मेरा ये सूट नहीं धोया अब तक वो मम्मी जी वाशिंग मशीन खराब थी मशीन खराब है हां तो ठीक है हमारे जमाने में हाथ से धोते थे ये तोतले तो आज जले हैं चल जी मम्मी जी के लाई हो ठंडा पानी मेरे तो हाथ भी ठंडे हो गए अब देख तू ये रुमाल तो यहीं छोड़ गई एक काम भी ठीक ढंग से नहीं करती ये पता नहीं ये बुढ़िया कब ठंडी होगी दो मिनट चैन की सांस क्या ले लूं इस बुढ़िया को पता नहीं कैसे पता चल जाता है तभी आ जाती है फन फैला के मेरी छाती पे मन तो ऐसा करता है बुढ़िया को ऐसे उठा उठा के उठा उठा के ऐसे उठा उठा के ऐसे उठा उठा के मार मार के मार मार के क्या मेरा किसी दिन दिमाग सटक गया ना कहां गई बुढ़िया की मुंडी उस नागिन के ऐसे फन को पकड़ के और ऐसे करके ऐसे करके ऐसे करके मैं साले को तोड़ दूंगी वैसे बुढ़िया के कपड़े धोकर इतनी खुशी मिल रही है। जिस दिन बुढ़िया को गाऊंगी उस दिन तो खुशी के मारे पागल हो जाऊंगी। बाय बाय टाटा गुड बाय गया। और,UClyw32fdzLCsqbkfzhdrtXA,Keshav Shashi Vlogs,28322949,490585,1414,0,2026-01-23T09:50:28Z,,,,,PT1M21S,81,2d,hd,false,rectangular,True,public,youtube,True,True,False,,[],[],22,hi,en-IN,"['https://en.wikipedia.org/wiki/Entertainment', 'https://en.wikipedia.org/wiki/Film']",[],https://i.ytimg.com/vi/lZJFT6t8Gy0/default.jpg,https://i.ytimg.com/vi/lZJFT6t8Gy0/maxresdefault.jpg,,,,,,Nicho 1 (Esquetes)
r-uL9vDLHkk,Tillu ki Saaf Safai🧻🤣#shorts #comedy #funny #olidavines,"Guys if you Love Naukrani, Sanki Malik, Kanjoos Videos and Many More funny Contents please SUBSCRIBE LIKE and SHARE🙏❤️




This Videos are Created by Olida and Imdad, Using without Permission are strictly Prohibited 🚫. 




New comedy video
Funny YouTube shorts
New tik tok video
Funny comedy video","['Olida and Imdat', 'Olida vlogs', 'Funny naukrani videos', 'Olida imdat funny videos', 'New kanjoos videos', 'Tillu family videos', 'Funny tik tok videos', 'Naukrani sanki malik videos', 'Olida and imdat Naukrani video', 'Til tok naukrani Bideo', 'Tik tok Tillu videos', 'New funny video', 'New Tik tok kanjoos videos']",एकदम चमका दूंगी। ये क्या है मम्मी? बेटा ये ग्लास क्लीनर है। इससे शीशा वगैरह साफ करते हैं। चलो मैं भी इसके मजे लेता हूं। सबसे पहले टीवी को धमका लेता हूं। अब थोता बीम देखने में ज्यादा मजा आएगा। YouTube प्ले बटन को भी साफ कर लिया। अब क्या साफ कर लूं? टिल्लू अपना शकल साफ कर ले। बहुत गंदा दिखता है तू। ना मंगलम। क्या किया तूने टिल्लू? दीदी बंडल लग रही हो। साफ कर दूं।,UCvi4a7mPeq1cv1EYQK4tzRA,OLIDA  Vlogs and Vines,30628800,159612,58,0,2026-01-20T14:00:35Z,,,,,PT32S,32,2d,hd,false,rectangular,True,public,youtube,True,True,False,,[],[],23,hi,en,"['https://en.wikipedia.org/wiki/Entertainment', 'https://en.wikipedia.org/wiki/Film', 'https://en.wikipedia.org/wiki/Humour']",[],https://i.ytimg.com/vi/r-uL9vDLHkk/default.jpg,https://i.ytimg.com/vi/r-uL9vDLHkk/maxresdefault.jpg,,,,,,Nicho 1 (Esquetes)
uxFN2_inC5E,Khajur ki Teacher📖🖌️🤣🤯 | Sneha Choudhary | #shortvideo #comedy #trending #viral #explore,,[],"आप ही ने मुझे कोचिंग पढ़ाने के लिए बुलाया है। हां हां, मैंने ही बुलाया है। वो रही मेरी बेटी खजूर। मैं ना थोड़ी शॉपिंग करके आती हूं। जब तक आप इसको पढ़ा लेना। ठीक है, ठीक है। हाई खजूर अब से मैं तुम्हारी नई टीचर हूं। अब मैं तुम्हें पढ़ाती हूं। ये है अ बोलो। आ। अरे अ नहीं आ। आ। इसको निकालो। चुप चुप चुप चुप। ये ले। चलो अब मैं तुम्हें कुछ और पढ़ाती हूं। तुम्हें लिखते आता है? चलो फिर ए बना के बताओ। ना समझा रे। अरे ये क्या बनाती हो? मेरी मम्मी ने तो अच्छे सिखाया है। पर ये तो बी है। चुप चुप चुप सही है सही है। बाप रे क्या बच्ची है। चलो अब मैं तुम्हें काउंटिंग सिखाती हूं। ये तुम्हारे पास है थ्री टॉफी। इसमें से दो मैंने ली तो तुम्हारे पास कितनी बच्ची है? बेटा मेरी टॉफी है। सॉरी सॉरी। सुना है मैंने। मुझे इसे पढ़ाना ही नहीं है। या",UChzl8kr_veB-Ytb2zPMJtew,Sneha Choudhary,28919402,210776,149,0,2026-01-16T08:42:42Z,,,,,PT53S,53,2d,hd,false,rectangular,True,public,youtube,True,True,False,,[],[],22,hi,en,"['https://en.wikipedia.org/wiki/Entertainment', 'https://en.wikipedia.org/wiki/Film']",[],https://i.ytimg.com/vi/uxFN2_inC5E/default.jpg,https://i.ytimg.com/vi/uxFN2_inC5E/maxresdefault.jpg,,,,,,Nicho 1 (Esquetes)
rU1czxYpUu4,Everynight scenes at my home🤣 | Raj Grover | #shorts,,[],"अरेंजमेंट अच्छा था वैसे शादी में? हां, खाना भी बहुत बढ़िया था। 12:30 बज गए? बहुत लेट हो गया यार। सबसे मिलने के चक्कर में ना टाइम लग ही जाता है। मम्मी सुनो ना। हां बोल। भूख सी लग रही है। भूख लग रही है? शादी में कुछ नहीं खाया तूने। नहीं। बस कोल्ड ड्रिंक पी थी। माधव, तुझे मैंने कहा था इसे खाना खिलाने को? तूने खिलाया नहीं? अरे, मम्मी, ये हाथ आता है क्या? यहां से वहां दौड़ा फिर रहा था बच्चों के साथ। इतना बढ़िया खाना था वहां? वहां नहीं खा सकता था। घर आके इसे भूख लग गई। कोई नहीं मम्मी। मैं भूखा सो जाऊंगा। भूखा सो जाऊंगा। क्या आराम मिलता है? वहां सगन भी दो और घर में 1:00 बजे आके निकले परांठे ही बनाओ। ले मलाई फ्रिज में से ले लियो। मम्मी, एक मेरे लिए भी बना दो। अब से घर से खाना खिला के ले के जाया करूंगी तुम्हें। जहां 150 चीज़ थी, वहां तो इनसे खाया नहीं गया। घर आके इन्हें पराठे ही चाहिए। एक और बनवा लियो मैं भी खा लूंगा। मम्मा पापा को भी डांटो। यह भी कुछ नहीं खा के आए हैं। वहां पे मेरे से मेरा पराठा मांग रहे हैं। आप कम थोड़ी ना हो बच्चों से। अरे नहीं भाई मुझे नहीं खाना। मैं मैं तो खा के आया हूं।",UC6ylikHBX9_es8TIf0vmiUQ,Raj Grover,24834815,725642,2139,0,2026-03-12T13:05:26Z,,,,,PT1M12S,72,2d,hd,false,rectangular,True,public,youtube,True,True,False,,[],[],24,hi,en,"['https://en.wikipedia.org/wiki/Entertainment', 'https://en.wikipedia.org/wiki/Film']",[],https://i.ytimg.com/vi/rU1czxYpUu4/default.jpg,https://i.ytimg.com/vi/rU1czxYpUu4/maxresdefault.jpg,,,,,,Nicho 1 (Esquetes)
a9VjWOtXio4,makarsankranti 😂 #anandraja #comedy #comedyshorts #funny #shorts,,[],"और भैया नमस्ते दीदी। नमस्ते। मम्मी कैसी है? सब ठीक है। अच्छा आपकी ससुराल से खिचड़ी आ गई कि नहीं अभी? हां आ गई। मैं सोचा तुम्हारे यहां भी पहुंचा दूं। अच्छा। मम्मी, चाची की खिचड़ी आया है। आया होगा रे। 1 किलो तो आता है। 1 किलो लाई, 1 किलो गट्टा, 1 किलो ढूंढी। कौन सा बहुत ज्यादा आता है? हेलो भैया। अरे खिचड़ी वचड़ी लेके आईबा की नहीं। बताओ यहीं हमारी देवरानी को खिचड़ी आ गई और तुम लोग अभी तक खिचड़ी नहीं लेके आए। जितना ही हम मायके का गुणगान करते हैं उतना ही तुम लोग हमारी बेइज्जती करवाते हो। तुम्हारा भांजे कब से इंतजार कर रहा है कि मामा आएंगे आएंगे और मामा आए नहीं। मामा तो कौन सा मामा हो गए हैं। दर्शन देने का नाम ही नहीं लेते। कुछ भी लेकर आओ लेकिन खिचड़ी लेकर आओ। मेरी देवरानी के यहां से एक बोरा आया है। मेरे यहां चार बोरा आना चाहिए। मैं इनसे कम नहीं रहना चाहती। [संगीत] फ़ लेंगे। ननका दौड़ जा तेरे मामा खिचड़ी लेके आ गए। आ गए मामा आ गए आ गए। और भैयावा दिक्कत ना ले चल ले चल। [संगीत] छटकी हां मां जी [संगीत] बड़की के यहां से चार बोरी खिचड़ी आई है? अच्छी बात है। बताओ चार-चार बोरा खिचड़ी इतना तो मेरे मायके से भी नहीं आता है। [संगीत] ये सब का आया है बहनी? [हंसी] बहु अरे का मां जी मैं आपके आगे हाथ जोड़ती हूं प्लीज हल्ला मत करो। मां जी मैं भी चाहती हूं कि मेरे मायके से खिचड़ी आए। लेकिन मेरे भाई बाप मुझसे भी ज्यादा गरीब है। मैं खुद की नज़र में कमजोर, लाचार, बेबस गरीब बन सकती हूं लेकिन दुनिया की नज़र में नहीं। मैं नहीं चाहती कि मैं किसी से पीछे रहूं। चाहे उसके लिए मुझे 100 झूठ बोलना पड़े। मैं बचपन से लेकर जवानी तक फैशन करने बॉयफ्रेंड पटाने में सबसे आगे। तो आज [हंसी] मैं कैसे पीछे रह सकती हूं मां जी? मां जी, बस एक बात पे गौर करो बस एक बात पे। गांड फटे तो फटे पर नवाबी ना घटे। [हंसी] मम्मी चाची आ रही है। इतनी खिचड़ी कौन बोला था भेजने के लिए? बताओ 20 किलो तो खो वाली मिठाई भेज दिए हैं। अब कौन खाएगा इसको? मां जी ऐसा करो सारी मिठाई ले जाके भैंस को डाल दो। [हंसी] टू",UC_l1E50_r3p1Gv4_sLYNizg,Anand raja official,25408388,461994,1973,0,2026-01-08T03:58:20Z,,,,,PT2M38S,158,2d,hd,false,rectangular,True,public,youtube,True,True,False,,[],[],23,hi,en,"['https://en.wikipedia.org/wiki/Entertainment', 'https://en.wikipedia.org/wiki/Film']",[],https://i.ytimg.com/vi/a9VjWOtXio4/default.jpg,https://i.ytimg.com/vi/a9VjWOtXio4/maxresdefault.jpg,,,,,,Nicho 1 (Esquetes)
80OT6LP3P2Y,2026 की बेरोजगारी भर्ती 😜🤪 Comedy Shorts #comedy #funny #trending #viral #shorts,"2026 की बेरोजगारी भर्ती 😜🤪 Comedy Shorts #comedy #funny #trending #viral #shorts 

Keywords:-
keshav shashi vlogs,
Keshav shashi vlog,
Keshav shashi block,
keshav shashi shorts,
keshav shashi funny video,
hansi wali video,
tik tok video,
tiktok,
tiktok new video,
twist in end,
twist in end shorts,
try not to laugh,
try not to laugh challenge,
Viral Shorts Video,
Trending Shorts Video,
Viral Prank Video,
Trending Prank Video,
nitin mridul,

funny video funny video,
funny video movie scene,
funny video reaction,
funny video sab lool hai,
funny video bhojpuri,
funny video short,
funny video comedy,
funny video tik tok,
funny video statuss,
funny video 2025,
funny shorts,
funny shorts video,
funny shorts tiktok,
funny shorts in hindi,
funny shorts dushyant kukreja,
funny shorts memes,
comedy video tik tok,

comedy video kapil sharma,
comedy video movie,
comedy video short,
comedy video comedy video,
comedy video status,
hindi comedy video,
comedy shorts,
comedy shorts video,
comedy shorts in hindi,
kaam wali comedy shorts,
stand up comedy,

#comedy #haryanvicomedy #haryanvi #ytshort #haryana #shortsfeed #shortsyoutube #shortsvideo 

#sasbahukicomedy #sasbahukinokjhok #sasbahustory #sasbahucomedy 

#parashthakralvlogs #pubgmobile #soravjoshi #souravjoshivlogs #familyfitness #family #familyvlog #themridul #myfamily 

#shortsbreak #keshavshashivlogs","['Comedy video', 'Haryanvi comedy', 'Hindi Comedy video', 'funny comedy shorts', 'funny video', 'funny video haryanvi', 'haryanvi comedy video', 'keshav shashi vlogs', 'latest haryanvi jokes', 'new haryanvi jokes', 'shorts', 'viral comedy shorts', 'funny shorts', 'comedy shorts', 'sas bahu ki comedy', 'Viral', 'Reel', 'Trending', 'Comedy', 'Funny', 'Short', 'Ytshorts', 'Keshav', 'Shashi', 'Jokes', 'vlogs', 'Family']","नेक्स्ट गुड मॉर्निंग मैडम जी आई एम केशव आई एम कंप्लीट माय एलएलएलबल फ्रॉम चंडीगढ़ यूनिवर्सिटी अच्छा एलएलबी कोई काम नहीं है यहां से चलो अरे मैडम जी वकील की जरूरत पड़ेगी अब देखो मार्केट में कॉम्पटीशन बढ़ रहा है अब किसी ने आपके पैसे चोरी कर लिए तो मैं काम आऊंगा उसके ऊपर ऐसा केस ठोकूंगा ऐसा उसका जुर्माना सात पुश्ते तक नहीं भर पाएंगी अच्छा हां लेकिन सैलरी ₹15000 होगी मैडम थोड़ी बन नहीं सकती ये लो अपने डॉक्यूमेंट चलो नहीं नहीं मैडम जी अभी बना देता हूं मस्त नेक्स्ट आई एम सिमरन फैशन डिज़र। फैशन डिज़ाइनर का कोई काम नहीं है यहां। अरे मैडम जी गोसो पे ऐसा डिजाइन बना दूंगी कि मार्केट में तहलका मच जाएगा डिज़र गसो का। अच्छा हां। और लेडीज कहेंगी गोसा लूंगी तो डिज़ाइनर ही लूंगी। प्रॉफिट ही प्रॉफिट होगा। सैलरी ₹12,000 होगी। ठीक है। चलो। नेक्स्ट। मैडम आई एम विन फ्रॉम बीए। दो अक्षर पढ़े वो भी उल्टे। देखो सैलरी होगी तुम्हारी ₹8000 सुबह 6:00 बजे से लेके 7:00 बजे तक काम करना पड़ेगा। एक टाइम की चाय मिलेगी। खाना कुछ नहीं मिलेगा यहां। लेकिन बिना खाने के काम कैसे करूंगा? ये लो अपने डॉक्यूमेंट्स और चलो यहां से। नहीं नहीं मैडम जी। मैं तो गोबर की खुशबू से ही पेट भर लूंगा। रख लीजिए ना। चलो कंपनी। नेक्स्ट। नमस्ते मैडम जी। ये लीजिए। डिवोर्स पेपर? हां मैडम जी। इसके अलावा मेरे पास कोई पेपर नहीं है। अच्छा 15 साल पहले शादी हुआ था। एक ही दिन में तलाक हो गया। जब से गोबर ही थाप रहा हूं। रख लेना मैडम जी। अरे वाह तुम तो मेरे कोहिनूर के हीरे हो। वाह क्या मुस्कुराहट है। तुम यहां काम पर नहीं है। मैनेजर हो यहां के। ₹50,000 सैलरी होगी। अच्छा सर। काम खराब करना है? ठीक है मैडम जी चिंता मत कीजिए। किसी ने काम नहीं किया ना सलो सस्पेंड कर दूंगा। ठीक है। अमेरिका क्या कहता था? जाओ तुम। आज हम कहते हैं तू जा।",UClyw32fdzLCsqbkfzhdrtXA,Keshav Shashi Vlogs,25408705,408005,1572,0,2026-03-19T07:48:02Z,,,,,PT1M54S,114,2d,hd,false,rectangular,True,public,youtube,True,True,False,,[],[],22,hi,en-IN,"['https://en.wikipedia.org/wiki/Entertainment', 'https://en.wikipedia.org/wiki/Film']",[],https://i.ytimg.com/vi/80OT6LP3P2Y/default.jpg,https://i.ytimg.com/vi/80OT6LP3P2Y/maxresdefault.jpg,,,,,,Nicho 1 (Esquetes)
VyBEmNp7JcM,Today’s marriage 😂 #anandraja #comedy #comedyshorts #funny #comedyvideos #shorts #marriage,,[],"मैं दुल्हन की बहन, मैं दुल्हन का भाई, मैं दुल्हन की मम्मी। और मैं दुल्हन [हंसी] नो नो [हंसी] ओ भाई ओए [हंसी] मिलन अभी आधा अधूरा है मिलन अभी आधा अधूरा है मिलन में हम दोनों [संगीत] मिलन में हम दोनों वो करम खुदाया [संगीत] [हंसी] प्यारी बहना सजाई [हंसी] अरे दीदी अरे मम्मी अरे मैया बाबा तुमसे सजन घर ले चली बाबा [हंसी]",UC_l1E50_r3p1Gv4_sLYNizg,Anand raja official,22321113,393881,2441,0,2026-01-16T03:05:00Z,,,,,PT1M32S,92,2d,hd,false,rectangular,True,public,youtube,True,True,False,,[],[],23,hi,en,"['https://en.wikipedia.org/wiki/Entertainment', 'https://en.wikipedia.org/wiki/Film']",[],https://i.ytimg.com/vi/VyBEmNp7JcM/default.jpg,https://i.ytimg.com/vi/VyBEmNp7JcM/maxresdefault.jpg,,,,,,Nicho 1 (Esquetes)
SfnVDNgjK1o,पैसे की ताकत 🤑 Comedy Shorts #comedy #funny #shorts #trending #youtubeshorts,"पैसे की ताकत 🤑 Comedy Shorts #comedy #funny #shorts #trending #youtubeshorts 

Keywords:-
keshav shashi vlogs,
Keshav shashi vlog,
Keshav shashi block,
keshav shashi shorts,
keshav shashi funny video,
hansi wali video,
tik tok video,
tiktok,
tiktok new video,
twist in end,
twist in end shorts,
try not to laugh,
try not to laugh challenge,
Viral Shorts Video,
Trending Shorts Video,
Viral Prank Video,
Trending Prank Video,
nitin mridul,

funny video funny video,
funny video movie scene,
funny video reaction,
funny video sab lool hai,
funny video bhojpuri,
funny video short,
funny video comedy,
funny video tik tok,
funny video statuss,
funny video 2025,
funny shorts,
funny shorts video,
funny shorts tiktok,
funny shorts in hindi,
funny shorts dushyant kukreja,
funny shorts memes,
comedy video tik tok,

comedy video kapil sharma,
comedy video movie,
comedy video short,
comedy video comedy video,
comedy video status,
hindi comedy video,
comedy shorts,
comedy shorts video,
comedy shorts in hindi,
kaam wali comedy shorts,
stand up comedy,

#comedy #haryanvicomedy #haryanvi #ytshort #haryana #shortsfeed #shortsyoutube #shortsvideo 

#sasbahukicomedy #sasbahukinokjhok #sasbahustory #sasbahucomedy 

#parashthakralvlogs #pubgmobile #soravjoshi #souravjoshivlogs #familyfitness #family #familyvlog #themridul #myfamily 

#shortsbreak #keshavshashivlogs","['Comedy video', 'Haryanvi comedy', 'Hindi Comedy video', 'funny comedy shorts', 'funny video', 'funny video haryanvi', 'haryanvi comedy video', 'keshav shashi vlogs', 'latest haryanvi jokes', 'new haryanvi jokes', 'shorts', 'viral comedy shorts', 'funny shorts', 'comedy shorts', 'sas bahu ki comedy', 'Viral', 'Reel', 'Trending', 'Comedy', 'Funny', 'Short', 'Ytshorts', 'Keshav', 'Shashi', 'Jokes', 'vlogs', 'Family']",समझा लो अपने बेटे को। जब देखो मेरी बेटी को छेड़ता रहता है। अच्छा पापा जी ये लो मेरी महीने की सैलरी पूरे दिन लाख। ठीक है बेटा। अब देख तू हां जी आप क्या कह रही थी? सनी जी जा बेटा जा शादी तो तेरी बाद में करा दूंगी। जा पापा जी अरे बाबा ये सब क्या देखना पड़ रहा है?,UClyw32fdzLCsqbkfzhdrtXA,Keshav Shashi Vlogs,26378894,358973,1342,0,2026-01-09T10:55:16Z,,,,,PT33S,33,2d,hd,false,rectangular,True,public,youtube,True,True,False,,[],[],22,hi,en-IN,"['https://en.wikipedia.org/wiki/Entertainment', 'https://en.wikipedia.org/wiki/Film', 'https://en.wikipedia.org/wiki/Humour']",[],https://i.ytimg.com/vi/SfnVDNgjK1o/default.jpg,https://i.ytimg.com/vi/SfnVDNgjK1o/maxresdefault.jpg,,,,,,Nicho 1 (Esquetes)
9zv7ABvEc9k,￼ Bittu ki Masti  😂🤣#shorts #comedy #funny #trending #viral #video  #youtubeshorts ￼,,[],"बच्चों, यह मेरी बेटी है। इसका ध्यान रखना। मैं आ रही हूं 2 मिनट में। ठीक है, मैडम। जाओ, बेटा। भाई, तू पागल है ढोल, ये मैडम की बेटी पे आफत है यार। हां यार। ढोलू, भूख लग रही। इसकी कैंडी खा ले क्या? हां भाई, खा लेते हैं। बिटू, एक कैंडी खा लूं क्या? निकला। डोलू, इसको क्या हो गया? ये रो क्यों रही है? तुमने मेरी कैंडी खाई ना? मैं भी मेरी मम्मी को बुला के लाती हूं। मम्मी मम्मी उन दोनों ने मेरी सारी कैंडी खा ली। क्या? अभी उनको मजा चखाती हूं। चल। क्यों रे? तुम दोनों ने मेरी बेटी की कैंडी खाई?",UCnAnSPBCRw59DicmhayKFcQ,Laxmi 01,25396309,194847,32,0,2026-01-17T11:37:25Z,,,,,PT55S,55,2d,hd,false,rectangular,True,public,youtube,True,True,False,,[],[],24,hi,en,"['https://en.wikipedia.org/wiki/Entertainment', 'https://en.wikipedia.org/wiki/Film']",[],https://i.ytimg.com/vi/9zv7ABvEc9k/default.jpg,https://i.ytimg.com/vi/9zv7ABvEc9k/maxresdefault.jpg,,,,,,Nicho 1 (Esquetes)
LyqiBuJjZcw,Jai Gauri Maa 🙏🥰 Shashi Shorts #shorts #viral #song #trending #maa,"Jai Gauri Maa 🙏🥰 Shashi Shorts #shorts #viral #song #trending #maa 

Keywords:-
keshav shashi vlogs,
Keshav shashi vlog,
Keshav shashi block,
keshav shashi shorts,
keshav shashi funny video,
hansi wali video,
tik tok video,
tiktok,
tiktok new video,
twist in end,
twist in end shorts,
try not to laugh,
try not to laugh challenge,
Viral Shorts Video,
Trending Shorts Video,
Viral Prank Video,
Trending Prank Video,
nitin mridul,

funny video funny video,
funny video movie scene,
funny video reaction,
funny video sab lool hai,
funny video bhojpuri,
funny video short,
funny video comedy,
funny video tik tok,
funny video statuss,
funny video 2025,
funny shorts,
funny shorts video,
funny shorts tiktok,
funny shorts in hindi,
funny shorts dushyant kukreja,
funny shorts memes,
comedy video tik tok,

comedy video kapil sharma,
comedy video movie,
comedy video short,
comedy video comedy video,
comedy video status,
hindi comedy video,
comedy shorts,
comedy shorts video,
comedy shorts in hindi,
kaam wali comedy shorts,
stand up comedy,

#comedy #haryanvicomedy #haryanvi #ytshort #haryana #shortsfeed #shortsyoutube #shortsvideo 

#sasbahukicomedy #sasbahukinokjhok #sasbahustory #sasbahucomedy 

#parashthakralvlogs #pubgmobile #soravjoshi #souravjoshivlogs #familyfitness #family #familyvlog #themridul #myfamily 

#shortsbreak #keshavshashivlogs","['Comedy video', 'Haryanvi comedy', 'Hindi Comedy video', 'funny comedy shorts', 'funny video', 'funny video haryanvi', 'haryanvi comedy video', 'keshav shashi vlogs', 'latest haryanvi jokes', 'new haryanvi jokes', 'shorts', 'viral comedy shorts', 'funny shorts', 'comedy shorts', 'sas bahu ki comedy', 'Viral', 'Reel', 'Trending', 'Comedy', 'Funny', 'Short', 'Ytshorts', 'Keshav', 'Shashi', 'Jokes', 'vlogs', 'Family']",लाल है तेरा लाल है लाल महावर लाल लाल महले लाल सदूर तो लाल लाल चले हार है दर्शन करके ये मनवाह हाल है जय माता दी जय माता दी नमस्ते,UClyw32fdzLCsqbkfzhdrtXA,Keshav Shashi Vlogs,26710603,535221,2381,0,2026-03-27T10:32:07Z,,,,,PT39S,39,2d,hd,false,rectangular,True,public,youtube,True,True,False,,[],[],22,hi,en-IN,"['https://en.wikipedia.org/wiki/Lifestyle_(sociology)', 'https://en.wikipedia.org/wiki/Music_of_Asia']",[],https://i.ytimg.com/vi/LyqiBuJjZcw/default.jpg,https://i.ytimg.com/vi/LyqiBuJjZcw/maxresdefault.jpg,,,,,,Nicho 1 (Esquetes)
UZ0VnrsTEVI,Parents reaction after beating..😂 #anandraja #comedy #comedyshorts #funny #shorts,,[],"देखो, 8:00 बज गए हैं। बेवकूफ़ लड़की अभी तक नहीं आई। पता नहीं कब आएगी यह। कहां गई थी रे? कहां गए थे? मम्मी सहेली के [संगीत] घर पे गई थी। सहेली के घर 8:00 बज गए रात को अभी आ रही तुम? हां? 8:00 बजे? 8:00 बजे रात को। [हंसी] अरे बाप रे दरवाजा बंद कर ली। ए पिंकिया गेट खोल दे। पिंकी खोल गेट। अरे देखो इनका पगला को एक हाथ मार दे। दरवाजा बंद कर ली। खोल दे। दरवाजा क्यों बंद किया? रोने का इतना ही शौक है ना तो गेट खोल के रहो। दरवाजा मत बंद करो। ठीक है? भरोसा नहीं है तुम लोगों का कुछ भी कर सकते हो। [संगीत] ए रुक रुक। रस लेके कहां जा रही है? कपड़े डालने जा रही हूं। बास है ना ऊपर? उसपे डाल के आओ। ठीक है? टूट गया है। बाउंड्री है ना बाउंड्री पे डाल के आओ। ठीक है जा। अरे तू तुरंत रन। मैं डाल के आती हूं। [हंसी] ये आजकल के बच्चों को ना भरोसा नहीं है। फसरी भी लगा सकते हैं। छत पर से भी कूद सकते हैं। [हंसी] बी पिया है ना तू? बी पी के आया है। अरे बीियर पीए हैं। मत मारो मत मारो जाने दो। बीियर पी के आया है। क्या बोले इन लोगों को? उनको महारानी को एक दिन मार दिया तो चार दिन तक नाराज थी। हमारे खानदान में कोई गुटका तक नहीं छुए। हमारी उम्र हो गई इतने गुटका नहीं खाए। ये बीियर पी के आ रहे हैं। ए लड़के हैं। अरे मेरी माई पकड़वान। अरे जाने मत रोक चुप चाबी रखी रख चाबी चाबी रख चाबी रख अरे हे ऐ रुक जा रुक जा मर जा तुम्हारी कसम खाना जैसे मुझे छोड़ के गए अपनी म्हातारी का मुंह देखो बेटा तुम्हारे अलावा हमारा कौन है [हंसी] तुम्हारे अलावा हमारा कौन है बाप के मारने से तुम घर छोड़ के जा रहे हो पगला गया है तू चल घर चल क्या हाल है सो रहा सोने दो। बिटिया बिटवा दोनों हाथ से निकल गए। अब कुछ नहीं हो सकता। जब डांट लगाना था तब लगाया ही नहीं। सर पे चढ़ा रखी हो तो क्या होगा? बड़े-बड़े हो गए हैं। शादी विवाह वाला है कब सुनेंगे? मम्मी जाओ अपने रूम में सो, मैं सो लूंगा। परेशान मत हो। मैं आज यहीं सोऊंगी। बाप है तुम्हारे। तुम्हारे भले के लिए मारते हैं। बताओ तुम इतनी रात को भागे जा रहे थे। अभी तुम्हें कुछ हो जाता तो हम तो कहीं के नहीं रहते। पिंकी हां मम्मी सो रही है? हां। पानी वानी रखी है। हां। मैं बाहर से दरवाजा बंद कर दे रही हूं। कुछ जरूरत पड़े तो दरवाजा खटखटाना मैं खोल दूंगी। ननका ए ननका। सूरज के पापा, ए सूरज के पापा। हां। ननका कहां गया? सोया तो था रूम में। अरे पता नहीं कहां चला गया। बोली थी मत मारो पीटो एक ही लड़कियां। आ गए। कहां गए थे बेटावा तुम? बाथरूम करने गया था। ओ नो मार तो घबरा ही क्या रहा? चलो सो। [हंसी]",UC_l1E50_r3p1Gv4_sLYNizg,Anand raja official,23697318,457204,2003,0,2026-01-19T03:13:20Z,,,,,PT2M59S,179,2d,hd,false,rectangular,True,public,youtube,True,True,False,,[],[],23,hi,en,"['https://en.wikipedia.org/wiki/Entertainment', 'https://en.wikipedia.org/wiki/Film']",[],https://i.ytimg.com/vi/UZ0VnrsTEVI/default.jpg,https://i.ytimg.com/vi/UZ0VnrsTEVI/maxresdefault.jpg,,,,,,Nicho 1 (Esquetes)
tarscvoWnFY,बहन भाई का प्यार 😜🤪 Comedy Shorts #funny #comedy #shorts #youtubeshorts #trending,"बहन भाई का प्यार 😜🤪 Comedy Shorts #funny #comedy #shorts #youtubeshorts #trending  

Keywords:-
keshav shashi vlogs,
Keshav shashi vlog,
Keshav shashi block,
keshav shashi shorts,
keshav shashi funny video,
hansi wali video,
tik tok video,
tiktok,
tiktok new video,
twist in end,
twist in end shorts,
try not to laugh,
try not to laugh challenge,
Viral Shorts Video,
Trending Shorts Video,
Viral Prank Video,
Trending Prank Video,
nitin mridul,

funny video funny video,
funny video movie scene,
funny video reaction,
funny video sab lool hai,
funny video bhojpuri,
funny video short,
funny video comedy,
funny video tik tok,
funny video statuss,
funny video 2025,
funny shorts,
funny shorts video,
funny shorts tiktok,
funny shorts in hindi,
funny shorts dushyant kukreja,
funny shorts memes,
comedy video tik tok,

comedy video kapil sharma,
comedy video movie,
comedy video short,
comedy video comedy video,
comedy video status,
hindi comedy video,
comedy shorts,
comedy shorts video,
comedy shorts in hindi,
kaam wali comedy shorts,
stand up comedy,

#comedy #haryanvicomedy #haryanvi #ytshort #haryana #shortsfeed #shortsyoutube #shortsvideo 

#sasbahukicomedy #sasbahukinokjhok #sasbahustory #sasbahucomedy 

#parashthakralvlogs #pubgmobile #soravjoshi #souravjoshivlogs #familyfitness #family #familyvlog #themridul #myfamily 

#shortsbreak #keshavshashivlogs","['Comedy video', 'Haryanvi comedy', 'Hindi Comedy video', 'funny comedy shorts', 'funny video', 'funny video haryanvi', 'haryanvi comedy video', 'keshav shashi vlogs', 'latest haryanvi jokes', 'new haryanvi jokes', 'shorts', 'viral comedy shorts', 'funny shorts', 'comedy shorts', 'sas bahu ki comedy', 'Viral', 'Reel', 'Trending', 'Comedy', 'Funny', 'Short', 'Ytshorts', 'Keshav', 'Shashi', 'Jokes', 'vlogs', 'Family']",भैया मैं आपके बिना कैसे रहूंगी? कोई बात नहीं बहन ये दिन तो एक दिन आना ही था। भैया ऐसा नहीं हो सकता मैं आज यहीं रुक जाऊं। नहीं बहना हम तेरे घराते रहेंगे। ओो गाड़ी वाला तो पेंसरल हो गया। भैया लगता है भगवान ने हमारी सुन ली। कहां? चिंता मत करो जीजा जी हवा भर दिया कर तो पहुंच ही जाओगे टायर फुल कर दिया है,UClyw32fdzLCsqbkfzhdrtXA,Keshav Shashi Vlogs,24762265,379406,1221,0,2026-01-19T10:52:12Z,,,,,PT41S,41,2d,hd,false,rectangular,True,public,youtube,True,True,False,,[],[],22,hi,en-IN,"['https://en.wikipedia.org/wiki/Entertainment', 'https://en.wikipedia.org/wiki/Film']",[],https://i.ytimg.com/vi/tarscvoWnFY/default.jpg,https://i.ytimg.com/vi/tarscvoWnFY/maxresdefault.jpg,,,,,,Nicho 1 (Esquetes)
5P5WGlggD_c,#relatable #skit #comedy #funny #shorts #pov,,[],"Mãe, posso sair? >> Claro, só não abre a porta. >> Valeu, mãe. Mãe, posso jogar videogame? >> Claro, só não liga a TV. >> Tá bom, >> mãe. Posso ser namorada? >> Claro. Só não pode ser uma pessoa e nem um animal. >> Alexa, ouviu isso? >> Sim. Essa velha nunca vai nos separar. He.",UCzRHHEM3DwCqbjuKK6CRSDg,Zubar khan,25495316,276884,783,0,2026-01-03T08:31:43Z,,,,,PT27S,27,2d,hd,false,rectangular,False,public,youtube,True,True,False,,[],[],22,pt-PT,en,['https://en.wikipedia.org/wiki/Entertainment'],[],https://i.ytimg.com/vi/5P5WGlggD_c/default.jpg,https://i.ytimg.com/vi/5P5WGlggD_c/maxresdefault.jpg,,,,,,Nicho 1 (Esquetes)
4fLbUUji0Yk,Aalu 🥔 papad🤣 #anandraja #comedy #comedyshorts #funny #comedyvideos #shorts,,[],"अच्छा बनाई हो चिप्स। क्या-क्या डाली हो इसमें? यही नमक मिर्ची डाली थी दीदी। हम नमक मिर्ची डाली हो? अच्छा है। कलर नहीं डाली हूं? नहीं कलर नहीं डाली। थोड़ा और छान के लाओ। दीदी है नहीं थोड़ा सा। अरे छान के लाओ। हम बनवा देंगे तुम्हारा फिर से। अकेली हूं दीदी। अकेले बनाते बनाते थक जाती। मैं बनवा देंगे। पहले चश्मा लो लाओ। छान के लाओ। दीदी तुम्हें लाके दिखा। ला दिखाओ कितना बनाएगा। दीदी तुम मान नहीं रही हो। इतना ही बचा है। अरे छान के लाओ। इस बार हम तुम्हारा पापड़ बनवाएंगे। पापड़ में तो और मेहनत लगता है दीदी। पगलो तुम पूनम खाते टेंशन ले रही हो। पूनम जिंदाबाद। जाओ ले आओ छान के। बनवा दोगी? हां पापड़ बनवाएंगे हम तुम्हारा। तो दीदी 2 किलो आलू मंगा दूं? अरे 2 किलो में क्या होगा? छह सात किलो आलू मंगाओ। वहीं छत पे बैठ के पापड़ बनाएंगे। हेलो। हां दीदी। आलू रखदि उबलने के लिए आ रही हो? अरे अभी तुम्हारा आलू उबलेगा उसको छील मसलो नमक मिर्चा डालो मसाला डालो तैयार करो तब उसके बाद फ़ करना जिस नंबर से आप संपर्क करना चाहते हैं, वह अभी स्विच्ड ऑफ है। अरे हे बहनी इनका तो फोन में स्विच ऑफ हो गया। अब कहां ढूंढू मैं इनको? दादी इधर पूनम आई थी। पूनम यही बाग की तरफ गई है। बताओ मैं आलू तैयार करके इनका इंतजार कर रही हूं। ये हमें अब बुझने बुझा रही हैं। झूला झूले कृष्ण राधिका झुलाने लगी। प्रेम गीत गाने लगी ना जलाओ बनी जलाओ दीदी सरलवा फ़ कर रही होगी करने दो साफ करके आती हूं अच्छा अच्छा किलो आलू मंगा ले कौन बनाएगा अपना पापड़ बहनी अच्छा आधा बना लेंगे तब जाऊंगी झूठ बताओ बाग में भी नहीं है ये तो बहनी मुझे गजब बनाई मेरा 6-छ किलो आलू बेकार हो जाएगा देखो अभी मोबाइल खोल ली हेलो हां कहां पे हो तुम का हुआ पहले ये बताओ कहां पे हो तुम गजब मुझे गोली दे रही हो अबे लाल की पियर में तो हूं खड़ी रहो वहीं मैं तुरंत आ रही हूं वहीं रहो हां ठीक है आओ चल बहन दूसरे खेत में चलते हैं अ दीदी रुक जाओ सरला यही तो आ रही है काहे रुकें बात तो ऐसे करें जैसे उनका कर्जा खाए हैं नहीं रुकेंगे भाग चल पूनम ए पूनम देखो ये औरत यहां भी नहीं है अरे जा पूनम ये दिन मुझे सात जन्म तक याद रहेगा बताओ यह भी कोई बात है बताओ बताओ दिन भी ढलने वाला है। मैं क्या करूंगी उसको रख के? इतनी रती औरत तो मैं कहीं नहीं देखी। मेरे 6 किलो आलू बर्बाद हो गया। उतनी कमीनी कहीं की अगर मुझे मिल जाए ना मैं इनको चप्पल से मारू। का सरला लाओ तुम्हारा पापड़वाप भैंसिया क्यों डाल रही? भैंसिया के ना डालू तुम्हारे मुंह में डालू। अभी आई रिया का पापड़ बनेगा। लो खा लो।",UC_l1E50_r3p1Gv4_sLYNizg,Anand raja official,24803423,424267,1339,0,2026-02-15T03:23:07Z,,,,,PT3M,180,2d,hd,false,rectangular,True,public,youtube,True,True,False,,[],[],23,hi,en,"['https://en.wikipedia.org/wiki/Entertainment', 'https://en.wikipedia.org/wiki/Film']",[],https://i.ytimg.com/vi/4fLbUUji0Yk/default.jpg,https://i.ytimg.com/vi/4fLbUUji0Yk/maxresdefault.jpg,,,,,,Nicho 1 (Esquetes)
CwB4QIk9DIY,Last one🤣 #chetanmonga #comedy #shorts,,[],चेरी आजा बंकू भैया वाला ट्रेंड बनाते हैं। चल फ्रिज से ठंडा पानी तो टंकी से आ रहा है। तो चला लिया करो गीज सर। कब तक कंजूसी कंटिन्यू रखनी है? लीला ठंडे पानी से दिमाग खुल जाता है। पता नहीं इस आदमी का कब खुलेगा। अरे मेरा कोट किधर है? ठंड इधर भी नहीं है। लीला मेरा कोट है। बंकू भैया। ओए ये क्या कर रहे हो? पापा वो बंकू भैया वाला ट्रेंड बना रहे हैं। अच्छा मैं यहां ठंड में मर गया बिना कोट के और तू यहां बत्तख बनके घूम रहा है। वो सभी अपने पापा की जैकेट ही पहन रहे हैं ना। तेरे बंकू की मौसी की। नंगू भैया,UCZLOlM5df0CXW9bP5MAeE7A,Cheri's World,18975957,276375,602,0,2026-01-11T12:45:21Z,,,,,PT50S,50,2d,hd,false,rectangular,True,public,youtube,True,True,False,,[],[],22,hi,en,"['https://en.wikipedia.org/wiki/Entertainment', 'https://en.wikipedia.org/wiki/Film', 'https://en.wikipedia.org/wiki/Humour']",[],https://i.ytimg.com/vi/CwB4QIk9DIY/default.jpg,https://i.ytimg.com/vi/CwB4QIk9DIY/maxresdefault.jpg,,,,,,Nicho 1 (Esquetes)
fUUjOKkCVDE,सावधानी हटी दुर्घटना घटी 😜🤪 Comedy Reels #funny #comedy #shorts #trending #youtubeshorts,"सावधानी हटी दुर्घटना घटी 😜🤪 Comedy Reels #funny #comedy #shorts #trending #youtubeshorts 

Keywords:-
keshav shashi vlogs,
Keshav shashi vlog,
Keshav shashi block,
keshav shashi shorts,
keshav shashi funny video,
hansi wali video,
tik tok video,
tiktok,
tiktok new video,
twist in end,
twist in end shorts,
try not to laugh,
try not to laugh challenge,
Viral Shorts Video,
Trending Shorts Video,
Viral Prank Video,
Trending Prank Video,
nitin mridul,

funny video funny video,
funny video movie scene,
funny video reaction,
funny video sab lool hai,
funny video bhojpuri,
funny video short,
funny video comedy,
funny video tik tok,
funny video statuss,
funny video 2025,
funny shorts,
funny shorts video,
funny shorts tiktok,
funny shorts in hindi,
funny shorts dushyant kukreja,
funny shorts memes,
comedy video tik tok,

comedy video kapil sharma,
comedy video movie,
comedy video short,
comedy video comedy video,
comedy video status,
hindi comedy video,
comedy shorts,
comedy shorts video,
comedy shorts in hindi,
kaam wali comedy shorts,
stand up comedy,

#comedy #haryanvicomedy #haryanvi #ytshort #haryana #shortsfeed #shortsyoutube #shortsvideo 

#sasbahukicomedy #sasbahukinokjhok #sasbahustory #sasbahucomedy 

#parashthakralvlogs #pubgmobile #soravjoshi #souravjoshivlogs #familyfitness #family #familyvlog #themridul #myfamily 

#shortsbreak #keshavshashivlogs","['Comedy video', 'Haryanvi comedy', 'Hindi Comedy video', 'funny comedy shorts', 'funny video', 'funny video haryanvi', 'haryanvi comedy video', 'keshav shashi vlogs', 'latest haryanvi jokes', 'new haryanvi jokes', 'shorts', 'viral comedy shorts', 'funny shorts', 'comedy shorts', 'sas bahu ki comedy', 'Viral', 'Reel', 'Trending', 'Comedy', 'Funny', 'Short', 'Ytshorts', 'Keshav', 'Shashi', 'Jokes', 'vlogs', 'Family']",लेकिन एक सेकंड लेकिन ये साला कर क्या रहा है यहां पे? रुको जरा सबर करो। क्या देखना पड़ेगा?,UClyw32fdzLCsqbkfzhdrtXA,Keshav Shashi Vlogs,23524748,220553,738,0,2026-02-27T10:22:04Z,,,,,PT25S,25,2d,hd,false,rectangular,True,public,youtube,True,True,False,,[],[],22,hi,en-IN,"['https://en.wikipedia.org/wiki/Entertainment', 'https://en.wikipedia.org/wiki/Film', 'https://en.wikipedia.org/wiki/Humour']",[],https://i.ytimg.com/vi/fUUjOKkCVDE/default.jpg,https://i.ytimg.com/vi/fUUjOKkCVDE/maxresdefault.jpg,,,,,,Nicho 1 (Esquetes)
T0ejsYsPm2o,गैस सिलेंडर 😂 #anandraja #comedy #comedyshorts #funny #comedyvideos #shortvideos #shorts,,[],"अरे मेरी माई गैस तो खत्म हो गया। चावल भी नहीं पका। ननका मम्मी अभी गैस सिलेंडर नहीं मिलेगा। तुम्हें तो पता है ना युद्ध चल रहा है। अब दुनिया ना रहे। लड़ाई दूसरे देश में हो रही है। परेशानी हमारे देश में हो रही है। गोली वहां चल रही है। आवाज हमारे घर आ रही है। मम्मी गैस हिसाब से यूज़ करो। सिलेंडर मिल नहीं रहा है। पता है बेटावा। साला बहन यही मेरा चावल पका दो बहन मेरा गैस खत्म हो गया है। अरे पूनम बहन मेरा भी खत्म होने वाला है। भगभका रहा लाल जल रहा है। अरे पका दो पका है। बस थोड़ा सा कच्चा है। ये देखो कच्चा ही चावल है। थोड़ा सा पका नहीं पाऊंगी। गैसव मिल नहीं रही। तुम्हें तो पता है सब चीज में आग लगी है। मना तो ऐसा कर रहे हो जैसे हमसे कभी जरूरत ही ना पड़ेगी। अरे पूरे बहन जरूरत की बात नहीं है। अब तुम्हें तो पता है गैस कितनी महंग हो गई। हिल नहीं रही है। अरे तो बहन इतना जल्दी तुम्हारा गैस वो नहीं खत्म हो जाएगा। थोड़ा सा चूहे पे चढ़ा दोगी तो। है नहीं थोड़ा सा है। अब चाहे जब खत्म हो जाए। बोला कि नहीं पकाउंगी। बात खत्म करो। ठीक है। नहीं पकाउंगी बस। हां देखती हूं। क्या कभी आम इमली से भेंट ही नहीं होगा? तुमको भी जरूरत पड़ेगी किसी ना किसी दिन। जो दिल में भरा तूने देखेगी और हां डीलर। एक ट्रक उपली जापान भिजवा दो और एक ट्रक उपली अमेरिका भिजवा दो और ट्रंप से बात करवा देना मेरी। हां ठीक है। बेटा भैंस को बोलो थोड़ा गोबर ज्यादा करें। उसका चारा पानी बढ़ा देंगे हम। आओ बबली आओ उपली लेने आई हो? हां दीदी उपली लेने आई हूं। ले लो। ₹5 की एक उपली पड़ेगी। ₹5 नहीं ₹1 लगाओ। चलो ठीक है। तुम हमारी सखी सैली हो तो ₹1 में लगा देती हूं। हां। चलो पर्ची कटाओ। हां भैया पर्ची काटो। हां पर्ची कटाओ। हमको जीएसटी देना पड़ता है। इनकम टैक्स वाले आते हैं। नाम बबली। पति का नाम? दीदी बता दो। दपेल। दीदी नमस्ते। बैठो नीचे। दीदी ऊपरी लेने आई थी। 1000 की एक उपली। इतना महंगा? हां। इससे अच्छा तो मैं मंगरू की खीं ले लो। जाओ चली जाओ। हेलो डमरू, सरला गई है तुम्हारे यहां उपली लेने। उनको 1200 की एक हुपली देना। हां, नहीं तो तुम जानो और तुम्हारा काम जानेगा। जिस तरफ वहां सिलेंडर का रास्ता रोक दिया गया है, उस तरफ हम तुम्हारा इधर से रास्ता रोक देंगे। मैडम, तुम बहुत हो गई हो ना, तुम ऊपर ही दे रही हो ना, मुझे दूसरे से लेने दे रही हो। तो तुमने बनाया मुझे सरला। हां, मुझे आज भी वो दिन याद है। जब तुम्हारे यहां चावल पकाने आई थी। तुमने चावल नहीं पकाया, मैं कच्चा चावल खाई। और वही कच्चा चावल दूसरे दिन बाथरूम में खड़ा-खड़ा निकला। उंगली दे रही है या नहीं? नहीं दूंगी उंगली। जिस तरह मैं कच्चा चावल खा के सोई थी, उस तरह मैं भी तुम्हें भूखा सुलाऊंगी। तब जाके मेरे कलेजे को ठंडक मिलेगी। मैम मैम प्लीज इसमें शाइन करो। अभी टाइम नहीं है। जाओ यहां से। प्लीज मैम जाओ यहां से हटो। प्लीज मैम कॉमन ससेंस कहीं के। सॉरी मैम।",UC_l1E50_r3p1Gv4_sLYNizg,Anand raja official,20794059,435212,2553,0,2026-03-15T03:13:45Z,,,,,PT3M,180,2d,hd,false,rectangular,True,public,youtube,True,True,False,,[],[],23,hi,hi,"['https://en.wikipedia.org/wiki/Entertainment', 'https://en.wikipedia.org/wiki/Film']",[],https://i.ytimg.com/vi/T0ejsYsPm2o/default.jpg,https://i.ytimg.com/vi/T0ejsYsPm2o/maxresdefault.jpg,,,,,,Nicho 1 (Esquetes)
WvtWwJfihio,देवर V/S भाभी होली 😜🤪 Comedy Reels #funny #viral #shorts #trending #youtubeshorts,"देवर V/S भाभी होली 😜🤪 Comedy Reels #funny #viral #shorts #trending #youtubeshorts  

Keywords:-
keshav shashi vlogs,
Keshav shashi vlog,
Keshav shashi block,
keshav shashi shorts,
keshav shashi funny video,
hansi wali video,
tik tok video,
tiktok,
tiktok new video,
twist in end,
twist in end shorts,
try not to laugh,
try not to laugh challenge,
Viral Shorts Video,
Trending Shorts Video,
Viral Prank Video,
Trending Prank Video,
nitin mridul,

funny video funny video,
funny video movie scene,
funny video reaction,
funny video sab lool hai,
funny video bhojpuri,
funny video short,
funny video comedy,
funny video tik tok,
funny video statuss,
funny video 2025,
funny shorts,
funny shorts video,
funny shorts tiktok,
funny shorts in hindi,
funny shorts dushyant kukreja,
funny shorts memes,
comedy video tik tok,

comedy video kapil sharma,
comedy video movie,
comedy video short,
comedy video comedy video,
comedy video status,
hindi comedy video,
comedy shorts,
comedy shorts video,
comedy shorts in hindi,
kaam wali comedy shorts,
stand up comedy,

#comedy #haryanvicomedy #haryanvi #ytshort #haryana #shortsfeed #shortsyoutube #shortsvideo 

#sasbahukicomedy #sasbahukinokjhok #sasbahustory #sasbahucomedy 

#parashthakralvlogs #pubgmobile #soravjoshi #souravjoshivlogs #familyfitness #family #familyvlog #themridul #myfamily 

#shortsbreak #keshavshashivlogs","['Comedy video', 'Haryanvi comedy', 'Hindi Comedy video', 'funny comedy shorts', 'funny video', 'funny video haryanvi', 'haryanvi comedy video', 'keshav shashi vlogs', 'latest haryanvi jokes', 'new haryanvi jokes', 'shorts', 'viral comedy shorts', 'funny shorts', 'comedy shorts', 'sas bahu ki comedy', 'Viral', 'Reel', 'Trending', 'Comedy', 'Funny', 'Short', 'Ytshorts', 'Keshav', 'Shashi', 'Jokes', 'vlogs', 'Family']",लेकिन एक सेकंड होली भाई भाभी भाभी जाएगा ये क्या है प्रभुता हूं ये क्या हुआ बाय बाय टाटा इसको गुड बाय लिखना पड़ेगा हां।,UClyw32fdzLCsqbkfzhdrtXA,Keshav Shashi Vlogs,24420892,275998,881,0,2026-02-23T09:13:06Z,,,,,PT27S,27,2d,hd,false,rectangular,True,public,youtube,True,True,False,,[],[],22,hi,en-IN,"['https://en.wikipedia.org/wiki/Entertainment', 'https://en.wikipedia.org/wiki/Film']",[],https://i.ytimg.com/vi/WvtWwJfihio/default.jpg,https://i.ytimg.com/vi/WvtWwJfihio/maxresdefault.jpg,,,,,,Nicho 1 (Esquetes)
m20sKPoIyUw,Power of🥃दारु 😜🤪 Comedy Shorts #comedy #funny #trending #shorts #youtubeshorts,"Power of🥃दारु 😜🤪 Comedy Shorts #comedy #funny #trending #shorts #youtubeshorts 

Keywords:-
keshav shashi vlogs,
Keshav shashi vlog,
Keshav shashi block,
keshav shashi shorts,
keshav shashi funny video,
hansi wali video,
tik tok video,
tiktok,
tiktok new video,
twist in end,
twist in end shorts,
try not to laugh,
try not to laugh challenge,
Viral Shorts Video,
Trending Shorts Video,
Viral Prank Video,
Trending Prank Video,
nitin mridul,

funny video funny video,
funny video movie scene,
funny video reaction,
funny video sab lool hai,
funny video bhojpuri,
funny video short,
funny video comedy,
funny video tik tok,
funny video statuss,
funny video 2025,
funny shorts,
funny shorts video,
funny shorts tiktok,
funny shorts in hindi,
funny shorts dushyant kukreja,
funny shorts memes,
comedy video tik tok,

comedy video kapil sharma,
comedy video movie,
comedy video short,
comedy video comedy video,
comedy video status,
hindi comedy video,
comedy shorts,
comedy shorts video,
comedy shorts in hindi,
kaam wali comedy shorts,
stand up comedy,

#comedy #haryanvicomedy #haryanvi #ytshort #haryana #shortsfeed #shortsyoutube #shortsvideo 

#sasbahukicomedy #sasbahukinokjhok #sasbahustory #sasbahucomedy 

#parashthakralvlogs #pubgmobile #soravjoshi #souravjoshivlogs #familyfitness #family #familyvlog #themridul #myfamily 

#shortsbreak #keshavshashivlogs","['Comedy video', 'Haryanvi comedy', 'Hindi Comedy video', 'funny comedy shorts', 'funny video', 'funny video haryanvi', 'haryanvi comedy video', 'keshav shashi vlogs', 'latest haryanvi jokes', 'new haryanvi jokes', 'shorts', 'viral comedy shorts', 'funny shorts', 'comedy shorts', 'sas bahu ki comedy', 'Viral', 'Reel', 'Trending', 'Comedy', 'Funny', 'Short', 'Ytshorts', 'Keshav', 'Shashi', 'Jokes', 'vlogs', 'Family']",अबे मजा आएगा नाो ये क्या है अरे बाबा हे भगवान जय बजरंगबली देख अब तू यहां बेटा अब तू यहां देख अरे मुझे बचा ले रे पी ले पी ले ओ मेरे राजा भाई भाई वहां किसी ने टोना कर रखा था और उसपे मेरा पैर आ गया और अब मुझे हर जगह भूत दिखाई दे रहे हैं। भूत हां भू बहुत-बत कुछ देता है भाई तेरा भाई बैठा है ना तू डर क्यों रहा है भूत तेरी बहन का तू यहां टोपा पहने बैठा है या इतनी सर्दी में बिना टोपा बैठे हैं? भाई बचा ले रे फटाफट लगा। भैया क्या देखना पड़ रहा,UClyw32fdzLCsqbkfzhdrtXA,Keshav Shashi Vlogs,20598816,376387,1342,0,2026-01-11T11:47:49Z,,,,,PT1M27S,87,2d,hd,false,rectangular,True,public,youtube,True,True,False,,[],[],22,hi,en-IN,"['https://en.wikipedia.org/wiki/Entertainment', 'https://en.wikipedia.org/wiki/Film', 'https://en.wikipedia.org/wiki/Humour']",[],https://i.ytimg.com/vi/m20sKPoIyUw/default.jpg,https://i.ytimg.com/vi/m20sKPoIyUw/maxresdefault.jpg,,,,,,Nicho 1 (Esquetes)
9rsRktTUwKI,Dost ki हवा बाजी  🤣 😂 Comedy Shorts #shorts #ytshorts #viral #trending #comedy,"Dost ki हवा बाजी  🤣 😂 Comedy Shorts #shorts #ytshorts #viral #trending #comedy

Keywords:-
social simran vlogs,
social simran,
simran vlogs,
keshav shashi vlogs,
Keshav shashi vlog,
Keshav shashi block,
keshav shashi shorts,
keshav shashi funny video,
hansi wali video,
tik tok video,
tiktok,
tiktok new video,
twist in end,
twist in end shorts,
try not to laugh,
try not to laugh challenge,
Viral Shorts Video,
Trending Shorts Video,
Viral Prank Video,
Trending Prank Video,
nitin mridul,

funny video funny video,
funny video movie scene,
funny video reaction,
funny video sab lool hai,
funny video bhojpuri,
funny video short,
funny video comedy,
funny video tik tok,
funny video statuss,
funny video 2023,
funny shorts,
funny shorts video,
funny shorts tiktok,
funny shorts in hindi,
funny shorts dushyant kukreja,
funny shorts memes,
comedy video tik tok,

comedy video kapil sharma,
comedy video movie,
comedy video short,
comedy video comedy video,
comedy video status,
hindi comedy video,
comedy shorts,
comedy shorts video,
comedy shorts in hindi,
kaam wali comedy shorts,
stand up comedy,

#comedy #haryanvicomedy #haryanvi #ytshort #haryana #shortsfeed #shortsyoutube #shortsvideo 

#sasbahukicomedy #sasbahukinokjhok #sasbahustory #sasbahucomedy 

#parashthakralvlogs #pubgmobile #soravjoshi #souravjoshivlogs #familyfitness #family #familyvlog #themridul #myfamily 

#shortsbreak #keshavshashivlogs 

    @MYFAMILYComedy @amitffytcomedy @shemaroobollywoodcomedy @CaptainComedy545 @goldminesgreatindiancomedy2048 @keshavshashivlogs","['Comedy video', 'Haryanvi comedy', 'Hindi Comedy video', 'funny comedy shorts', 'funny video', 'funny video haryanvi', 'haryanvi comedy video', 'keshav shashi vlogs', 'latest haryanvi jokes', 'new haryanvi jokes', 'shorts', 'viral comedy shorts', 'funny shorts', 'comedy shorts', 'mother and prince', 'sas bahu ki comedy', 'Viral', 'Reel', 'Trending', 'Comedy', 'Funny', 'Short', 'Ytshorts', 'Keshav', 'Shashi', 'Jokes', 'vlogs', 'Family']",हाय हेलो इतनी लेट कैसे हो गई? मैं कब से वेट कर रहा हूं? अरे वो मेरे ड्राइवर ने लेट करा दिया। परफ्यूम तो अच्छा लगाया है। तुम्हारी तरह लोकल नहीं लगाती ना। फ्लोरा लगाती हूं मैं। मम्मी अरे बेटा पोछा लगाया है। जूते बाहर ही उतार के आना। ठीक है। बाहर उतारने पड़ेंगे? हां हां यहीं उतार दो। ओह नो नो नो नो। [हंसी],UCJpwUX6KnGyqUVdlQIV3Odg,Social Simran,22713506,250202,608,0,2026-01-05T10:00:03Z,,,,,PT32S,32,2d,hd,false,rectangular,True,public,youtube,True,True,False,,[],[],22,hi,en-IN,"['https://en.wikipedia.org/wiki/Entertainment', 'https://en.wikipedia.org/wiki/Film', 'https://en.wikipedia.org/wiki/Humour']",[],https://i.ytimg.com/vi/9rsRktTUwKI/default.jpg,https://i.ytimg.com/vi/9rsRktTUwKI/maxresdefault.jpg,,,,,,Nicho 1 (Esquetes)
p9yWK51wV58,पूनम ने लिये उधार रुपये …😂 #anandraja #comedy #comedyshorts #funny #shorts,,[],"इतनी उम्र बीत गई बबली कभी किसी के आगे हाथ नहीं फैलाई लेकिन एक परानी से हार गई अपने घर परिवार से हार गई हूं 2 महीने से उनकी तनख्वाह नहीं मिल रही है ₹2000 हो तो दे दो मैं तुम्हारे एक हफ्ते में वापस कर दूंगी अरे हे दीदी दीदी अरे हे ओढ़नी वाली अरे हे पूनम्मा हमको बुला रही हो क्या? हां तुम्हें ही बुला रही हूं। बहुत चप्पे-चप्पे जा रही हो। हम सोचे किसी और को बुला रही हो। आजकल दिमाग स्थिर नहीं रहता है बहिनी। देर हो रही घर पे कोई है नहीं। मिलते हैं कभी फुर्सत में। नो नो नो नो दीदी हां काहे लुका रही हो कहां लुका रहे हो बहनी काम कर रहे थे साफ सफाई और और बढ़िया ठीक है ठीक है थोड़ा काम कर लो घर का अब बहनी 2000 रखी थी बच्चों की स्कूली फीस के लिए वो भी आई लेके चली गई अब बताओ अब हमसे मुंह छुपवा के भाग रही है ढुकुल खेल रही है हमारे साथ। मुझसे भी ₹2000 लेके गई। उस दिन जा रही तो मैं बुला रही थी ऐसे करके जा रही है जैसे मैं मुझे पहचानती ही नहीं है। एक काम करो कल इनके घर चलो। बात खत्म। ए बाबा ननका को पकड़ो। सरला और बबली आ रही है। पूछे तो बताना मत। अरे कहां चढ़ी जा रही है? दादा, पूनम बहन कहां पे हैं? अरे भैया तो बाहर गई है। देखो कितना भागती है ये। आना जाना तो अपने बगल से ही है। कल ही इनको रास्ते में रोकती हूं। नहीं इधर से नहीं जाऊंगी। इधर पब्लिक का घर पड़ता है। अभी पैसे मांगने लगेंगी। हां बाबा। अरे 100 मीटर आने में कितना समय लग रहा है तुमको? अरे बाबा रास्ते में हूं। आ रही हूं। आओ जल्दी। जोर का झटका हाय जोरों से लगा",UC_l1E50_r3p1Gv4_sLYNizg,Anand raja official,20190321,370530,1206,0,2026-01-23T03:25:32Z,,,,,PT2M53S,173,2d,hd,false,rectangular,True,public,youtube,True,True,False,,[],[],23,hi,hi,"['https://en.wikipedia.org/wiki/Entertainment', 'https://en.wikipedia.org/wiki/Film']",[],https://i.ytimg.com/vi/p9yWK51wV58/default.jpg,https://i.ytimg.com/vi/p9yWK51wV58/maxresdefault.jpg,,,,,,Nicho 1 (Esquetes)
hAqzKMe10jY,इकलौते बेटे की शादी 😂 #anandraja #comedy #comedyshorts #funny #comedyvideos #shorts,,[],"एक ही लड़कियां है बचपन से लेके जवानी तक उसको बड़े लाड प्यार से पाली हूं। उसकी शादी पूरे धूमधाम से करेंगे। पूरी जान लगा देंगे। घर का सामान लगा देंगे। पूरा ईमान लगा देंगे। बहुत बहने में सब डबल डबल जाएगा। डबल हार, डबल मंकी का, डबल नथिया, डबल नक बोल्ला, डबल कनबलिया, डबल पायल, डबल छागल, सब डबल डबल जाएगा। सब शादी में सात थान, 12 थान गहना ले जाते हैं लेकिन हम 24 थान ले जाएंगे। किरनी बेचकर के गहना लेके जाएंगे? मुर्दा बेचके ले जाएंगे। मम्मी मैं भी गिफ्ट में स्कूटी लूंगी। लो बिटिया स्कूटी लेगी। टेंशन मत लो बिटिया। हम तुम्हारे ब्याह में सड़क बनाने वाले तुमको रोलर देंगे। रोलर हां वही आ मुसारा रे मुसारा मुसारा ला दूल है मुसारा से पूरा ना होजा में क्या दे रहे हो दुल्हनियों को मैंने तो कुछ नहीं लिया तो बिठा [हंसी] के लड़के बेइज्जती करा दो ये लो मंगलसूत्र दे देना ठीक है। जाओ बेटा बेस्ट ऑफ लक। [हंसी] चलो चलो दुल्हन के रूप से सब बाहर निकलो। चलो जल्दी निकलो बाहर। निकलो। बहनी एक अनोखा का पता उतारे। अनोखा के तो है हमारे पता। एक ही लड़का एक ही पता। आजकल जमाना बहुत खराब है। एक तो एक ही पता। अभी कोई टोनाटका कर दीजिए तो। सुनो बहू हमारा एक ही लड़का है। बहुत लाट प्यार से पाली हूं। रात में उसको ज्यादा परेशान मत करना। बच्चे देखकर रोने लगता है। सुनो बबली तुम्हारी पांच बहू है और पांचों की मोदखाई में मैंने ₹1000 दिया है। अब पांचों का मैं इकट्ठा ही लूंगी। मेरी बहू को 5151 मोठाई देके आओ। और गिफ्ट में क्या लाई हो? कितली लाई हूं दीदी। केतली लाई हूं देखो जरा तो। ठीक ही है। केतली। और कुछ चीन बखशी दे रही हो। चांदी सोना। नाग की लाई हूं ना। हां दिखाओ दिखाओ। [संगीत] ये देखो माछी की मूड़ी लेके आई हैं। एक तो हमारी एक बहू बार-बार मौका नहीं मिलता है देने को। लेने को तो पांच बार ले ली। जी [हंसी] बजट के हिसाब से देखते हो ना। सुनो बहू हमारे गांव का रिवाज है। हमारे गांव के सारे लोग एक महीने तक तुमको देखने आएंगे और एक महीने तक एक भी गहना उतरना नहीं चाहिए। पूरब में मुंह करके खड़ी हो जाओ। रसोइयां छू के जाओ। हम अपनी बहू से ज्यादा काम नहीं करवाएंगे। एक तो हमारी एक ही बहू नोगी। सूरज बेटा बहू के हाथ की मेहंदी छूट रही है। ब्यूटी पार्लर वाली को बुला लाओ। एक तो हमारी एक ही बहू, इनके मायके वाले से बोल दो हम चौथ में विदाई नहीं करेंगे। एक महीने तक रखेंगे। अरे हमारी इकलौती बहू है। अभी हम इसके हाथ की रोटी खाएंगे बेचारे। हां। क्या हुआ बहू? बहनी इतना जल्दी, मैं तो अपने लड़कों को अभी बच्चा समझती थी। [हंसी]",UC_l1E50_r3p1Gv4_sLYNizg,Anand raja official,19465597,394098,1896,0,2026-01-29T03:37:53Z,,,,,PT2M48S,168,2d,hd,false,rectangular,True,public,youtube,True,True,False,,[],[],23,hi,hi,"['https://en.wikipedia.org/wiki/Entertainment', 'https://en.wikipedia.org/wiki/Film']",[],https://i.ytimg.com/vi/hAqzKMe10jY/default.jpg,https://i.ytimg.com/vi/hAqzKMe10jY/maxresdefault.jpg,,,,,,Nicho 1 (Esquetes)
qxBwVdT9ue4,1 मिनट में महौल बादल दिया 😜🤪 Comedy Shorts #comedy #viral #shorts #funny #trending,"1 मिनट में महौल बादल दिया 😜🤪 Comedy Shorts #comedy #viral #shorts #funny #trending 

Keywords:-
keshav shashi vlogs,
Keshav shashi vlog,
Keshav shashi block,
keshav shashi shorts,
keshav shashi funny video,
hansi wali video,
tik tok video,
tiktok,
tiktok new video,
twist in end,
twist in end shorts,
try not to laugh,
try not to laugh challenge,
Viral Shorts Video,
Trending Shorts Video,
Viral Prank Video,
Trending Prank Video,
nitin mridul,

funny video funny video,
funny video movie scene,
funny video reaction,
funny video sab lool hai,
funny video bhojpuri,
funny video short,
funny video comedy,
funny video tik tok,
funny video statuss,
funny video 2025,
funny shorts,
funny shorts video,
funny shorts tiktok,
funny shorts in hindi,
funny shorts dushyant kukreja,
funny shorts memes,
comedy video tik tok,

comedy video kapil sharma,
comedy video movie,
comedy video short,
comedy video comedy video,
comedy video status,
hindi comedy video,
comedy shorts,
comedy shorts video,
comedy shorts in hindi,
kaam wali comedy shorts,
stand up comedy,

#comedy #haryanvicomedy #haryanvi #ytshort #haryana #shortsfeed #shortsyoutube #shortsvideo 

#sasbahukicomedy #sasbahukinokjhok #sasbahustory #sasbahucomedy 

#parashthakralvlogs #pubgmobile #soravjoshi #souravjoshivlogs #familyfitness #family #familyvlog #themridul #myfamily 

#shortsbreak #keshavshashivlogs","['Comedy video', 'Haryanvi comedy', 'Hindi Comedy video', 'funny comedy shorts', 'funny video', 'funny video haryanvi', 'haryanvi comedy video', 'keshav shashi vlogs', 'latest haryanvi jokes', 'new haryanvi jokes', 'shorts', 'viral comedy shorts', 'funny shorts', 'comedy shorts', 'sas bahu ki comedy', 'Viral', 'Reel', 'Trending', 'Comedy', 'Funny', 'Short', 'Ytshorts', 'Keshav', 'Shashi', 'Jokes', 'vlogs', 'Family']",लेकिन एक सेकंड मजा आएगा नाो ये क्या है कहां बेमान ये क्या हुआ देखना पड़ रहा,UClyw32fdzLCsqbkfzhdrtXA,Keshav Shashi Vlogs,21702851,262761,1374,0,2026-03-24T10:21:10Z,,,,,PT25S,25,2d,hd,false,rectangular,True,public,youtube,True,True,False,,[],[],22,hi,en-IN,"['https://en.wikipedia.org/wiki/Entertainment', 'https://en.wikipedia.org/wiki/Film']",[],https://i.ytimg.com/vi/qxBwVdT9ue4/default.jpg,https://i.ytimg.com/vi/qxBwVdT9ue4/maxresdefault.jpg,,,,,,Nicho 1 (Esquetes)
k7Rtx8chynw,Sas nanad bahu😂 #anandraja #comedy #comedyshorts #funny #comedyvideos #shorts,,[],"मम्मी चलो खाना खा लो। जाओ खाओ। हमको भूख नहीं है। दीदी ये क्या है? खाना खा लो। जब मम्मी नहीं खा रही तो मैं भी नहीं खाऊंगी। क्या बोलूं? तोहर मैं ही छीना तोहर बहने छिना। दिल्ली से ये लोग खाना नहीं खा रहे हैं। सुबह बनाए तो नहीं खाए। शाम को बनाए तो नहीं खाए। सुबह फिर से बनाए फिर नहीं खाई। हां तुम्हारी बहनियां भी नहीं खा रही हैं। कह रही है एक मम्मी नहीं खा रही तो मैं भी नहीं खाऊंगी। वही कुरकुरे मुरकुरे खा के पड़ी है और तुम्हारी मम्मी गुड़ खा के दो लोटा पानी पी ले रही बस वैसे पड़ी है। आज तीन दिन से देख रही हूं जैसे मैं इस घर में दुश्मन हो गई हूं। तुम्हारी माई धिया कभी इस रूम में कभी उस रूम में भुसुर भुसुर लगाई है। हर जगह हमारी बुराई कर रही हैं। दोनों जनी आपस में भल भला रही है और हमको देखते ही हप्प पुकार रही हैं। जैसे मुंह में गलफुलना बीमारी हो गई हो। लो बेटा तुम लोग खाना खाओ और जाओ खेलो कूदो। आज तो संडे है कल मंडे रहेगा कल स्कूल चले जाना। मम्मी बुआ क्यों खाना नहीं खाई? बुआ तुम्हारी डाइट पे हैं। कमर पतली कर रही हैं। उनके बॉयफ्रेंड ने उनको रिजेक्ट कर दिया है ना। दादी क्यों नहीं खाए? दादी तुम्हारी व्रत रखी हैं। अब नए दादा आएंगे ना। नया दादा आएंगे? हां इसीलिए व्रत रखी है बेटावा। देख रही हो मम्मी अपना बना के खा ले। अपने बच्चों को बना के खिला दे। मां बेटी जाए भटक को लिया में। इको लक्ष्मणियां के हाथ का बना खाना खाऊंगी। जिसके बात में दम ना शरीर में दम। फूंक दो तो उड़ जाए। बस आती है ऊपर ऊपर लिपरी लगाने। कोरम पूरा करने आती हैं। मम्मी चलो तुम खा लो, दीदी चलो तुम खा लो। भैया भी फोन नहीं किए। हमारे पास कॉल करेगा। चुड़ैलिया के पास किया होगा। अब तो वो सब कुछ हो गई है उसकी। दुनिया स्वार्थी है। पालपस दी, पढ़ा लिखा दी, शादी ब्याह करा दी। अब मां-बाप से क्या मतलब रह गया? आज से मैं खुद बनाऊंगी, खुद खाऊंगी। भगवान हाथ पैर दिए हैं। माई बिटिया बना के खा लेंगे। बिल रे बिल ये बिलरिया रावा ना परेशान करके रख दी है। हो तो माई बहन हो जाए। ये देखो हमसे फालतू में बकवास ना करो। ठीक है। तुम माई बिटिया तीन दिन से सोच रही हो कि ये कुछ बोले और हम झगड़ा करें। जब से आई है गंधवा के रख दी है। कहां गंधवा के रख दी हूं? अरे हे चतुरपुर की चतुर बिटिया। अब बताओ एक ही हमारा बेटा था। उसको अपने बस में करके रखी है। तुम्हारा बेटवा खुद जानता है कि तुम माई बिटिया कैसी हो? जब से आई उसको उंगली पे नचा रही हो। हम माई बिटिया को नहीं नचा पाओगी। ठीक है? मैं क्या नचाऊंगी उंगली पे? शुक्र करो मेरे आने से यह नरक वाला घर स्वर्ग बन गया। सब पे गाड़ी हल्दी लाईला। नहीं तो इस घर में कोई शादी तक नहीं करता था। कोई अपनी बिटिया नहीं होता था। हां खड़े रह के मार को खा के कोई शादी नहीं करता था इस घर में। तुम देखी थी ना कुशल मनाओ तुम्हारा ठिकान लग गए रे जो शूर है ना तुम्हारा भी कहीं नहीं लगता। अरे जा जितना तुम महतारी बिटिया मुझे परेशान कर रही हो ना वो मुझे ही पता है। बताओ बर्तन मैं माज रही हूं। किचन मैं साफ कर रही हूं। साफ सफाई मैं कर रही हूं। सारा काम मुझसे करा रही हैं। बस मेरे हाथ का खाना नहीं खा रही हैं। हमारे हाथ खनवा गंध बांट रही हो। ज्यादा बोलोगी ना यही बेलनो मुंह में डाल दूंगी। अरे तुम क्या मेरे मुंह में डालोगी? जहां जाओगी ना खुद तुम्हारे मुंह में डाल देगा।",UC_l1E50_r3p1Gv4_sLYNizg,Anand raja official,19440647,382120,1927,0,2026-02-02T03:12:00Z,,,,,PT3M1S,181,2d,hd,false,rectangular,True,public,youtube,True,True,False,,[],[],23,hi,en,"['https://en.wikipedia.org/wiki/Entertainment', 'https://en.wikipedia.org/wiki/Film']",[],https://i.ytimg.com/vi/k7Rtx8chynw/default.jpg,https://i.ytimg.com/vi/k7Rtx8chynw/maxresdefault.jpg,,,,,,Nicho 1 (Esquetes)
EZ5NQWBNr8w,Shala Rocks Jija Shock 😜🤪 Comedy Shorts Keshav Shashi Vlogs #funny #shorts #comedy #trending,"Shala Rocks Jija Shock 😜🤪 Comedy Shorts Keshav Shashi Vlogs #funny #shorts #comedy #trending 

Keywords:-
keshav shashi vlogs,
Keshav shashi vlog,
Keshav shashi block,
keshav shashi shorts,
keshav shashi funny video,
hansi wali video,
tik tok video,
tiktok,
tiktok new video,
twist in end,
twist in end shorts,
try not to laugh,
try not to laugh challenge,
Viral Shorts Video,
Trending Shorts Video,
Viral Prank Video,
Trending Prank Video,
nitin mridul,

funny video funny video,
funny video movie scene,
funny video reaction,
funny video sab lool hai,
funny video bhojpuri,
funny video short,
funny video comedy,
funny video tik tok,
funny video statuss,
funny video 2025,
funny shorts,
funny shorts video,
funny shorts tiktok,
funny shorts in hindi,
funny shorts dushyant kukreja,
funny shorts memes,
comedy video tik tok,

comedy video kapil sharma,
comedy video movie,
comedy video short,
comedy video comedy video,
comedy video status,
hindi comedy video,
comedy shorts,
comedy shorts video,
comedy shorts in hindi,
kaam wali comedy shorts,
stand up comedy,

#comedy #haryanvicomedy #haryanvi #ytshort #haryana #shortsfeed #shortsyoutube #shortsvideo 

#sasbahukicomedy #sasbahukinokjhok #sasbahustory #sasbahucomedy 

#parashthakralvlogs #pubgmobile #soravjoshi #souravjoshivlogs #familyfitness #family #familyvlog #themridul #myfamily 

#shortsbreak #keshavshashivlogs","['Comedy video', 'Haryanvi comedy', 'Hindi Comedy video', 'funny comedy shorts', 'funny video', 'funny video haryanvi', 'haryanvi comedy video', 'keshav shashi vlogs', 'latest haryanvi jokes', 'new haryanvi jokes', 'shorts', 'viral comedy shorts', 'funny shorts', 'comedy shorts', 'sas bahu ki comedy', 'Viral', 'Reel', 'Trending', 'Comedy', 'Funny', 'Short', 'Ytshorts', 'Keshav', 'Shashi', 'Jokes', 'vlogs', 'Family']","आई। बहन, मेरा कुछ चटपटा खाने का मन कर रहा है। मन तो मेरा भी कर रहा है। हां मंगवा लो। ऐसा करते हैं तीनों जने कॉनंट्रीब्यूशन करके मंगवा लेते है। मेरे पैसे तेरे जीजा जी दे देंगे। मैं डोसा खाऊंगी। ठीक है मैं पिज़्ज़ा खा लेता हूं। मेरे पास ना कैश नहीं है। आप मुझे सेंड कर दो। मैं ऑर्डर कर देता हूं। ठीक है जी। देखना जीजा जी आ गए होंगे। ना जी नहीं आए। देखो जरा ध्यान से आ गए होंगे। ना ना। मेरे हिसाब से तो नहीं आए। देखो आ गए। क्या हुआ? कुछ नहीं हुआ। एकदम से पेमेंट आ गई ना? अच्छा। भगवान ओ जीजा जी ये तो 400 की जगह 4000 आ गए। अरे ऐसे कैसे आ गए 4000? अरे चिल्ला क्यों रहे हो? लाला भाई मुझे दिखा तू। हां दीदी आप देख लो। अभी देखा मैंने 4000 ही आ गए भाई। 400 काट के 3600 वापस देता हूं। तसल्ली से देख लो जिया जी। बेईमानी वाली कोई बात नहीं है। आ गए ना। अरे",UClyw32fdzLCsqbkfzhdrtXA,Keshav Shashi Vlogs,20906687,316554,778,0,2026-01-22T09:48:27Z,,,,,PT51S,51,2d,hd,false,rectangular,True,public,youtube,True,True,False,,[],[],22,hi,en-IN,"['https://en.wikipedia.org/wiki/Entertainment', 'https://en.wikipedia.org/wiki/Film', 'https://en.wikipedia.org/wiki/Humour']",[],https://i.ytimg.com/vi/EZ5NQWBNr8w/default.jpg,https://i.ytimg.com/vi/EZ5NQWBNr8w/maxresdefault.jpg,,,,,,Nicho 1 (Esquetes)
cZtbigS4dP8,Babli ki beti…😂 #anandraja #comedy #comedyshorts #funny #comedyvideos #shorts,,[],"बताओ 3 घंटे से गायब है फ़ोन भी स्विच ऑफ बता रहा है। पता नहीं कहां चली गई है। क्या हुआ बबली? कौन- 3 घंटे से गायब है? अरे दीदी, कुछ नहीं। अरे बता दो। बाद में कोई प्रॉब्लम होगा तो मेरे पास ही दौड़ के आओगी। गांव भर में बात फैलने से अच्छा है कि मैं यही सलूशन ढूंढ दूं। अरे दीदी क्या बताऊं पिनकी ना 4 घंटे से गायब है। फ़ोन भी नहीं उठा रही है। दीदी [हंसी] ए दीदी। ओ बहनी कहां गायब हो गई? कविता ए कविता। पता है पता है तुम्हारी बिटिया भाग गई भाग गई कौन बताया भाग गई अरे भाई पूनम बताई का चाची पकिया मिली नो नो नो नो का चाचा पकिया मिली [हंसी] अब उनकी महतारी बोल रही थी कि सुबह तीन घंटे से गायब है। मैं तो उसे एक हफ्ते से नहीं देती हूं। [हंसी] क्या हुआ? छत पे तो सो रही थी। [संगीत] ये बताओ तुमको लाश शर्म है कि नहीं? अब का कर रही थी बहनी मैं। ये बताओ पूरे गांव में ढिंढोरा पीट दी। उनकी बेटी भाग गई। बताओ क्या इज्जत रह गई मेरी? तुम्हें तो बोल रही थी कि 3 घंटे से गायब है। मैं जाके सबके घर पूछ रही थी कि इनकी बिटिया आई है कि नहीं। तो बताना जरुरी था गांव भर में। मैं क्या बताई? मत बोलिए इनकी बिटिया गायब है। अब लोग सामने से बोल रहे कि इनकी बिटिया भाग गई तो मैं क्या करूं इसमें? बताओ ये ये सही है कि गलत है? ये गलत है। ऐसा थोड़ी ना करना चाहिए। नहीं मैं भागी थी ना [हंसी] मैं भागी थी ना। अब भागो चाहे मत भागो बहन। तुम जा रहे हो। हां। तू ही रहता है तो फायर करके बताती हो तुम। अब तुम्हारे मन में कोई थोड़ी घुसा है। तुम भागी थी कि क्या करके आ रही हो? कहां थी इतनी देर तक? मेरे से बोली किसी से नहीं बताउंगी। इधर बोलते ही गप गायब। गप से गायब हो गई। गप गायब होके तुम्हारी गुफा में घुस गए जो तुम्हारी काली घाटी है। आदत सुधर ले तो बुरा हो जाएगा। क्या आदत सुधार लो। [हंसी] है तो कौवा काहे को चाची जाने दो तुम्हारे लिए कम था और चाहिए तुमको [हंसी]",UC_l1E50_r3p1Gv4_sLYNizg,Anand raja official,16308503,397642,2146,0,2026-01-21T03:22:09Z,,,,,PT2M2S,122,2d,hd,false,rectangular,True,public,youtube,True,True,False,,[],[],23,hi,en,"['https://en.wikipedia.org/wiki/Entertainment', 'https://en.wikipedia.org/wiki/Film']",[],https://i.ytimg.com/vi/cZtbigS4dP8/default.jpg,https://i.ytimg.com/vi/cZtbigS4dP8/maxresdefault.jpg,,,,,,Nicho 1 (Esquetes)
Na1NcvZBRjs,Me Vs Friend Vs Shopkeeper 🍫 Chocolate Chori (चोरी)  #minkutinku #shorts #comedy #funny #ashortaday,"Me Vs Friend Vs Shopkeeper 🍫 Chocolate Chori (चोरी) 😂
 
#minkutinku #shorts #ytshorts #comedy #funny #viral #viralvideo #viralshorts #trending #trendingshorts #friends","['#comedy', '#funny', '#funnyvideo', '#comedyvideo', '#viralvideo', '#shorts', '#ytshorts', '#youtubeshorts', '#shortvideo', '#trending', '#trendingshorts', '#viral', '#Dushyant_kukreja', '#bihariladka', '#rjkarishma2859', '#Chimkandi', '#Priyal Kukreja', '@ChetanMongaVlogs', '@salonayyy', '#WonderMunnaShorts', 'comedy', 'funny', '#tmkoc', '#TMKOC', '@spider-maaaaaaan', 'shorts', 'youtube', '#yt', 'Jethalal Gada', '#Jethalal', 'Sush & Yohan', '#indian', '#india', '#maa', 'Fight for Maggi', '#golgappa', '#TheVishalbhatt', '#ChetanMongaVlogs', '#TheMermaidscales', '#MabuCrush', 'Types Of Friends In School']",यार अंकल अंकलम में छुपा के दुकान में कोई नहीं है क्या? इतना सारा चॉकलेट है। लेके चलते हैं। नहीं नहीं हम ऐसे नहीं करेंगे। अंकल अभी किसी को पता भी नहीं चलेगा। मस्त लेके चलते हैं। दोनों मिलके खाएंगे। नहीं मैं ऐसे चुरा के नहीं खाऊंगी। ठीक है। नहीं लेंगे तो दोस्ती खत्म। मां बोलती है कभी कोई गलत काम मत करना। ठीक है दोस्ती खत्म तो जा खत्म लेकिन मैं इसे चुराऊंगी तो नहीं हां ठीक है मैं तो दोस्ती खत्म अंकल शाबाश बेटा मैं यहां नीचे बैठ के सब सुन रहा था तुम लोगों का बात तुम्हारे मम्मी पापा ने अच्छा संस्कार दिए दोस्ती तोड़ दी लेकिन गलत काम नहीं की एक चॉकलेट दे दीजिए ये लो ये लीजिए ये मेरे तरफ से नहीं अंकल नहीं चाहिए थैंक यू अंकल आजकल ऐसे बच्चे कहां मिलते,UCxi0dzokH2oIL6NfCgqmAsw,Minku Tinku,19202637,0,195,0,2026-02-05T08:28:55Z,,,,,PT58S,58,2d,hd,false,rectangular,True,public,youtube,True,True,False,,[],[],24,hi,en,"['https://en.wikipedia.org/wiki/Entertainment', 'https://en.wikipedia.org/wiki/Film']",[],https://i.ytimg.com/vi/Na1NcvZBRjs/default.jpg,https://i.ytimg.com/vi/Na1NcvZBRjs/maxresdefault.jpg,,,,,,Nicho 1 (Esquetes)
ljezCYi1ja8,फेंकने की भी हद होती है 😜🤪 Comedy Shorts #comedy #funny #youtubeshorts #shorts #trending,"फेंकने की भी हद होती है 😜🤪 Comedy Shorts #comedy #funny #youtubeshorts #shorts #trending 

Keywords:-
keshav shashi vlogs,
Keshav shashi vlog,
Keshav shashi block,
keshav shashi shorts,
keshav shashi funny video,
hansi wali video,
tik tok video,
tiktok,
tiktok new video,
twist in end,
twist in end shorts,
try not to laugh,
try not to laugh challenge,
Viral Shorts Video,
Trending Shorts Video,
Viral Prank Video,
Trending Prank Video,
nitin mridul,

funny video funny video,
funny video movie scene,
funny video reaction,
funny video sab lool hai,
funny video bhojpuri,
funny video short,
funny video comedy,
funny video tik tok,
funny video statuss,
funny video 2025,
funny shorts,
funny shorts video,
funny shorts tiktok,
funny shorts in hindi,
funny shorts dushyant kukreja,
funny shorts memes,
comedy video tik tok,

comedy video kapil sharma,
comedy video movie,
comedy video short,
comedy video comedy video,
comedy video status,
hindi comedy video,
comedy shorts,
comedy shorts video,
comedy shorts in hindi,
kaam wali comedy shorts,
stand up comedy,

#comedy #haryanvicomedy #haryanvi #ytshort #haryana #shortsfeed #shortsyoutube #shortsvideo 

#sasbahukicomedy #sasbahukinokjhok #sasbahustory #sasbahucomedy 

#parashthakralvlogs #pubgmobile #soravjoshi #souravjoshivlogs #familyfitness #family #familyvlog #themridul #myfamily 

#shortsbreak #keshavshashivlogs","['Comedy video', 'Haryanvi comedy', 'Hindi Comedy video', 'funny comedy shorts', 'funny video', 'funny video haryanvi', 'haryanvi comedy video', 'keshav shashi vlogs', 'latest haryanvi jokes', 'new haryanvi jokes', 'shorts', 'viral comedy shorts', 'funny shorts', 'comedy shorts', 'sas bahu ki comedy', 'Viral', 'Reel', 'Trending', 'Comedy', 'Funny', 'Short', 'Ytshorts', 'Keshav', 'Shashi', 'Jokes', 'vlogs', 'Family']",ओ हो हो हो बहुत ठंड भाई है। ये ठंड तो कुछ भी नहीं है भाई। एक बार हमारे घर जीजा जी आ गए। अच्छा पुआ मांगने लग गए। हमने बुआ के लिए मना कर दिया। चद्दर ओढ़ के सो गए। फिर क्या सुबह 4:00 बजे जब उठ के गए ना वो तो बिस्तर में से इतने बड़े-बड़े तीन बर्फ के गोले निकले। बर्फ कहां से आ गई? पाप था बांध दिया उन्होंने। ये ठंड तो कुछ भी नहीं है। ठंड तो हमारे बुआ के यहां पड़ती है। अच्छा? हां। एक बार मेरे फूफा जी ऑस्ट्रेलिया से गांव आ गए। गांव क्या है? गांव की एंट्री पे ही जम गए। अच्छा फिर? फिर क्या ऐसी की ऐसी बर्फ ऑस्ट्रेलिया पहुंचानी पड़ गई वहां जाते ही नॉर्मल भगवान अब देख तू अब देख ये ठंड तो कुछ भी नहीं ठंड तो मेरे मायके में पड़ती है बताइए भाई एक बार मेरे दादाजी मर गए जैसी आत्मा शरीर से बाहर निकली ना निकलते ही जम गई फिर क्या हमने पिघला के दादा जी के अंदर डाल दी दादाजी जिंदा इतनी है अरे भाई सच्ची बड़ी बंडी तुम तो इतनी भी कोई फेंकता है या,UClyw32fdzLCsqbkfzhdrtXA,Keshav Shashi Vlogs,17508436,323879,1173,0,2026-01-27T09:03:09Z,,,,,PT58S,58,2d,hd,false,rectangular,True,public,youtube,True,True,False,,[],[],22,hi,en-IN,"['https://en.wikipedia.org/wiki/Entertainment', 'https://en.wikipedia.org/wiki/Film', 'https://en.wikipedia.org/wiki/Humour']",[],https://i.ytimg.com/vi/ljezCYi1ja8/default.jpg,https://i.ytimg.com/vi/ljezCYi1ja8/maxresdefault.jpg,,,,,,Nicho 1 (Esquetes)
i6Bmza-YLek,OMG Cockroach!😱 #shorts Best video by MoniLina,"Thank you for watching our channel MoniLina!
Please subscribe to our channel and don't forget to turn on the notification button!
#shorts #monilina",[],[laughter] Eat more. [laughter] [gasps] >> Sick.,UCFwOAy34fL31Im7_udynwvg,MoniLina,19186196,80177,40,0,2026-01-10T13:53:56Z,,,,,PT21S,21,2d,hd,false,rectangular,True,public,youtube,True,True,False,,[],[],23,zxx,en,['https://en.wikipedia.org/wiki/Entertainment'],[],https://i.ytimg.com/vi/i6Bmza-YLek/default.jpg,https://i.ytimg.com/vi/i6Bmza-YLek/maxresdefault.jpg,,,,,,Nicho 1 (Esquetes)
gT4RgsbCk48,Loki Vs Paneer😋🤣#shorts #comedy #funny #olidavines,"Guys if you Love Naukrani, Sanki Malik, Kanjoos Videos and Many More funny Contents please SUBSCRIBE LIKE and SHARE🙏❤️




This Videos are Created by Olida and Imdad, Using without Permission are strictly Prohibited 🚫. 




New comedy video
Funny YouTube shorts
New tik tok video
Funny comedy video","['Olida and Imdat', 'Olida vlogs', 'Funny naukrani videos', 'Olida imdat funny videos', 'New kanjoos videos', 'Tillu family videos', 'Funny tik tok videos', 'Naukrani sanki malik videos', 'Olida and imdat Naukrani video', 'Til tok naukrani Bideo', 'Tik tok Tillu videos', 'New funny video', 'New Tik tok kanjoos videos']",पनीर की सब्जी सबसे बेस्ट होती है। हां पापा मेरी भी फेवरेट है। रात के लिए इसकी सब्जी बना देती हूं। लोकी मम्मी पिलते पनीर की तब्दी बनाओ ना। मुझे लौकी बिलकुल नहीं पसंद। हर टाइम पनीर चाहिए। किसी राजा महाराजा के घर में जन्म लेता ना फिर। पापा से बोलता हूं। क्या फिर से पनीर? तेरी मम्मी मुझे घर से निकाल देगी। ना। अब तुझे ही कुछ करना पड़ेगा। तिल्लू नींबू काट लिया। जल्दी से दूध में नितोल देता हूं। ओ ये दूध कैसे फट गया? लगता है फिर से पनीर बनाना पड़ेगा।,UCvi4a7mPeq1cv1EYQK4tzRA,OLIDA  Vlogs and Vines,20261726,144570,105,0,2026-02-21T14:05:27Z,,,,,PT33S,33,2d,hd,false,rectangular,True,public,youtube,True,True,False,,[],[],23,hi,en,"['https://en.wikipedia.org/wiki/Entertainment', 'https://en.wikipedia.org/wiki/Film', 'https://en.wikipedia.org/wiki/Humour']",[],https://i.ytimg.com/vi/gT4RgsbCk48/default.jpg,https://i.ytimg.com/vi/gT4RgsbCk48/maxresdefault.jpg,,,,,,Nicho 1 (Esquetes)
oKdgCuKyMww,चक्कर 😂 #anandraja #comedy #comedyshorts #funny #comedyvideos #shorts,,[],"आओ आओ बैठो। दीदी कौनो बात सुनी? नहीं तो टुनटुन की बीटीवा भाग गई। अरे का बात कर रही हो? हां। किसके साथ भागी? अब पता नहीं दीदी गांव के तो दो-तीन लड़के गायब हैं। पता नहीं किसके साथ चक्कर चल रहा था उसका। तुम्हें तो पता है आजकल लड़की की सुनवाई ज्यादा है। कौन बताएगा मेरे बेटे के साथ भाग गई। यह बात एक ही औरत को पता होगी। वो है पूनम। हां, वह मोहल्ले की सारी खबर रखती है। बदले रुपैया पे मांगा जवानिया। पोला लेने आए दोया। बोलो क्या बात है? दीदी, सुना है टुनटनु? के भागे। तीन दिन हो गए। रात में 1:11 पे उठी थी। टॉयलेट के बहाने भाग गई। टट्टी दीन के बेटों के साथ जिसका नाम सूरज है। प्रेजेंट टाइम है। वो लधियाना में है। सूरज उसे अपने फ्रेंड के रूम पर ले गया। इनके लिए तीन साल से चल रही थी। ये लोग चार बार पकड़े जा चुके हैं। मां-बाप ने मैटर को दबा लिया था। इनकी शादी किसी और से हो रही थी इसलिए दोनों भाग गए। सारा गांव ज फुअर के कहां लता गंध धाधवा? इतना लेट मैटर क्यों पता चल रहा है तुम लोगों को? दीदी वही सरलवा बताइए। कल ही मुझे पता ही चला। लकी का चक्कर पलक के साथ चल रहा है। आदर्श का चक्कर खुशी के साथ चल रहा है। हंस का चक्कर निकिता के साथ चल रहा है। कुशल का चक्कर नेहा के साथ चल रहा है। शिवम का चक्कर रिया के साथ चल रहा है। दीदी आकाश का चक्कर सुप्रिया के साथ चल रहा है। ना ना यही तो तुम फेल हो गई। हां। आकाश का चक्कर रूही के साथ चल रहा है और जो तुम सुप्रिया बता रहे हो 2 साल पहले का मैटर है। और दीदी पप्पुआ पड़ोसन के साथ उसका चक्कर चल रहा है। ना ना पड़ोसन के साथ नहीं चल रहा है। उसका घर में ही चक्कर है। और किसी का बायोडाटा चाहिए? नहीं दीदी और अरे चाहिए तो बता। नहीं। किसका फ़ आ रहा है सरला? अरे दिखाओ जरा। ये तो मेरे पति का कॉल आ रहा है तुम्हारे नंबर पे। हां दीदी। ठीक है मैं बुरा नहीं मानूंगी। लेकिन स्पीकर पे करके बात करो। हां। मैं भी तो सुनू। हेलो हेलो सरला सुनो आज मेरी ऑफिस से छुट्टी होगी मैं डायरेक्ट तुम्हारे रूम पे आऊंगा साला कौन साला मुझे छोड़ो क्यों छोड़ो मैं तुमको सोच रही हो नहीं बात है ऐसी बात है तुम गलत हो दोस्ती में दगा कर रही हो सरला ये गलत बात तुम दिमाग में सरला तुम्हारे पे किसका फ़ोन आ रहा है दीदी किसी का नहीं देखो देखने दो ये तो मेरे ससुर का नंबर है नो नो नो नो बताओ दुनिया का चक्कर मैं पता लगाती हूं आज अपने घर का चक्कर चक्कर सुनकर मुझे खुद चक्कर आ रहा है। पति तो ठीक था बुढ़वा भी छीनरा निकला साला जिसका एक पैर जमीन पर है और दूसरा कब्र में हमें तो अपनों ने लूटा सरला बबली में कहां दम था मेरी कश्ती थी वहां डूबी पानी जहां कम था हा",UC_l1E50_r3p1Gv4_sLYNizg,Anand raja official,16227493,391635,4178,0,2026-02-04T04:00:07Z,,,,,PT2M36S,156,2d,hd,false,rectangular,True,public,youtube,True,True,False,,[],[],23,hi,en,"['https://en.wikipedia.org/wiki/Entertainment', 'https://en.wikipedia.org/wiki/Film']",[],https://i.ytimg.com/vi/oKdgCuKyMww/default.jpg,https://i.ytimg.com/vi/oKdgCuKyMww/maxresdefault.jpg,,,,,,Nicho 1 (Esquetes)
D2zfST2SYso,शादी में कुछ लोग ऐसे भी 😂 #anandraja #comedyvideos  #comedyshorts #funny #shorts,,[],"दुल्हन को बुलाओ जल्दी उसे तैयार करो। मुझे अभी दूसरी शादी में जाना है। प्रिया तुम क्या पहनोगी? अरे दुल्हन है तो लहंगा ही पहनेगी ना और क्या पहनेगी? मैं तो अपना शादी वाला लहंगा पहनूंगी। कौन है ये तुम्हारी? भाभी है। दुल्हन से ज्यादा तो यही सब पे भाभी है। मैं तो 20,000 का लहंगा मंगाई हूं। वही पहनूंगी। और वो कौन है? बड़े पापा की लड़की। मुंह देखो जैसे पेड़ की। मैम हमारा भी मेकअप कर दो। नो नो नो अरे अभी दुल्हन को तो तैयार होने दो। हमें तैयार कर दो। अभी बहुत सारा काम है। ठीक है इधर आओ। मैम इधर देखिए। मैम इधर देखिए। मैम अरे आप थोड़ा दुल्हन मैम अरे मैम दुल्हन राइट वाली दुल्हन है ना नहीं लेफ्ट वाली दुल्हन है अबे बीच वाली है अबे यार दुल्हन से ज्यादा तो ये दोनों तैयार नहीं है कैमरा देखो कैमरे में नो नो नो तुम ही लोग फोटो खिंचा लो मैं रहने देती हूं घुस जाओ कैमरे ए बहन क्या हुआ? चली जाओ दूर से शादी में भी कर लो और उसका घर भी बसा दो। ठीक है मुझे जाना नहीं। दीदी क्या कर रही हो? जाओ तुम लोग तुम लोग चली जाओ। मुझे मुझे नहीं जाना। ठीक है। प्रिया ये क्या लकड़ा दिखा रही हो तुम? क्या हुआ प्रिया? देख रही हो कैसे तैयार हो के आई है। ये मेरी भाभी हैं। इनकी शादी हो गई फिर भी इनका शौक नहीं पूरा हुआ है। और उसको देखो। वो मेरे बड़े पापा की लड़की है। जैसे लगता है उसकी कभी शादी ही नहीं होगी। वो कभी दुल्हन ही नहीं बनेगी। क्या यार कोमल थोड़ा तो समझदारी दिखाओ। आज उसका बेस्ट दिन है। कल तुम्हारे भी बेस्ट दिन आएंगे। तुम्हारी भी तो शादी होगी। तुम भी तो दुल्हन बनोगी। और भाभी आपको तो समझना चाहिए। आपकी शादी हो चुकी है। आप अपना बेस्ट दे चुकी हो। फिर भी वो तैयार हुई हो। दोस्त तो नहीं जो दुल्हन से ज्यादा तैयार हो जाए। दोस्त तो है जो दुल्हन को खूबसूरत दिखाएं। आज उसका दिन है। बचपन से उसने इस दिन का सपना देख रखा है। कम से कम आज तो उसे खूबसूरत दिखने दो। लेकिन तुम लोग इसको भी स्पॉइल करने में लगी हो। आज उसका जिंदगी का खास दिन है। कल तुम्हारा भी खास दिन आएगा। तुम लोग साइड कैरेक्टर बनो। कम से कम आज के दिन तो उसे हीरोइन रहने दो। आ",UC_l1E50_r3p1Gv4_sLYNizg,Anand raja official,14816694,355794,1525,0,2026-03-17T03:11:12Z,,,,,PT2M34S,154,2d,hd,false,rectangular,True,public,youtube,True,True,False,,[],[],23,hi,hi,"['https://en.wikipedia.org/wiki/Entertainment', 'https://en.wikipedia.org/wiki/Film']",[],https://i.ytimg.com/vi/D2zfST2SYso/default.jpg,https://i.ytimg.com/vi/D2zfST2SYso/maxresdefault.jpg,,,,,,Nicho 1 (Esquetes)
GXJ8e1CxdpQ,ISSEI funny video😂😂😂Comedy Remix!!,"Welcome to the energetic and funny ISSEI Channel!!
Please subscribe if you like this videos, and hit the Like button and Share!
Stay tuned for more amazing contents!

- Smile and Love from Japan -

#issei #issei0806 #funny #skit #pov #friends #family #meme #viral #trending #entertaining #shorts","['challenge', 'funny video', 'issei0806', 'short', 'shorts', 'viral', '再現', '面白動画', 'meme', 'ISSEI', 'comedy', 'issei 0806', 'issei official channel', 'funny videos', 'tredning funny video', 'viral videos', 'trend']","[music] [laughter] It's mine. [music] My girl, it's no magic. [music] >> [screaming]",UC6QZ_ss3i_8qLV_RczPZBkw,ISSEI / いっせい,17546738,139562,250,0,2026-03-26T09:00:00Z,,,,,PT32S,32,2d,hd,false,rectangular,True,public,youtube,True,True,False,,[],[],24,en,en,"['https://en.wikipedia.org/wiki/Entertainment', 'https://en.wikipedia.org/wiki/Humour']",[],https://i.ytimg.com/vi/GXJ8e1CxdpQ/default.jpg,https://i.ytimg.com/vi/GXJ8e1CxdpQ/maxresdefault.jpg,,,,,,Nicho 1 (Esquetes)
-Sw9KzeQDGQ,Meg’s 5 Funniest Moments in Family Guy#pov #funny #fyp #fun #comedy #skit #shorts #foryou,,[],"Joe, you're too heavy. I can't hang on. >> Pretend I'm your child, Lois. Nutmeg. Nutmeg. >> Hey, everybody. Oh my god, MY DIARY. I HATE YOU ALL. >> Keep going. >> Oh my god, Zoe. What is it? >> No, he's just got a splinter. >> Oh, my poor baby. It's cuz these old stairs are just falling apart. >> It's not just the stairs. Mega spent two days pinned under a roof beam. >> Let's just focus on the stairs. Brian, let's watch the video of my ballet recital. Here it is. Sunshine Bear. Wait. Thanks, Brian. >> Brian. Hey,",UC-K7SUGJFJrhUHYJBndXiIQ,Fhve Gui,15897339,751231,2466,0,2026-03-12T08:57:39Z,,,,,PT1M9S,69,2d,hd,false,rectangular,False,public,youtube,True,True,False,,[],[],22,en,en,"['https://en.wikipedia.org/wiki/Entertainment', 'https://en.wikipedia.org/wiki/Film', 'https://en.wikipedia.org/wiki/Humour']",[],https://i.ytimg.com/vi/-Sw9KzeQDGQ/default.jpg,https://i.ytimg.com/vi/-Sw9KzeQDGQ/maxresdefault.jpg,,,,,,Nicho 1 (Esquetes)
nhik8w4j9ps,Power of Daru 😜🤪 Comedy Shorts #funny #comedy #holi #shorts #trending,"Power of Daru 😜🤪 Comedy Shorts #funny #comedy #holi #shorts #trending  

Keywords:-
keshav shashi vlogs,
Keshav shashi vlog,
Keshav shashi block,
keshav shashi shorts,
keshav shashi funny video,
hansi wali video,
tik tok video,
tiktok,
tiktok new video,
twist in end,
twist in end shorts,
try not to laugh,
try not to laugh challenge,
Viral Shorts Video,
Trending Shorts Video,
Viral Prank Video,
Trending Prank Video,
nitin mridul,

funny video funny video,
funny video movie scene,
funny video reaction,
funny video sab lool hai,
funny video bhojpuri,
funny video short,
funny video comedy,
funny video tik tok,
funny video statuss,
funny video 2025,
funny shorts,
funny shorts video,
funny shorts tiktok,
funny shorts in hindi,
funny shorts dushyant kukreja,
funny shorts memes,
comedy video tik tok,

comedy video kapil sharma,
comedy video movie,
comedy video short,
comedy video comedy video,
comedy video status,
hindi comedy video,
comedy shorts,
comedy shorts video,
comedy shorts in hindi,
kaam wali comedy shorts,
stand up comedy,

#comedy #haryanvicomedy #haryanvi #ytshort #haryana #shortsfeed #shortsyoutube #shortsvideo 

#sasbahukicomedy #sasbahukinokjhok #sasbahustory #sasbahucomedy 

#parashthakralvlogs #pubgmobile #soravjoshi #souravjoshivlogs #familyfitness #family #familyvlog #themridul #myfamily 

#shortsbreak #keshavshashivlogs","['Comedy video', 'Haryanvi comedy', 'Hindi Comedy video', 'funny comedy shorts', 'funny video', 'funny video haryanvi', 'haryanvi comedy video', 'keshav shashi vlogs', 'latest haryanvi jokes', 'new haryanvi jokes', 'shorts', 'viral comedy shorts', 'funny shorts', 'comedy shorts', 'sas bahu ki comedy', 'Viral', 'Reel', 'Trending', 'Comedy', 'Funny', 'Short', 'Ytshorts', 'Keshav', 'Shashi', 'Jokes', 'vlogs', 'Family']",लेकिन एक सेकंड हैप्पी होली भाभी जी रुको रुको रुको देवर जी मेरे ऊपर पानी मत फेंकना मैं पहले ही बीमार चल रही हूं कोई बात नहीं हम रंग लगा देते हैं रुको रुको रुको देवर जी मुझसे स्किन एलर्जी हो जाती है मैं रंग रंग नहीं लगवाती पर भाभी जी साल में एक ही बार तो दोबारा आता है आप नहीं खेलोगे तो कब खेलोगे कोई बात नहीं आता होगा साल में एक बार ही मुझे पसंद नहीं है ये होली बोली खेलना आप किसी और के साथ खेल लेना अच्छा अब देख तू अब देख तू भाभी जी हम रंग नहीं लगा सकते पानी नहीं डाल सकते हमारे हाथ का ठंडा तो पी लोगे हम तो उसी में खुश हो जाएंगे अबे मजा आएगा नाो रुको जरा सब क्या देखना पड़ रहा है? कैसे,UClyw32fdzLCsqbkfzhdrtXA,Keshav Shashi Vlogs,17876722,281979,1447,0,2026-03-01T08:54:07Z,,,,,PT1M30S,90,2d,hd,false,rectangular,True,public,youtube,True,True,False,,[],[],22,hi,en-IN,"['https://en.wikipedia.org/wiki/Entertainment', 'https://en.wikipedia.org/wiki/Film']",[],https://i.ytimg.com/vi/nhik8w4j9ps/default.jpg,https://i.ytimg.com/vi/nhik8w4j9ps/maxresdefault.jpg,,,,,,Nicho 1 (Esquetes)
H1dMEZcdy3Q,MINUS AURA #shorts #school #explore #friends #funny #comedy #nostalgia #memories #fun #schoollife,,[],यार ये पेन क्यों नहीं चल रहा है यार? ये क्या फालतू पेन है यार। कब से चला जाते इधर। मुझे इसको चलाने का टेक्निक पता है। अब देख। ये ले। अब कैसे चलेगा देख। अभी चल रहा है रे। देख रहा हूं। शक लगा ना। अरे ये ट्रिक बहुत बार किया है रे मैंने। क्या हुआ? अरे हंस क्यों रहे हो तुम लोग? बता ना क्या हुआ? तेरे मुंह में इंक है।,UCQPTbtadNWcPYuoS3JqkpYw,Baccha Mat Bolna,15712841,185962,782,0,2026-03-08T06:27:37Z,,,,,PT54S,54,2d,hd,false,rectangular,True,public,youtube,True,True,False,,[],[],23,hi,en,"['https://en.wikipedia.org/wiki/Entertainment', 'https://en.wikipedia.org/wiki/Film']",[],https://i.ytimg.com/vi/H1dMEZcdy3Q/default.jpg,https://i.ytimg.com/vi/H1dMEZcdy3Q/maxresdefault.jpg,,,,,,Nicho 1 (Esquetes)
hMDuoDIWjQQ,बबली ने बेचा भैंस 😂 #anandraja #comedy #comedyshorts #funny #shorts,,[],"54500 हां हां मैं देख रही हूं यहां से पैसे बेच दी का बबली हां दीदी बेच कितने में बेची 1 लाख में अरे वाह अच्छा पैसा पाई हो अच्छा दीदी पलटी साइड कर लेना पानी लेना है क्या हां अरे लो पानी बहन लो ले जाओ। आती हूं थोड़ी देर में। हां। हां ठीक है। पूनम दीदी हां। कल मार्केट चलोगी? चलो। कितने बजे चलना है? वही 10 11 बजे चलेंगे। अरे चलो मैं खा ली हूं। चलो। हां। ठीक है। हां मिलना कल। ठीक है दीदी। सुनो अब ₹1 लाख पाई हो ना उसको इधर-उधर मत खर्चा करो। एक का बनवा लो और गले का लॉकेट बनवा लो और पैर का पायल बनवा लो। नहीं दीदी। सोच रही हूं उसी पैसे से दूसरी भैंस लाऊं। अब पागल मत बनो। इतना दिन भैंस गोर बहुत पाली। अब अपना शौक श्रृंगार पूरा करो। चलो कल सोना यहां दिला देती हूं। अभी सोना चांदी सस्ता हुआ है। ठीक है दीदी कल मिलो। हां कल मैं आती हूं 10:00 बजे तुम्हारे इधर ना। हां ठीक है। दीदी इधर से चलो। सरला के द्वार से। अरे इधर से चलो इधर से आओ। देख रहे हो पूनम को? आज मेरे साथ बोली थी मार्केट जाने को और बबली को लेके फरार है। अरे वो पूनम है। जिसका खाती है उसी का गाती है। अभी बबली भैंस बेची है। ₹1 लाख पाई है। इसीलिए पूनम उसके पीछे खूब घूमेगी अभी। जाओ भैया। चलो एसी वाली बस में चलते हैं। पैसा ज्यादा अब पैसा को मारो गोली। यही तो उम्र है घूमने टालने की। हां आओ भैया एक का दिखा दो। एक गले का और एक पैर का पायल दिखा दो। भैया इसका कितना है? 20,000 20,000 और इसका 30 हां 30 20 50 हो गया। और एक कान का 20,000 20 70,000 में तुम्हारा गाना मिल जाएगा। ले लो। हां दे दो भैया। बबली ये महीना मैं अपने लिए ले रही हूं ना बाद में हम तुम समझ लेंगे। हां। ओह नो नो नो नो चलो दीदी चलते हैं घर। अरे भैया हमारा मुंह सूख रहा है। हमको कुछ खाने को चाहिए। हमारा दिमाग नहीं काम कर रहा है। चलो फुलकी खाते हैं। हां आओ। भैया ₹50 की फुलकी और दो प्लेट चाट, दो प्लेट चाउमीन और दो प्लेट मंचूरियन और दो प्लेट राइस। कर दो ना। कौन खाएगा दीदी इतना? अरे हम खाएंगे। भूख लगा आओ। आओ बैठो। बहनी बहुत तीखा लग रहा है। चलो मिठाई खा के आता हूं। गर्मी लग रही है। चलो आइसक्रीम खाते हैं। बादाम से खा और काजू पिस्ता। दिखा दी अपनी औकात दिखा दी। क्या औकात दिखाई हां? क्या औकात दिखाई? जब तक मेरे पास पैसा था तब तक लक लक लक मेरे आगे पीछे घूम रही थी। आधा मैं खाई तो आधा ये खा गई। बताओ बहनी। हमारे पैसा कमीना खरीदी पैसा नहीं दे रही हैं। काहे पैसा दे दूं? तुम्हारे आगे पीछे घूम रही थी। इतना मेहनत की थी तो कैसे दे दूं? में लेके गई थी। अरे तुम्हारे जितना औरत पूरे गांव भर में नहीं है। हमारा ही काहे हमसे झगड़ा करे। वही हाल जो कुकुरवा खिया है कोरवा वही पकड़े से मोर कलरवा हर जाई नहीं तो इस बार पड़वा बेच के तुम दोनों घूमना",UC_l1E50_r3p1Gv4_sLYNizg,Anand raja official,15650561,306434,1180,0,2026-03-19T03:10:45Z,,,,,PT3M,180,2d,hd,false,rectangular,True,public,youtube,True,True,False,,[],[],23,hi,nl,"['https://en.wikipedia.org/wiki/Entertainment', 'https://en.wikipedia.org/wiki/Film']",[],https://i.ytimg.com/vi/hMDuoDIWjQQ/default.jpg,https://i.ytimg.com/vi/hMDuoDIWjQQ/maxresdefault.jpg,,,,,,Nicho 1 (Esquetes)
1SCq9-OE1a0,Raja ghar aaja 🤣 #comedy #funny #ytshorts #shorts #dance #dancer #choreography #choreo #wedding,,[],जल्दी-जल्दी बोलो भाई गाना क्या है? टाइम नहीं है मेरे पास। हम्म भोजपुरी ओके ओके लेट्स स्टार्ट। गाने का मतलब ऐसा है कि पत्नी जो है वो गांव में है और पति शादी के बाद शहर चला गया है। ओके और वो परेशान हो चुकी है। तो अभी वो ससुराल की स्थिति अपने पति को फ़ोन पे बता रही है कि सांस पिए बीड़ी। ओ माय गॉड मुझे तो पता ही नहीं था कि सास बीड़ी पीती है। ठीक है? तो करती कैसी है कि सांस पिए बीड़ी उल्टा साइड जाके ससुर पिए गांजा। ठीक है। अब जेठ भी बेवड़ा एक नंबर का तो पाउच पी के भसुर बोले कोरा मेंसा माजा भसुर जो थोड़ा सा कैरेक्टरलेस है कि राजा घर आजा ये तो कुछ भी नहीं अभी देवर का सुनो देवररा मारल चाहे मजा मतलब देवर और भी बड़ा कैरेक्टरलेस है। ठीक है तो बोलती है ऊ आ [हंसी] सच मतलब इतनी हॉट भाभी को देख के देवर हाथ साफ करना चाह रहा है। ठीक है। फिर पति को बोल रही है राजा घर आजा। ठीक है मैं वापस से नहीं सिखाऊंगी। चलो म्यूजिक सास पिए [संगीत] मेरी ससुर पिए जा के चाहे पूरा समाजा [संगीत] आजा देवररो मारल चाहे देवररो मारल चाहे राजा घाबररो [संगीत] मारल चाहे राजा घा [संगीत] या,UCC5xD8BvbWI9gWwIsecsVsw,Saurabh Pandey,12631188,286341,2618,0,2026-03-10T04:40:03Z,,,,,PT1M30S,90,2d,hd,false,rectangular,True,public,youtube,True,True,False,,[],[],22,hi,en,"['https://en.wikipedia.org/wiki/Entertainment', 'https://en.wikipedia.org/wiki/Film', 'https://en.wikipedia.org/wiki/Music_of_Asia', 'https://en.wikipedia.org/wiki/Performing_arts']",[],https://i.ytimg.com/vi/1SCq9-OE1a0/default.jpg,https://i.ytimg.com/vi/1SCq9-OE1a0/maxresdefault.jpg,,,,,,Nicho 1 (Esquetes)
Kico9XqWkIw,घर घर की कहानी 😅 #anandraja #comedy #comedyshorts #funny #shorts,,[],"मैं ही क्यों इश्क जाहिर करूं। तू भी तो कभी भौंक दे भौके दे कुत्ते। जाओ जल्दी-जल्दी खाना खाओ। मुझे भी बर्तन माजना है। क्या बना है? क्या बनेगा जो घर में है वही बनेगा ना? दाल से और रोटी बना है। जाओ चुपचाप ठोस लो। दाल रोटी कौन खाएगा? जब दाल रोटी नहीं खाओगी तो गधा में चुस्ता खाओगी? जो घर में है वही तो बनाऊंगी? खाओ या मत खाओ। मैं जा रही हूं अपना काम करने। मैं पैसे दे रही हूं। जा चाउमीन लेके आ। ₹20 मैं भी दे रहा हूं। हां ठीक है दे। जाओ फ़। बताओ सुबह से शाम हो गई, दाल पड़ा है, चावल पड़ा है, रोटी का डब्बा तो अपनी जगह से हिला तक नहीं है। ये लोग खाना ही नहीं खा रहे हैं। एक काम करो, खाना कम बनाया करो। हां वही मैं भी सोच रही हूं। बताओ इतनी इतनी रोटी खराब हो रही है। मेरा हाथ कहां निकला जा रहा है? मम्मी भूख लगी है। खाना है? किचन में एक रोटी पड़ी है। जाओ ले के खा लो। मम्मी मुझे भी भूख लगी है। खाने के लिए कुछ है क्या? कुछ नहीं बचा है। ओह नो नो नो। मम्मी देखो खाने नहीं दे रहे हैं। देखो है देखो लूट मची है। लूट मची है। रोज खाना पड़ा रहता था तो नहीं खाते थे। आज कुछ ज्यादा ही भूख लग रही है तुम लोगों को। इतना-इतना रोटी फेंक देती थी। अरे आओ आओ बैठो। बड़े दिन बाद दिख रही हो सरला। क्या करूं? छुट्टी नहीं मिलती। ये कौन है? अरे हमारी दीदी सुरीली। नमस्ते नमस्ते। सुरीली रसीली। कहां रहती हैं? इलाहाबाद में रहती हैं। अच्छा इलाहाबाद में शादी किए हो? इलाहाबाद में ना पढ़ाई लिखाई ज्यादा होती है। स्टूडेंट ज्यादा रहते हैं ना? भूख लगी है। पढ़ाती है। मम्मी अच्छा बिटिया अच्छी है। भूख लगी है। मेरे पापा को पड़ी है। किचन में रखा जाओ लेकिन खा लो। नहीं है किचन में। और बताओ। तुम्हारे घर में कुछ रहता भी है जो खा ले। पता नहीं किस गरीब परिवार में पैदा हो गया हूं। रोज कुछ ना कुछ घटा ही रहता है। पूनम बहन आजकल खाना नहीं बना रही हो क्या? बनाती हूं बहने। खा लिए वो लोग खत्म कर दिए रोज बना के रखी रहती थी नहीं खाती थी आज कुछ ज्यादा ही भूख लगी इन लोगों को आप झूठ बोल रही आप खाना नहीं बनाती चल रही है पूनम बहन चलो ठीक है खाना बना के बच्चों को खिला दो नहीं तो बच्चे कमजोर हो जाएंगे नहीं मिलता खाना गरीब घर में पैदा हुए हो मेहमानों के सामने बेज्जती करवाओगे हां हमारी इज्जत लोगे खाना नहीं मिलता वो कह रहा था मिलता था ना मम्मी मिलता है हां बोल मिलता है ना मिलता है मम्मी",UC_l1E50_r3p1Gv4_sLYNizg,Anand raja official,13549470,313480,1715,0,2026-02-26T03:41:28Z,,,,,PT2M57S,177,2d,hd,false,rectangular,True,public,youtube,True,True,False,,[],[],23,hi,hi,"['https://en.wikipedia.org/wiki/Entertainment', 'https://en.wikipedia.org/wiki/Film']",[],https://i.ytimg.com/vi/Kico9XqWkIw/default.jpg,https://i.ytimg.com/vi/Kico9XqWkIw/maxresdefault.jpg,,,,,,Nicho 1 (Esquetes)
1eqCxoE0-YY,Ultimate Holi 🫟 Prank No 1 🎃 | Short Video | #Holi #holispecial #funny #shorts #ytshort #holidays,"Ultimate Holi 🫟 Prank No 1 🎃 | Short Video | #Holi #holispecial #funny #holi #holigonewrong 
#holiprank #prankno1 #minivlog","['Holi', 'Prank', 'Holi prank', 'Colour', 'Prank no 1', 'Prank No 2', 'The manager prank', 'Colour me', 'Badla', 'Bike dila do', 'Colour prank', 'Ultimate prank gun', 'Hoki gone wrong', 'Tteam ke sarh holi prank', 'Short', 'Short video mshort hoki m']",भैया अब क्या हो गया? बाइक दिला दो। आजा आजा आ। इधर आजा। ओके। कौन सी वाली? हीरे वाली। अच्छा जरा खड़े हो ना। अच्छा उठ जाता हूं। पलट ना जरा। ये लो। ले बेटा। नहीं दिलाना था तो मना कर देते। मारने की क्या जरूरत थी? भाभी। ओह नो। आपकी हालत तो मेरे जैसी ही है। तेरी तो ओए हट भाभी इनका बहुत हुआ कुछ करना होगा भाइयों सिस्टम फाड़ देंगे मजा आएगा नाो सनी हां मजा आ,UC2BakXr7RGyjDkHnFhfBWJA,The Manager,15353375,0,120,0,2026-02-27T09:15:27Z,,,,,PT51S,51,2d,hd,false,rectangular,True,public,youtube,True,True,False,,[],[],24,hi,en,"['https://en.wikipedia.org/wiki/Entertainment', 'https://en.wikipedia.org/wiki/Film']",[],https://i.ytimg.com/vi/1eqCxoE0-YY/default.jpg,https://i.ytimg.com/vi/1eqCxoE0-YY/maxresdefault.jpg,,,,,,Nicho 1 (Esquetes)
zmCppEynOUA,Holi😆 #anandraja #comedy #comedyshorts #comedyshorts #funny #shorts #holi,,[],अ काहे आग मुते हो बेटवा बताओ नैया साइट पहन के होली खेलने जा रहे हो तू कौन सा पहनूं रुक मैं ला रही हूं उतार उसको अभी पिछले साल का सेट है एकदम नया बना हुआ है अभी एक साल कम पुराना हुआ है तुम भी तो 17 18 साल के हो गए तुमको भी फेक दूं जाओ यही पहन के और बाद में कपड़ा मुझे वापस चाहिए गैस चूल्हा पोछना है ये काम आएगा बहिनी यही होली के 10 दिन पहले हमारे मालिक चले गए तब से हमारे लिए ना होली न दिवाली सब कुछ सूना पड़ गया है ना मेकअप ना लिपस्टिक ना साड़ी कुछ नहीं बस यही सादा जीवन उच्च विचार होली दिवाली लाली लिपस्टिक सब वही लेके चले गए बहनी का हो दादी होली ना भैया हम हम होली होली नहीं खेलते हां दादी एक टीका नहीं ना दूर रहो दूर रहो तुम लोगों को लाशर्म है बुड बुढ़ापे के साथ होली खेलने आए हो जानते हो जब से हमारे मालिक चले गए तब से हम रंग को नहीं लगाते भैया ये सब गलत बात है गांव जोहर का कहेगा हमको कि बुढ़िया होली खेल रही है दादी बस टीका लगा ठीक ठीक ठीक है ना यहां लगाओ यहां यहां हां ठीक है जाओ हां खुश रहो खुश रहो भगवान बने रहे खुश रहो दादी भाभी तो बुला दो उनके साथ तो खेल सकते हैं ना अब खेल गए भाभी के साथ होली है लठिया में डाल दूंगी भाग यहां से जा अपनी माई बहनी के साथ खेल लो अपनी भाभी से पूछो जिसके साथ बिया के आई है वो भी कभी उनको देखे हैं पूरी तरह से चले हैं भाभी को रंग लगाने उनका बदन छूने रंग बरसे भीगे चुनर वाली रंग बरसे ओ रंग बरसे भीगे चुनर वाली रंग बरसे रंग बरसे भीगे चुनर वाली रंग बरसे रंग बरसे भीगे चुनर वाली रंग बरसे हैप्पी दूर रहो दूर रहो हमारे यहां हैप्पी होली भैया दूर से एक साल ये सब नहीं चलेगा उनके यहां हमारा है इनके यहां होली नहीं हमारे यहां होली भैया झगड़ा हो जाता है भैया रंग मत लगाओ पिछली बार बहुत बड़ा मारपीट हो गया था ना भैया हमको रंग से एलर्जी है भैया हमको अमीर गुलाल सूट नहीं करता हमारे मुंह में दाने निकल आते हैं भैया भाभी थोड़ा सा हमको रंग बहुत भाता है अंदर तक चला जाता है हमारे पता नहीं कैसे अरे मार नहीं रहेगा ये लोग अरे अखिया में डाल दिया रे अरे पूनम वो तो तुम्हारी मां भर के चला गया बाबा ऐसा होता है जो हमारी मांग भर के जा रहे हो जा रहा हूं इनके महतारी लगी। अब इनको बताती हूं मैं। कहां गई है सुषमा? कहां लागी? अब हमको बहू के रूप में एक्सेप्ट करो। तुम्हारा बेटवा हमारी मांग भर दिया है। लाओ लोढ़ा और मूसर लाओ हमारी परछान करो। जान तो लड़का है गलती से भर दिया होगा। गलती से नहीं उसने जान के भरा है। लगता है मैं उसको पहले से ही पसंद थी। का ए पूनम अपनी उम्र देखो और मेरे बच्चे की उम्र देखो। उम्र मत देखो। मेरी मांग देखो। तुम्हारा बेटा मांग रही है।,UC_l1E50_r3p1Gv4_sLYNizg,Anand raja official,13321388,297050,1375,0,2026-03-04T03:07:06Z,,,,,PT2M56S,176,2d,hd,false,rectangular,True,public,youtube,True,True,False,,[],[],23,hi,en,"['https://en.wikipedia.org/wiki/Entertainment', 'https://en.wikipedia.org/wiki/Film']",[],https://i.ytimg.com/vi/zmCppEynOUA/default.jpg,https://i.ytimg.com/vi/zmCppEynOUA/maxresdefault.jpg,,,,,,Nicho 1 (Esquetes)
7TGrE2p5spI,Day 1 Indian Spy In Pakistan 🤣 Pinky version #pinky #shorts #funny,"#pinky 
#comedy
#fun","['Shorts', 'Pinky shorts', 'Pinky comedy shorts', 'Pinky with dad shorts', 'Trending shorts', 'Viral shorts', 'Nagaraj shorts', 'Sangeetha shorts']","Okay. Biryani parcel. Are you from India? No, no, no. We are from Pakistan. Karachi. Okay.",UCHL6h6X_UTa06ujx52VqI5g,Pinky with Dad ,16968531,176686,217,0,2026-01-09T13:35:00Z,,,,,PT47S,47,2d,hd,false,rectangular,True,public,youtube,True,True,False,,[],[],22,ta,en,"['https://en.wikipedia.org/wiki/Entertainment', 'https://en.wikipedia.org/wiki/Film']",[],https://i.ytimg.com/vi/7TGrE2p5spI/default.jpg,https://i.ytimg.com/vi/7TGrE2p5spI/maxresdefault.jpg,,,,,,Nicho 1 (Esquetes)
Mo0b764b73g,पानी पूरी 😂 #anandraja #comedy #comedyshorts #funny #comedyvideos #shorts,,[],सोनू मोनू आप फुलकी खा लो बेटवा और रहो सरला अरे वाह आज तो फिल्म चल रही है कौन सी फिल्म चल रही हो मोनू आंटी अनजान हां शाहरुख खान की है क्या? हां अच्छा एक बार कह दो शिवानी कि तुम भी मुझसे प्यार करती हो हरामजादे निकल जाए यहां से दीदी तुम लोग देखो मैं कुछ काम कर लेती हूं कर लो बहन लेकिन गर्मी में दोपहरिया में मूवी देखने में बहुत मजा आता है ना मजा आता है दीदी नो नो नो हमको देखी ना तो फुलकी उठा के रख दी मैं भी देखी आज खा के चली गई बैठी रह जाना मत तब दीदी और बताओ और तब बढ़िया है बहनी। दोपहरिया में तुम भी झाड़ू लगा रही हो। जो करना चाहिए वो नहीं कर रही हो। दोपहरिया में तो कुछ खा पी कर लेट जाना चाहिए। एक तो आजकल इतना गर्मी पड़ रही है ना जो भी सामान लाओ ना तो बहुत जल्दी खराब हो जाता है। उस दिन मैं चाट लेके आई थी खराब हो गया। हां खराब तो हो ही जाएगा गर्मी से। हां। पानी पूरी के साथ भी चाट ही देते हैं ना? हां हां देते हैं। कहीं-कहीं मटर का छोला भी देते हैं। पता नहीं कब ये लोग जाएंगे। इतने में तो पानी पूरी खराब हो जाएगा। चल अंदर ले जाके खाते हैं। अरे कैसे ले जाओगे? सामने ही तो बैठी हैं। हाय बेटा मूवी तो खत्म हो गया। दूसरी लगाओ। अरे आंटी अब इसके बाद नहीं आएगा कुछ। हां कोई सीरियल ही लगा दो। चलो दीदी लेट हो रहा है। बैठो। खा के चलेंगे नहीं तो खराब करके चलेंगे। केक दे देंगी तो खट नहीं जाएगा। इनकी कंजूस इनके डाल देंगे। दीदी लगता है भूल गए हैं। नाम लूं क्या? सरला कुछ लाई हो का बहनी बड़ा महक रहा है। नहीं दीदी कुछ नहीं लाई हूं। दीदी चलो नहीं दीदी। अब तो और नहीं जाएंगे। बैठो। फ़ हमारा खराब हो रहा है। इनका ही तो खराब हो रहा है। और यहां पे भी बैठे हैं। घर पे भी जाके बैठे रहेंगे। दोपहरिए में करेंगे क्या? मम्मी ये लोग जाएंगे नहीं और फुलकी खराब हो जाएगा। ऐसा करो इन लोग को भी खिला दो और हम लोग भी खा लेते हैं। नो नो दीदी लोग फुलकी खा लो। तुम तो बोली थी तुम कुछ नहीं लाई हो। आजकल झूठ भी बोलने लगी हो। नहीं झूठ की बात नहीं है। यही काम पहले कर देती तो कितना समय बच जाता। लाया था भूल गई थी दीदी। तो लड़के भी कब से इंतजार कर रहे थे बेचारे ना। लाओ। पानी संघ तो बच गया तो नहीं गया। बढ़िया है। पानी भी खाता है। बताओ फुलके के चक्कर में कितना हम फालतू सीन देख गए। मोह नहीं अच्छा लग रहा था फिर भी बैठे थे। टक,UC_l1E50_r3p1Gv4_sLYNizg,Anand raja official,14299267,295348,1321,0,2026-03-22T03:31:26Z,,,,,PT2M57S,177,2d,hd,false,rectangular,True,public,youtube,True,True,False,,[],[],23,hi,hi,"['https://en.wikipedia.org/wiki/Entertainment', 'https://en.wikipedia.org/wiki/Film']",[],https://i.ytimg.com/vi/Mo0b764b73g/default.jpg,https://i.ytimg.com/vi/Mo0b764b73g/maxresdefault.jpg,,,,,,Nicho 1 (Esquetes)
JmuHF0BuGVg,#shorts - Hyper Aadi Ultimate Comedy Performance #AnilRavipudi #JaniMaster #Priyamani #Dhee,,[],ప్రియ ఆయన పేరఏంటి అనిల్ గారు ఆయన పేరేంటి అనిల్ గారు ఆయన పేరు ఇస్ జానీ జానీ జానీ జానీ జానీ జానీ ప్రియ నందిత చాలా బాగా ఎంటర్టైన్ చేశారు డాన్స్ ఎక్కడ డాన్స్ ఎక్కడ ఉందిరా డాన్స్ ఎక్కడ డాన్స్ ఎక్కడ ఉందిరా డాన్స్ ఎక్కడో చెప్పండి నేను దాన్ని బట్టి నేను జడ్జిమెంట్ ఇస్తాను సార్ కొరియోగ్రాఫర్ కంపోజేషన్ చేశను సార్ అలా కాదు ఒక్కరైనా కాస్ట్యూమ్ కరెక్ట్ గా వేసుకున్నారా బల్లే బల్లే అన్నప్పుడు మీ డ్రెస్ కూడా భలే ఉండాలి కదా ఏవి ఏదైనా చేసిన ముగ్గురిలో ప్రియ చాలా బాగా చేసింది ఇలా రారా ప్రియ,UCoY_p16GEbOQPgES1-wXpYg,ETV Dhee,16361346,381063,207,0,2026-03-06T10:30:26Z,,,,,PT43S,43,2d,hd,false,rectangular,True,public,youtube,True,True,False,,[],[],24,te,en,"['https://en.wikipedia.org/wiki/Entertainment', 'https://en.wikipedia.org/wiki/Film', 'https://en.wikipedia.org/wiki/Television_program']",[],https://i.ytimg.com/vi/JmuHF0BuGVg/default.jpg,https://i.ytimg.com/vi/JmuHF0BuGVg/maxresdefault.jpg,,,,,,Nicho 1 (Esquetes)
oQ2aRqFoyuU,Gojhiya 😂 #anandraja #comedy #comedyshorts #funny #comedyshorts #comedyvideos #shorts,,[],"पूनम बहन चलो मेरा गोजिया बनवा दे। कल परसों होली भी है और बहुत सारा काम है। चलो बनवा देती हूं बहनी। चलो। मैं तो कहती हूं गुजिया बना लो, समोसा बना लो, कचौड़ी बना लो और वड़ा पाव बना लो। दीदी, टाइम ज्यादा लग जाएगा बस गुजिया ही बनाउंगी। चलो वही ठीक है। यही नहीं, हमको सब बुलाते हैं। भगवान हमको इतना गुण और दिए हैं ना कि हमारे आगे हलवाई प्याला है। हमारे हाथ का चुस्ता खाओगी ना तो उंगली चाटती रह जाओगी। दीदी तो कभी चुस्ता बनाओ तो। हां लाओ बेतन-वतन बना देती हूं चुप। डाल बनी डाल तेल गरम है। हेलो! हां भाभी क्या हाल चाल है? बढ़िया है यही गोजिया बना रही हूं। अच्छा, अकेले-अकेले गुजिया बना के खा रही हो। हमको तो पूछ नहीं रही हो। अरे, आओ, तुम भी खा जाओ। आ जाए? अच्छा आ रहे हैं। अरे सुनो, साला के यहां नौवनी के यहां बना रही हूं। अच्छा अच्छा बस आ रहे हैं। हां आ जाओ। कौन है दीदी? अरे वही सहूदर का लड़का मोनू है। आने दो। एक आध दो खाएगा। चाची दो हम छान लेंगे। जाओ। चुप करो बहनी। मैं जो भी काम करती हूं, उसको फाइनल करके ही छोड़ती हूं। आधा अधूरा काम और आधा अधूरा प्यार जिंदगी झंड कर देता है। डालो। गाड़ी की आवाज़ तो आ रही है। लगता है आ गया है। कोमल ले जा दे दो। कितना दूं? तीन चार दे दो। अकेला ही है। कितना खाएगा? नो नो नो नो। मम्मी मोनू अकेले नहीं आया है। आठ नौ लड़के लेके आया है। मैं चलूं तुम्हारी बिटिया अब छान लोगी कहां जा रही हो तुम नहीं लेके जाओगी डालो डालो वो भी छान लेती हूं हेलो का भाभी अब ऐसा ही करोगी क्या हुआ अरे हम यहां दोस्त लेके आए और आप चार गोजिया भेज रही हो है सरला से बात करो मैं क्या बात करूं तुम ही करो अरे बतलाओ तुम ही हेलो हां भिजवा रही हूं ले जाओ दे दो ठूस ले हम नो नो नो नो मम्मी को लोग और मांग रहे हैं। जाओ ठूस लो खा लो खा लो पूरा खत्म कर दो खत्म कर दो खा लो पूरा ठूस लो ठूस लो पूरा खत्म कर दो भागो भागो मामला गंभीर लगा है भाग भाग भाग आज बार मेरी घर दिखाई मत देना ऐसे पिछली बार सबको खिला दिया अबकी बार गुजिया खिला दी हो अपने बाप का घर समझे और जाए नहीं",UC_l1E50_r3p1Gv4_sLYNizg,Anand raja official,15505029,279424,1544,0,2026-03-02T03:28:25Z,,,,,PT3M1S,181,2d,hd,false,rectangular,True,public,youtube,True,True,False,,[],[],23,hi,en,"['https://en.wikipedia.org/wiki/Entertainment', 'https://en.wikipedia.org/wiki/Film']",[],https://i.ytimg.com/vi/oQ2aRqFoyuU/default.jpg,https://i.ytimg.com/vi/oQ2aRqFoyuU/maxresdefault.jpg,,,,,,Nicho 1 (Esquetes)
yAmp0N2bfSg,Tillu ki Tiffin Main Gulab Jamun😬🤣#shorts #comedy #funny #olidavines,"Guys if you Love Naukrani, Sanki Malik, Kanjoos Videos and Many More funny Contents please SUBSCRIBE LIKE and SHARE🙏❤️




This Videos are Created by Olida and Imdad, Using without Permission are strictly Prohibited 🚫. 




New comedy video
Funny YouTube shorts
New tik tok video
Funny comedy video","['Olida and Imdat', 'Olida vlogs', 'Funny naukrani videos', 'Olida imdat funny videos', 'New kanjoos videos', 'Tillu family videos', 'Funny tik tok videos', 'Naukrani sanki malik videos', 'Olida and imdat Naukrani video', 'Til tok naukrani Bideo', 'Tik tok Tillu videos', 'New funny video', 'New Tik tok kanjoos videos']",टिल्लू देख मैं टिफिन में क्या लाई हूं। काले रसगुल्ले बुद्धू ये गुलाब जामुन है। ले खा के देख मम्मी मुझे कल टिफिन में काले रसगुल्ले चाहिए। काले रसगुल्ले अरे काला जामुन मतलब गुलाब जामुन बोल रहा है। मुझे बनानी नहीं आती। पापा को बोल दुकान से ला देंगे। नहीं नहीं एक पीस ₹20 का आता है। नहीं दोगे तो स्कूल जाना बंद। टिम्मी देख आज मैं भी लेकर लाया हूं। क्या हुआ टिम्मी? मतलब ज्यादा गुलाब जामुन खाने थे तेरे दांत में केले लग गए। मैं ऑइल खिलाकर साले दांत गिलाना चाहता हूं।,UCvi4a7mPeq1cv1EYQK4tzRA,OLIDA  Vlogs and Vines,15223911,112581,52,0,2026-03-09T14:40:01Z,,,,,PT38S,38,2d,hd,false,rectangular,True,public,youtube,True,True,False,,[],[],23,hi,en,"['https://en.wikipedia.org/wiki/Entertainment', 'https://en.wikipedia.org/wiki/Film', 'https://en.wikipedia.org/wiki/Humour']",[],https://i.ytimg.com/vi/yAmp0N2bfSg/default.jpg,https://i.ytimg.com/vi/yAmp0N2bfSg/maxresdefault.jpg,,,,,,Nicho 1 (Esquetes)
ROPUpQNxFOU,🌀🌀Challenge Ice 🧊 katti | kavin | #shorts #youtubeshorts #funny #comedy,,[],Chris challenge. Second. [crying] Next. Next. Next. NEXT. [screaming] NEXT. OKAY. NEXT. NEXT. [laughter] FOREIGN. [screaming],UCACemMaipTOfWnSvVu7rSfA,Naresh Kuruvilla,13005664,215913,320,0,2026-01-07T09:30:17Z,,,,,PT1M43S,103,2d,hd,false,rectangular,True,public,youtube,True,True,False,,[],[],24,ta,en,"['https://en.wikipedia.org/wiki/Entertainment', 'https://en.wikipedia.org/wiki/Film']",[],https://i.ytimg.com/vi/ROPUpQNxFOU/default.jpg,https://i.ytimg.com/vi/ROPUpQNxFOU/maxresdefault.jpg,,,,,,Nicho 1 (Esquetes)
no_4CMhS2XA,देवरानी जेठानी सास😂 #anandraja #comedy #comedyshorts #funny #comedyvideos #shorts,,[],"देखो मम्मी कब से वही एक ही काम में लगी हैं। एक काम में लग रही है चाहे दो काम में लग रही हो हमसे का मतलब तुम अपना काम कर ली हो ना बताओ काम करते-करते मरी जा रही हूं। ये दोनों आराम फरमा रही है। आज छोटी बहू बड़ी अच्छी लग रही है और बड़ी बहू इनके लिए कुछ नहीं है। तुम्हारा साथ मेरी गर्ज करे तुम सारा काम करो। करोगी तो खाओगी नहीं करोगी तो नहीं खाओगी। हां? छोटी बहू हमारे लिए अच्छी है, अच्छी थी और अच्छी रहेगी। और अच्छा अच्छा लेकर आई भी थी। तुम्हारी तरह खाली हाथ हिलाते हुए नहीं आई थी दो लुगड़ी लेकर। इसके मां-बाप इतना दहेज दिए हैं कि जिंदगी भर बैठकर खाए। मम्मी दहेज लेकर नहीं आई। दहेज क्या लेकर आएंगी? इनके मां-बाप गरीब है, भट्ठा पे काम करते है, ईटा पाथते हैं। दो टाइम का खाना हो जाए, इनके घर में, वही बड़ी बात है। शादी से पहले इनको देखने गए थे, तो इनके बाप दूसरे के घर में बिठाए थे हम लोगों को, और सहेली का कपड़ा मांग के पहनी थी। इनके बाप हमारे सामने हाथ जोड़ लिए। समीर हमारी लजिया रख लो। गरीब घर से हूं तभी तो परेशान कर रही हो। तभी तो दो आंख कर रही हो तुम। भाई इनका मुंह देखो। हमसे लड़ने आई हैं। मायके से कुछ लेकर आई हो या ना लेकर आई हो लेकिन नौ हाथ का जीभ जरूर लेकर आई है ये। इस घर में ठीक से रहना है तो रहो वरना चली जाओ अपने मायके। हमारी छोटी बहू है हमको बड़ा खिला लेगी। हमको टेंशन नहीं है। मुझे रहना ही नहीं है। मैं जा रही हूं अपने घर। देखती हूं छोटी बहू कितना गर्दवाई करती है। हां जाओ। भला अभी से पंथ कटे अभी से हमारो दुख दरिद्र दूर हो दुनिया भर का भूत प्रेत लेके आई हो बीमारी लेके आई थी हमारे घर में जाने दो मम्मी मैं संभाल लूंगी हां संभालोगे तो है ही हमको भरोसा है तुम पे जाने दो एक टाइम बनाएंगे साथ बताओ दोनों टाइम खाएंगे सरला भाभी नहीं दिख रही कहां गई तुम्हारी भाभी माई के गई है। मुझे ले चलो। मैं आके छोड़ दूं। क्यों? एक जने तो झगड़ा करके भेज दी है। इतना काम कौन करेगा? मेरे बस की नहीं। मैं नहीं कर पाऊंगी। मुझे ले चलो बस। [हंसी] हाय बहनी दोनों चली गई। बताओ मैं कैसे काम धंधा करूं? लड़की झगड़ा करके गई छोटी बिना बताए भाग गई। अरे मेरी अरे मारी बहिनी। हाथवा टूट गया। भले टूट गया। [हंसी] बड़की का तो झगड़ा करके भगा दी। जब छोटी के ऊपर काम पड़ा तो वो भी भाग गई। अब भोगो यही। मम्मी सरला आने से मना कर रही है। भैया बड़की को फ़ोन लगाओ। वो तुरंत आएगी। लगाओ बेटा। बड़की को ही फ़ोन लगाओ। पहले फ़ कर दी होती। का बताएं बहनी। हम नहीं जानते थे छोट की इतनी है। [हंसी] ये",UC_l1E50_r3p1Gv4_sLYNizg,Anand raja official,13363505,287838,1740,0,2026-03-27T03:20:40Z,,,,,PT2M54S,174,2d,hd,false,rectangular,True,public,youtube,True,True,False,,[],[],23,hi,hi,"['https://en.wikipedia.org/wiki/Entertainment', 'https://en.wikipedia.org/wiki/Film']",[],https://i.ytimg.com/vi/no_4CMhS2XA/default.jpg,https://i.ytimg.com/vi/no_4CMhS2XA/maxresdefault.jpg,,,,,,Nicho 1 (Esquetes)
0M1izdCjL08,Mohalle Wala Pyaar 😍😅 #ytshorts #shorts #cute #trending #funny #funnyvideo #lovestory #cutecouple,"Mohalle Wala Pyaar 😍😅 #ytshorts #shorts #cute #trending #funny #funnyvideo #lovestory #cutecouple


Anita Verma
Nehal Nice Shorts


Couple Video
Couple funny video
Comedy couple
Gf bf funny video
Girlfriend Boyfriend 

dosti funny video,
dosti video,
hansi wali video, 
tik tok video, 
tiktok,
tiktok new video, 
twist in end, 
twist in end shorts,

funny video reaction, 
funny video sab lool hai,
 funny video bhojpuri, 
funny video short, 
funny video comedy, 
funny video tik tok, 
funny video statuss, 
funny video 2023, 
funny shorts, 
funny shorts video, 
funny shorts tiktok, 
funny shorts in hindi, 
funny shorts dushyant kukreja, 
funny shorts memes, 
comedy video tik tok,
comedy video kapil sharma, 
comedy video movie, 
comedy video short, 
comedy video comedy video, 
comedy video status, 
hindi comedy video, 
comedy shorts, 
comedy shorts video, 
comedy shorts in hindi,

#comedy #haryanvicomedy #haryanvi #ytshort #haryana #shortsfeed #shortsyoutube #shortsvideo
#sasbahukicomedy #sasbahukinokjhok #sasbahustory
#sasbahucomedy #jijasalacomedy
#parashthakralvlogs #pubgmobile #soravjoshi
#souravjoshivlogs #familyfitness #family #familyvlog #themridul #myfamily
#shortsbreak #nehalniceshorts",[],"तुम डैड हूं। अच्छा तो मैडम यहां है। चलो अंकल थोड़ा देर आपका ठेला संभाल लूं? हां हां संभाल लो। ठीक है गमछी भी दे। चलो अभी आ ताजाताज़ा भाजी ले लो। क्या दूं भाई आपको? ये तुम्हारा ठेला है। हां क्यों? कोई शक है क्या? बाप रे पाल में जेल, हाथ में घड़ी, सब्जी बेचकर इतना ठाट। अरे यार तुम लो ना यार अपना भाजी। कॉलेज के बाद मूवी देखने चलेगी तुमसे मिलके दिल का है जो हाल क्या कहे अरे भाई जल्दी-जल्दी भाजी लो आज मैं 6:00 बजे ठेला बंद कर दूंगा तुमसे मिलके दिल का है जो हाल क्या कहे अच्छा सुनो कभी और भाजी चाहिए होगा ना तो आइसक्रीम वाले के पास भी लगाता हूं वहां आ जाना मिलके दिल का है जो हाल अबे तू थोड़ा सा पागल है क्या कैसा ये कमाल क्या कहे",UCO_FqKtpqVQHedAMMb3acAw,NEHAL NICE SHORTS,13800118,195890,141,0,2026-03-10T14:26:20Z,,,,,PT1M,60,2d,hd,false,rectangular,True,public,youtube,True,True,False,,[],[],24,hi,en,['https://en.wikipedia.org/wiki/Entertainment'],[],https://i.ytimg.com/vi/0M1izdCjL08/default.jpg,https://i.ytimg.com/vi/0M1izdCjL08/maxresdefault.jpg,,,,,,Nicho 1 (Esquetes)
R4FhJECx0cs,Cycle pump 😂 #anandraja #comedy #comedyshorts #funny #comedyvideos #shorts,,[],"मम्मी भैया को बोल दो मेरे साइकिल में हवा भरवा दे। मुझे लेट हो रहा है। मोनू हां मम्मी। जाओ साइकिल में हवा भरवा लाओ बिटवा। मम्मी उतना दूर कौन जाए उसको बोल दो जाते वक्त हवा भरवा लेगी। अब मैं उतना दूर पैदल जाऊं। जा रहा है भाई। चला जाना चाहिए। कुछ डाल दे बहन। क्या है? चुप चुप। नहीं जाऊंगा। आई देखो इनको। जाओ बिटिया आज पैदल चली जाओ। मर रहा है हालत मारु अपनी मेहरी में बिजी है। राक्षस जन्म में हो। बताओ साइकिल में हवा नहीं भरा पा रहे हैं। बिटिया पैदल जा रही है। योर फ़ोन लिंगिंग योर फ़ोन लिंगिंग। दीदी, पंप दे दो। हवा भरना है। पंप कहां है बहनी हमारे घर। अरे उस दिन तो देखी खरीद के ला रही थी तुम। अरे हमारा पंप नहीं था। वो मंगनी का लाए थे। बिटिया के साइकिल में हवा भरना था ना इसलिए लाए थे बाद में पहुंचा दिए। दीदी झूठ मत बोलो तुम खरीद के लाए। नहीं खरीदे बहन इस बात को माना करो। अरे दे दी मैं बताऊंगी नहीं किसी को। तुमको कैसे चमक लग गया कि हमारे घर पंप आया है। अरे उस दिन ला रही थी तो मैं देखी थी। हम बड़ी चालाक हो तुम। दीदी बहुत अच्छा काम की जो पंप मंगा ले। मंगाई नहीं लेके आई बहनी। पैसा भी अभी बाकी है उसका। कितना भी ढाप तोप के लाओ लोगों की नजर पड़ ही जाती है। हमारी बिटिया उस दिन पैदल स्कूल गई। हमारी आंख से आंसू आ गए। फिर दूसरे दिन पंप लेके आई। अरे आजकल लोग इतना गरीब हो गए हैं पंप भी नहीं खरीद पाते का दादा आज कहां इधर पधारे हो बिटिया सुने तुम पंप लाई हो कैसे पंप है कोई हवा भरने वाला का बता बुपा मना भी नहीं कर सकते रुको लेके आ रही हूं कैसे अकेले ही भरोगे ननका है हां है फ़ लिंगिंग योर फ़ लिंगिंग हां बहनी ऐसे दिन रतिया जुटी रहते थे ऐसे ही हो गए लो बहनी बुढ़ आज फिर आ का हो दादा आज फिर हवा निकल गया हां पंचर बनवा लो अरे भर लेते हैं काम हो जाता है अरे तुम भी ना बड़े कंजूस हो गए सरला ये तुम्हारी ही देन है पूरे गांव में हल्ला कर दी सही पकड़ लो का पकड़े अरे हमार छिया पकड़ लो पंप पंप मार लोगे? साला ताकत है शरीर में? साला दो पंप मार दो। मारो बहनी जवानी में तो बड़ा पंप मारे होगे। तुम तो हमसे बोली थी हम पंप के बारे में किसी से नहीं बताएंगे। अरे मैं किसी से नहीं बताऊं बुढ़वा झूठ बोल रहा है। सबसे बड़ी दिक्कत तो ये है बहन की किसी को पंप दो। आके पकड़ो अभी हवा भी भरो। तुमको भी भरना है? क्यों रे? लाओ भर दूं। पचकी हवा फूल जाओगी। वही हाल सिधवा का मुंह कुत्ता चाटता है। इनको क्या बता दे पूरा गांव में हल्ला कर दी। फलानी के यहां पंप आया है। लाओ भरो दिन रात पंप आया है।",UC_l1E50_r3p1Gv4_sLYNizg,Anand raja official,11854647,268247,1438,0,2026-02-28T03:00:14Z,,,,,PT2M57S,177,2d,hd,false,rectangular,True,public,youtube,True,True,False,,[],[],23,hi,en,"['https://en.wikipedia.org/wiki/Entertainment', 'https://en.wikipedia.org/wiki/Film']",[],https://i.ytimg.com/vi/R4FhJECx0cs/default.jpg,https://i.ytimg.com/vi/R4FhJECx0cs/maxresdefault.jpg,,,,,,Nicho 1 (Esquetes)
fccrU4G0UVw,Kapde nhi hai 😂 #anandraja #comedy #comedyshorts #funny #shorts,,[],"मम्मी, भोको। मेरे पास कपड़े नहीं है पहनने के लिए। क्या पहनूं मैं? आय हे बहिनी आए दिन तो मंगाती रहती हो। हमारी जानो, Meesho, पीसो, Amazon, Flipkart। हफ्ते में चार दिन शॉपिंग करती हो। तुम्हारे पास कपड़े ही नहीं है। उधर दायरे पे कपड़ा लटक रहा है। उधर अलमारी में भरा पड़ा है। उधर बक्से में भरा पड़ा है। हमको तो लगता है जितने तुम्हारी एज नहीं, उतने तो तुम्हारे कपड़े हो गए हैं। फिर भी कपड़ों पे भुखमरी फैली है। इधर पता नहीं किसका चार्ज से लटका पड़ा है। ये तुम्हारा ही है ना। कहां है भैया का कपड़ा पहनी हूं। भैया काहे पहनी हो? ये अपना पहनो ना। मम्मी, मेरे पास भी कपड़े नहीं हैं। अब लो, इनके पास भी कपड़े नहीं है। ये तुम्हारा पहनी है, तुम इनका पहन लो। अच्छा रहेगा भाई बहन का। बताओ, इन लोग के पास कपड़े ही नहीं है। एक हमारा जमाना था। एक ही कपड़े पे आधी उम्र गुजार लिया करते थे। और तो और स्कूल के कपड़े पहन के हम शादी ब्याह अटेंड कर लिया करते थे। 5 साल का कुर्ता हो गया, 3 साल का चप्पल हो गया। और ये लोअर, तुम्हारे बड़के भाई का पहने हैं। कोने में फेंक के रखा था। देखो धो दिया। कितना अच्छा लग रहा है। [हंसी] अभी 5 साल चलेगा ये। अरे ये लोग का जाने मजबूरी का हाल। हम गरीबी का दिन देखे हैं। तुम लोग छोटे-छोटे थे। तुम्हारे पापा बनारस से एक साड़ी लाए थे 350 की। वही साड़ी पहन के कुसुम के ब्याह में गई। कंचन के ब्याह में गई, प्रीति के ब्याह में गई, सुमन के ब्याह में गई, तारा के बिटिया के ब्याह में गई। और तो और वही साड़ी पहनकर चार बाग वाली जिद्दी के यहां लखनऊ तक चली गई। अरे तुम लोग दरिद्र हो एकदम। इन लोगों से कुछ कहो तो अपना ही सुना। काहे ना सुनाए? तुम लोग भी जानो कितनी मुसीबत उठाए थे हम जब खिलाना पहनाना नहीं थे तो पैदा क्यों किया? आओ बताती हूं तुमको काहे को पैदा किए। इधर आओ। अब [हंसी] एक थप्पड़ लगेगा ना तो दिमाग ठंडा हो जाएगा तुम्हारा। देख रहे हो कैसे बोल रही है? इतना सारा कपड़ा भरा पड़ा है इन लोगों का। किसका कपड़ा है ये? किसका कपड़ा है गांव वालों का है? बताओ ऊपर से लेकर नीचे तक पूरा भर के रखी हो। लड़का, पियरका, उजड़का, नीलका, जींस, पटियाला, सूट सब हट्टी काट्टी सब पहन रही हो भी कम है तुमको कपड़े की। रट्टा देखो कितना सारा रखी है। बालों में लगाने वाला अलग, मुंह में लगाने वाला अलग, गाड़ी में लगाने वाला अलग। और मथोड़ी [हंसी] के कपड़े देखो जाके मौके पे पैदा हुए हैं। देखो 55 6 जींस है पैंट है। इधर भर के रखे हैं उधर टांग के रखे हैं फिर भी कपड़ों की कमी है इन लोगों को। ये सब मेरे पास सूट है टॉप नहीं है मेरे पास। टॉप कौन सा बड़ी चीज है? टॉप तो मैं दो मिनट में बना दूं। ये तुम्हारा पायजामा है ना? हां। चलो बाहर चलो। डाल भाई इसमें डाल। अभी 2 मिनट में टॉप तैयार होगा। [संगीत] बताओ और कैसा टॉप चाहिए? सही तो है। टॉप के लिए मर जा रही है। [हंसी] ये",UC_l1E50_r3p1Gv4_sLYNizg,Anand raja official,11655759,276886,1991,0,2026-01-31T03:53:53Z,,,,,PT2M34S,154,2d,hd,false,rectangular,True,public,youtube,True,True,False,,[],[],23,hi,en,"['https://en.wikipedia.org/wiki/Entertainment', 'https://en.wikipedia.org/wiki/Film']",[],https://i.ytimg.com/vi/fccrU4G0UVw/default.jpg,https://i.ytimg.com/vi/fccrU4G0UVw/maxresdefault.jpg,,,,,,Nicho 1 (Esquetes)
1DYC4e5m_bA,Golu vs Bunty Crazy Park Race 😂 #shorts #funny #comedy,#funnyshorts #comedyshorts #viralshorts #funnyvideo #friendsfunny #shorts #comedyvideo #funnychallenge,"['funny shorts', 'golu bunty funny', 'park race funny', 'friends racing funny', 'comedy shorts india', 'viral funny video', 'funny challenge video', 'desi comedy shorts']",अबे पागल है क्या? गिर जाएगा। ओए बंटी चल रेस लगाते हैं। आजा थ्री टू वन लेट्स गो। बंटी। अबे क्या हुआ? रुक मैं आ रहा हूं। अबे तुझे तो चोट लग गई। चल घर चलते हैं। नहीं मैं घर नहीं जाऊंगा। मम्मी मुझे मारेगी। अबे डर मत। मैं हूं ना आजा। हां।,UCB-UkEzkyZcjWPsElYJ7-TQ,Golu Bunty Show ,13580065,72793,50,0,2026-02-13T14:55:21Z,,,,,PT42S,42,2d,hd,false,rectangular,True,public,youtube,True,True,False,,[],[],24,hi,en,"['https://en.wikipedia.org/wiki/Entertainment', 'https://en.wikipedia.org/wiki/Film']",[],https://i.ytimg.com/vi/1DYC4e5m_bA/default.jpg,https://i.ytimg.com/vi/1DYC4e5m_bA/maxresdefault.jpg,,,,,,Nicho 1 (Esquetes)
QY0S8OTSzvo,Animals Funny Video 😂😂|| RR Factz 2.0 || #shorts,"Animals Funny Video 😂|| #funnyfails #animals #shorts 

#funnyanimals
#animalsfunnyvideo
#animalsfails
#funny
#comedy

@RR2.024  

#shorts #youtubeshorts #short #bakwaslifehacks #lifehacks #Bakwaslifehacks #amazinglifehack #5minutescraftlifehack #amazingshort #shortvideo #viralshortvideo #trendingfacts #factsneek #viralfactsvideo #crazy #omg #fail #funnyfail #amazingskill #viralshorts #trending #crazyfailcomplication #crazyfail #zipofacts _________________________________________________ guys aise hi aur majedar video dekhne ke liye hamare channel ko like share and subscribe jarur Karen ❤️ _________________________________________________ COPYRIGHT DISCLAIMER ©️ :- Under Section 107 of the copyright act 1976, allowance is made for fair use for purposes such as criticism, comment, news reporting, scholarship, and research. Fair use is a use permitted by copyright statute that might otherwise be infringing. Non-profit, educational or personal use tips the balance in favour of fair use NOTE :-👉 This video is made for only entertainment purpose 🔴 no harmful content in this video ❌ if you like the video please hit like button👍 and do subscribe ❣️ _________________________________________________ papa ki pariyon ke karna mai logo ki gajab karname logon ke gajab ke karna mai papa ke pariyon ke gajab ka naam hai logo ke kuch gajab karname papa ki pari ke gajab ka naam hai papa ki pariyon ke gajab karna mai papa ki pariyan funny video pitbull dog comedy video logon ke gajab ka naam hai logon ke gajab karna mai papa ki pariyon ke gajab ka naam papa ki pari ke karna mai logo ka gajab ke karname south movie papa ki pariyon ki gajab ka naam hai papa ki pariyon ke gajab ke karna mai papa ki pariyo ke karname wwe gajab ke karna mai roman reigns dog logon ke kuchh gajab ke karna mai papa ke pariyon ke karna mai papa ki pari ke gajab karna mai bagad billa funny videos free fire new south indian movies dubbed in hin papa ki pariyo ki gajab karname short video pitbul gajab ke karname papa ki pari ki gajab ka naam hai papa ki pariyon ki gajab karna mein papa ki pariyon ki gajab karna mai comedy gajab karname animal funny moments saudi arab animal funny video cid dog fight kangal dog rottweiler dog papa ke pari ke karna mai movie papa ke pariyon ke gajab ke ka papa ki pariyon ke gajab kar na hindi movie papa ki pariyon ka karnama logo ke gajab karname papa ki pariyon ki kahani prank video respect tiger pathan song rottweiler papa ki pariyon ka naam gajab ka naam hai sab lool hai facts about saudi arabia papa ki pariyon ke karan naam hai round 2 hell saudi arab ka kanoon papa ki pari ke gajab karname papa ki pariyon ki karna mai _________________________________________________ THANKS FOR WATCHING 🙂","['funny fails', 'animals funny fails', 'janwaro ke gajab karname', 'new animals funny fails video']",जानवरों के गजब कारनामे। सबसे पहले यह देखो यार इंसानों से अच्छे तो जानवर होते हैं। अगर गलती से कोई सामान गिर भी जाए तो यह कुछ नहीं बोलते। अबे देखो यार जानवरों को कितना भी कुछ सिखा लो वो कभी दूसरों का बुरा नहीं करते। [संगीत] अब ये देखो यार कुछ भी हो जाए जानवर इंसानों की तरह नहीं लड़ते। अब देख तू अब देख तू। हैं? हां।,UC7eDQHs_jtMKJkimVXV6s8w,RR Factz 2.0,13530671,0,43,0,2026-01-18T15:47:13Z,,,,,PT27S,27,2d,hd,false,rectangular,True,public,youtube,True,True,False,,[],[],24,hi,en,"['https://en.wikipedia.org/wiki/Entertainment', 'https://en.wikipedia.org/wiki/Humour']",[],https://i.ytimg.com/vi/QY0S8OTSzvo/default.jpg,https://i.ytimg.com/vi/QY0S8OTSzvo/maxresdefault.jpg,,,,,,Nicho 1 (Esquetes)
VL6lFzRjR7k,Jai Mata di 🙏 social simran #viral #ytshorts #shorts #trending #navratri,"Jai Mata di 🙏 social simran #viral #ytshorts #shorts #trending #navratri 

Keywords:-
social simran vlogs,
social simran,
simran vlogs,
keshav shashi vlogs,
Keshav shashi vlog,
Keshav shashi block,
keshav shashi shorts,
keshav shashi funny video,
hansi wali video,
tik tok video,
tiktok,
tiktok new video,
twist in end,
twist in end shorts,
try not to laugh,
try not to laugh challenge,
Viral Shorts Video,
Trending Shorts Video,
Viral Prank Video,
Trending Prank Video,
nitin mridul,

funny video funny video,
funny video movie scene,
funny video reaction,
funny video sab lool hai,
funny video bhojpuri,
funny video short,
funny video comedy,
funny video tik tok,
funny video statuss,
funny video 2023,
funny shorts,
funny shorts video,
funny shorts tiktok,
funny shorts in hindi,
funny shorts dushyant kukreja,
funny shorts memes,
comedy video tik tok,

comedy video kapil sharma,
comedy video movie,
comedy video short,
comedy video comedy video,
comedy video status,
hindi comedy video,
comedy shorts,
comedy shorts video,
comedy shorts in hindi,
kaam wali comedy shorts,
stand up comedy,

#comedy #haryanvicomedy #haryanvi #ytshort #haryana #shortsfeed #shortsyoutube #shortsvideo 

#sasbahukicomedy #sasbahukinokjhok #sasbahustory #sasbahucomedy 

#parashthakralvlogs #pubgmobile #soravjoshi #souravjoshivlogs #familyfitness #family #familyvlog #themridul #myfamily 

#shortsbreak #keshavshashivlogs 
       @MYFAMILYComedy @amitffytcomedy @shemaroobollywoodcomedy @goldminesgreatindiancomedy2048 @keshavshashivlogs","['Comedy video', 'Haryanvi comedy', 'Hindi Comedy video', 'funny comedy shorts', 'funny video', 'funny video haryanvi', 'haryanvi comedy video', 'keshav shashi vlogs', 'latest haryanvi jokes', 'new haryanvi jokes', 'shorts', 'viral comedy shorts', 'funny shorts', 'comedy shorts', 'mother and prince', 'sas bahu ki comedy', 'Viral', 'Reel', 'Trending', 'Comedy', 'Funny', 'Short', 'Ytshorts', 'Keshav', 'Shashi', 'Jokes', 'vlogs', 'Family']",अष्टमी का दिन है प्यारा कन्या पूजन कर लो अष्टमी का दिन है प्यारा प्यारा कन्या पूजन कर लो मां गौरी का दर्शन करके खाली झोली भर लो माता,UCJpwUX6KnGyqUVdlQIV3Odg,Social Simran,15655227,264390,610,0,2026-03-26T10:20:50Z,,,,,PT16S,16,2d,hd,false,rectangular,True,public,youtube,True,True,False,,[],[],22,hi,en-IN,['https://en.wikipedia.org/wiki/Lifestyle_(sociology)'],[],https://i.ytimg.com/vi/VL6lFzRjR7k/default.jpg,https://i.ytimg.com/vi/VL6lFzRjR7k/maxresdefault.jpg,,,,,,Nicho 1 (Esquetes)
zKSj8oFokDs,Potty 💩 | #comedy #shorts #train,,[],आ पापा मेरे को इस वाले पॉट में पॉट नहीं करनी एक तो ठंड इतनी है और ऊपर से बहुत चुभता है इस पे गद्दी लगवाओ ना देखो मेरे दोस्त ने फोटो भी भेजी है क्या बोला संडास में गद्दी यहां हमारे गद्दो में गद्दी नहीं है तेरे को संडास में चाहिए मैया अरे ये तो बहुत इजी तरीका है पोटी जाने का हमारे जमाने में जाते थे पोटी हमसे पूछ हम पे क्या बीती थी एंड जेंटलमैन यू आर नॉट रेडी फॉर दिस रेडी [संगीत] [हंसी] अब तो इस थैली में पॉट ही जाएगा इस लगेगा तू नहीं पापा,UCfXBwgh3SdioYHLu3khbHJQ,Laughingggodha,11248774,70631,91,0,2026-01-06T09:50:02Z,,,,,PT49S,49,2d,hd,false,rectangular,True,public,youtube,True,True,False,,[],[],22,hi,en,"['https://en.wikipedia.org/wiki/Entertainment', 'https://en.wikipedia.org/wiki/Film']",[],https://i.ytimg.com/vi/zKSj8oFokDs/default.jpg,https://i.ytimg.com/vi/zKSj8oFokDs/maxresdefault.jpg,,,,,,Nicho 1 (Esquetes)
mB1amqZwAWw,Kisne kiya 🤣 #anandraja #comedy #comedyshorts #funny #comedyvideos #shorts,,[],"अरे हे सरलवा हे पूनमी हे सुष्मि उठ जा रे [हंसी] अरे ये बहनी ये क्या है नो नो नो अरे बाथरूम में कौन हगा रे ऐ सरलवा ए पूनमी ए सुष्मि क्या हुआ अम्मा पता नहीं कौन बाथरूम में है अरे बहन हां देखो कौन हग दिया अरे मेरी मैया इतना मोट ले रहा है कैसे निकला होगा बहनी अरे मोरी मैया यही बड़की की दीदी हगी होंगी उसको। ए चुप करो बहन बस। सामने नहीं आता ऐसे बोलते हुए। फिर गई होगी। का कर लो तुम गई थी? दीदी मैं गई थी नहा के चली आई। बहन मैं तो तीन दिन से व्रत रखी हूं। मुझे हवा भी निकलती है तो पूछ के निकलती है। आ ही नहीं रही हूं तो आउंगी क्या? मैं तो डायरेक्ट हूं। तीन दिन में एक बार जाती हूं। जब तुम नहीं आई, यह नहीं आई, ये नहीं आई, तो लेड किसने गिराया यहां पर? मम्मी, मैं तो कसम खा के कहती हूं, मैं नहीं गई हूं। अब राम जाने बहनी, कौन आया था? बताओ नीचे ऊपर लैट्रिन बना, वहां नहीं जा पाए। यही नौ में आके पोख मारे हैं। अम्मा जी सबसे पहले तो आप ही उठी रही। अरे भाग अरे मैं आई थी। मैं आई होती तुम लोगों से पूछती। अ बहिनी मुझे तो सबसे बड़ी टेंशन इस बात की है कि इतना मोटा निकला कैसे होगा? तुम ही आई होगी। अरे चुप करो बहनी। तुम तो हाथ पैर धोके हमारे ही पीछे पड़ गई हो। सूखी रोटी ये खाती है। पूड़ी ये खाती है। आलू को पूरी खाती है। भरवा चोखा। का चोखा। चार चाउमीन का पत्ती सब लेके आते हैं। सब यही ठूस के आती है। निकल के चली जाती हैं। तुम नहीं खाती हो? कहां खाती है? चक्कर लगाती है बाथरूम में। मुझे लड़ाई झगड़ा नहीं पसंद है। जो किया है उसको साफ करके जाओ। अरे ए बहनी ना मैं आई हूं ना मैं साफ करूंगी। मैं भी नहीं करूंगी। जब तक क्लियर नहीं हो जाएगा कर्म किसने किया है तब तक मैं सफाई नहीं करूंगी। हां तो मैं कौन सा साफ करने वाली हूं। मैं चलो दूसरे का हवा मुंह साफ करूं। नहनी में ताला लगा दो। एक सरकारी ताला लगा दो। एक प्राइवेट ताला लगा दो। नहनी सील कर दो। बंद रहे नहनी। हां सील कर दो बंद कर दो। अगर पता चल गया किसने आके यहां लैट्रिन की है तो मुझसे बुरा कोई नहीं। ठीक है। पता करो। सीआईडी लगाओ। एसपी परमान को बुलाओ। टट्टी लाइव में जाएगी। उस पर रिसर्च होगा किसकी टट्टी है ये। मुझे तो लगता है अम्मा ही गई होंगी क्योंकि वही सबसे पहले उठती हैं। तुम मानो या ना मानो मुझे तो पूनम दीदी पे ज्यादा शक है। तुम खाओ कसम जाकर तुम नहीं गई हो तो तुम कसम खाओ। देखो तुम लोगों की तरह मैं इतना गिरी नहीं हूं। मैं अपने बच्चे की कसम खाऊं। हमारा नौखे का लड़का हम क्यों कसम खाएंगे? अच्छा तुम्हारा नौखिया का है। मैं तो ऑनलाइन मंगाई थी। मेरा तो पैदा नहीं हुआ था। क्या हुआ भाभी? झगड़ा क्यों हो रहा है? अब भैया नहाने में पता नहीं कौन पोटी कर दिया है। उसी को लेके सुबह से झगड़ा लड़ाई कार कर कार कर कार कर कार कर कार कर कार कर कार कर कार कर कार कर कार कर कार चालू है। मैं तो बाहर था। कैमरा चेक करे क्या? वो निकली वो निकली भैया उसको बड़ा करो। बड़ा करो उसको वो निकली वो देखो देखो [संगीत] बड़ा करो उसको ए या देखो मां जी तुम भी देखो दीदी तुम भी देखो। ये बाथरूम के अंदर गई देखो। अरे मैं नहीं हूं। अम्मा पता नहीं वो कौन है। मुझे तो लगता है चुड़ैलियां है। मेरा रूप धर के आई है। हां चुड़ैलियां है तुम किसी चुड़ैलिया से कम हो। हे भगवान ये कितना झूठ बोलती है। अरे इनके अंग में झूठ का खून दौड़ रहा है। अम्मा मैं सच बता के गया।",UC_l1E50_r3p1Gv4_sLYNizg,Anand raja official,11884862,205822,1392,0,2026-02-13T03:21:46Z,,,,,PT3M1S,181,2d,hd,false,rectangular,True,public,youtube,True,True,False,,[],[],23,hi,en,"['https://en.wikipedia.org/wiki/Entertainment', 'https://en.wikipedia.org/wiki/Film']",[],https://i.ytimg.com/vi/mB1amqZwAWw/default.jpg,https://i.ytimg.com/vi/mB1amqZwAWw/maxresdefault.jpg,,,,,,Nicho 1 (Esquetes)
1ccrtSo35u4,Last Kite 🪁 Video 💔😢 #shorts #kite #viral #comedy,,"['Shorts', 'Kupaa Reaction', 'Viral', 'Viral videos', 'Kite', 'Kite funny', 'Comedy', 'Funny', 'Comedy videos', 'Trending', 'Shorts viral', 'Hyderabad']",मैं वापस आऊंगा। मैं वापस आऊंगा। फिर अपने गांवों में प्यार की छांवों में तरसती आंखों से किसी की बाहों से किधर की राहों से किया जो वादा था वो निभाऊंगा। मैं वापस आऊंगा। मैं वापस,UCf_Zb2PI4aPLS8s-JalX6PA,Kupaa Reaction 2.0,12276783,48569,84,0,2026-02-13T13:27:00Z,,,,,PT31S,31,2d,hd,false,rectangular,True,public,youtube,True,True,False,,[],[],24,hi,en,['https://en.wikipedia.org/wiki/Entertainment'],[],https://i.ytimg.com/vi/1ccrtSo35u4/default.jpg,https://i.ytimg.com/vi/1ccrtSo35u4/maxresdefault.jpg,,,,,,Nicho 1 (Esquetes)
jalN18Yafzk,Oddly Satisfying Kinetic Sand Faces Crushing | Cute Shapes Hammer Smash ASMR #shorts,"Watch these cute kinetic sand face shapes get crushed and smashed with a hammer for the most satisfying ASMR experience! The soft sand breaking, cracking, and crumbling sounds are super relaxing and oddly satisfying to watch.

Perfect for stress relief, ASMR lovers, and kinetic sand fans. Don’t blink or you’ll miss the best crush moments!

Like ❤️ Comment 💬 Subscribe 🔔 for more daily satisfying sand videos.

⸻

🔥 Hashtags

#shorts #asmr #kineticsand #satisfying #oddlysatisfying #sandcrush #sandcutting #relaxing #stressrelief #sandasmr #crushing #satisfyingvideo #asmrsounds #sandshapes #viralshorts","['kinetic sand', 'sand cake', 'sand crushing', 'sand smash', 'satisfying sand', 'oddly satisfying', 'kinetic sand asmr', 'sand cutting', 'sand breaking', 'hammer crush sand', 'relaxing videos', 'stress relief asmr', 'sand shapes', 'cute sand faces', 'sand crumble', 'crunchy sounds', 'asmr shorts', 'satisfying shorts', 'viral asmr', 'sand art']","Lapar-lapper ha, Laper-lapper he, Laper-lapper. Pengen-pengenus tapi makan terus. Pengen-pengenus tapi makan terus. Pengen-pengen ngemil tapi ingat diet. Pengen makan malam ingat",UCkFKRj1M8v0CJBhXcN4sCkw,AM KA ARMY,60974969,301613,117,0,2026-02-10T12:31:07Z,,,,,PT23S,23,2d,hd,false,rectangular,True,public,youtube,True,True,False,,[],[],24,id,en,['https://en.wikipedia.org/wiki/Entertainment'],[],https://i.ytimg.com/vi/jalN18Yafzk/default.jpg,https://i.ytimg.com/vi/jalN18Yafzk/maxresdefault.jpg,,,,,,Nicho 2 (Satisfying/Zero)
ntLF-k-TcZw,ASMR EATING EMOJI FOOD🍻@closerfood #asmr #mukbang #food #subscribe #satisfying #shorts #emoji,,[],[ERRO_TranscriptsDisabled]: Could not retrieve a transcript for the video https://www.youtube.com/watch?v=nt,UClPUX0-EYr0IzoDkRif3EMA,Its- FIZz☆,13780077,0,803,0,2026-01-06T07:27:37Z,,,,,PT45S,45,2d,hd,false,rectangular,True,public,youtube,True,True,False,,['RU'],[],24,en-US,en,"['https://en.wikipedia.org/wiki/Food', 'https://en.wikipedia.org/wiki/Lifestyle_(sociology)']",[],https://i.ytimg.com/vi/ntLF-k-TcZw/default.jpg,https://i.ytimg.com/vi/ntLF-k-TcZw/maxresdefault.jpg,,,,,,Nicho 2 (Satisfying/Zero)
UEJ3n9Jyp5Q,Pov: Why this coconut so satisfying? #shorts #viral #oddlysatisfying,"This video shows the traditional and natural process of cutting a coconut. Starting from removing the husk to splitting the hard shell using simple and effective techniques. Each step is done carefully to preserve the quality of the coconut water and fresh. 

Coconut is a tropical fruit with many benefits and is widely used in daily life. Proper cutting techniques help ensure the best results and make further processing easier. This video is perfect for viewers who enjoy nature content, traditional activities, and relaxing, satisfying visuals. 
 
There’s something insanely satisfying about a perfectly peeled coconut. Watch till the end. 🥥 
#Coconut 
#CoconutPeeling 
#Satisfying 
#ASMR 
#FruitCutting 
#Shorts
#coconutcuttingskills 
#oddlysatisfying","['Coconut', 'shorts', 'satisfying', 'asmrvideo', 'Cuttingskills', 'oddlysatisfying']",[ERRO_TranscriptsDisabled]: Could not retrieve a transcript for the video https://www.youtube.com/watch?v=UE,UCSaUiz3x0jOLY9Pe-GukZ1w,AZ IBRAHIM,17563935,212404,1099,0,2026-03-01T00:05:00Z,,,,,PT1M1S,61,2d,hd,false,rectangular,True,public,youtube,True,True,False,,[],[],22,en,en,"['https://en.wikipedia.org/wiki/Food', 'https://en.wikipedia.org/wiki/Hobby', 'https://en.wikipedia.org/wiki/Lifestyle_(sociology)']",[],https://i.ytimg.com/vi/UEJ3n9Jyp5Q/default.jpg,https://i.ytimg.com/vi/UEJ3n9Jyp5Q/maxresdefault.jpg,,,,,,Nicho 2 (Satisfying/Zero)
DlkiX7qX8a8,ASMR EATING EMOJI FOOD✨️🍻@DangbeeEATING. #asmr #subscribe #food #satisfying #shorts #emoji,,[],라미큼나는 빛이 싹했지 어쩌만 하른 나비처럼 나라가지 못하면네 마시니까 말자고 피웠던 시간도 이제 모두 랄랄라이랄 불게 다버려준나 난 괜찮은 괜찮을까 구름만 동시에 날 꽃향기만 남기고 같단다.,UClPUX0-EYr0IzoDkRif3EMA,Its- FIZz☆,10415195,0,486,0,2026-01-09T08:44:37Z,,,,,PT38S,38,2d,hd,false,rectangular,True,public,youtube,True,True,False,,[],[],24,en-US,en,"['https://en.wikipedia.org/wiki/Food', 'https://en.wikipedia.org/wiki/Lifestyle_(sociology)']",[],https://i.ytimg.com/vi/DlkiX7qX8a8/default.jpg,https://i.ytimg.com/vi/DlkiX7qX8a8/maxresdefault.jpg,,,,,,Nicho 2 (Satisfying/Zero)
T927FnewAeI,Amazing Fruit Harvesting Skills & Satisfying Work#viral #oddlysatisfying #skills #work #viralshorts.,"Amazing Fruit Harvesting Skills & Satisfying Work#viral #oddlysatisfying #skills #work #viralshorts. 
#حرف_إبداعية #مهارات #فواكه #مريح_للأعصاب #Satisfying #Skills #Harvesting #MasterCrafts #Shorts
شاهد مهارات احترافية مذهلة في قطف وحصاد الفواكه والعسل بطرق مبتكرة ومريحة للأعصاب. في هذا الفيديو، نستعرض معكم ذكاء الحرفيين والمزارعين في التعامل مع المحاصيل بأدوات بسيطة ونتائج مبهرة.
لا تنسوا الاشتراك في القناة للمزيد من مقاطع الحرف والمهارات العالمية!
Watch amazing and satisfying fruit harvesting skills! From professional fruit cutting to honey harvesting, these master crafts will blow your mind. Don't forget to like and subscribe for more satisfying content!
#حرف_إبداعية #مهارات #فواكه #مريح_للأعصاب #Satisfying #Skills #Harvesting #MasterCrafts #Shorts","['Satisfying', 'Oddly Satisfying', 'Fruit Harvesting', 'Amazing Skills', 'Master Crafts', 'Agriculture Technology', 'Fruit Cutting', 'Honey Harvest', 'Farm Life', 'Smart Work', 'Viral Shorts', 'ASMR Work.']",[ERRO_TranscriptsDisabled]: Could not retrieve a transcript for the video https://www.youtube.com/watch?v=T9,UCvSmLBugYotwMOz9yPfL4ig,ALI HAMIDO | Master Crafts & Tech,8981122,252284,1844,0,2026-03-04T17:49:05Z,,,,,PT2M26S,146,2d,hd,false,rectangular,True,public,youtube,True,True,False,,[],[],22,en-US,en-GB,"['https://en.wikipedia.org/wiki/Hobby', 'https://en.wikipedia.org/wiki/Lifestyle_(sociology)']",[],https://i.ytimg.com/vi/T927FnewAeI/default.jpg,https://i.ytimg.com/vi/T927FnewAeI/maxresdefault.jpg,,,,,,Nicho 2 (Satisfying/Zero)
sZChcYFUpk0,Oddly Satisfying Kinetic Sand Faces Crushing | Cute Shapes Hammer Smash ASMR #shorts,"Watch these cute kinetic sand face shapes get crushed and smashed with a hammer for the most satisfying ASMR experience! The soft sand breaking, cracking, and crumbling sounds are super relaxing and oddly satisfying to watch.

Perfect for stress relief, ASMR lovers, and kinetic sand fans. Don’t blink or you’ll miss the best crush moments!

Like ❤️ Comment 💬 Subscribe 🔔 for more daily satisfying sand videos.

#shorts #asmr #kineticsand #satisfying
#oddlysatisfying #sandcrush #sandcutting
#relaxing #stressrelief #sandasmr #crushing
#satisfyingvideo #asmrsounds #sandshapes
#viralshorts","['kinetic sand', 'sand cake', 'sand crushing', 'sand smash', 'satisfying sand', 'oddly satisfying', 'kinetic sand asmr', 'sand cutting', 'sand breaking', 'hammer crush sand', 'relaxing videos', 'stress relief asmr', 'sand shapes', 'cute sand faces', 'sand crumble', 'crunchy sounds', 'asmr shorts', 'satisfying shorts', 'viral asmr', 'sand art']","Lapar-lapper ha, lapar-lapper hiver lapar ho. Pengen-pengen kurus tapi makan terus. Pengen-pengen kurus tapi makan terus. pengen-pengen ngemil tapi ingat",UCJCw95BbfOnFHv3tXUJx5IA,M Cake ,8721904,40383,22,0,2026-03-09T13:01:36Z,,,,,PT19S,19,2d,hd,false,rectangular,False,public,youtube,True,True,False,,[],[],24,ko,en,['https://en.wikipedia.org/wiki/Entertainment'],[],https://i.ytimg.com/vi/sZChcYFUpk0/default.jpg,https://i.ytimg.com/vi/sZChcYFUpk0/maxresdefault.jpg,,,,,,Nicho 2 (Satisfying/Zero)
5BqzE1_71nM,#viral #humor #oddlysatisfying #comedyvideos #fyp #pov #illustration #ytshort #fypシ #funny #shorts,,[],"Bora mãe. Vou botar o filme. >> Ai, tá bom, já tô indo, já tô indo. Nunca vi mamãe perguntar tudo, tudo. >> Relaxa, esse filme já tá no preparo. A >> pronto, tô bem acordada, não vou dormir. Pode colocar. >> Só para deixar claro, mãe, eu nunca vi esse filme. Não sei quem é bom, quem é mau, quem é mais ou menos, qual objetivo? Não sei de nada. >> Aí tá >> beleza. O que que é isso? Isto é um copo d'água. Eu sou protagonista e eu vou beber porque eu estou com sede. >> Caramba. So >> Margaret, está tudo acabado entre nós. >> Mas por que porque eu traí ele bebendo água com outra pessoa. >> Quem é >> eu era outra pessoa, o vilão da história. >> E o que >> meu objetivo é querer toda a água do mundo, >> porque eu sou mal hidratado. Ela morre no final. >> Sim. >> Como é? >> Veja, Claudinho, >> ela tá >> entendendo. >> Não consigo fazer perguntas. >> Dê Obévio uma produção. Net Félix. a primeira vez. Um fim",UCRmy-89KevmmWpQ_rlDQ0uA,Yohann Thalia,6894939,99309,161,0,2026-02-26T12:29:01Z,,,,,PT49S,49,2d,hd,false,rectangular,False,public,youtube,True,True,False,,[],[],22,pt-PT,en,"['https://en.wikipedia.org/wiki/Entertainment', 'https://en.wikipedia.org/wiki/Humour']",[],https://i.ytimg.com/vi/5BqzE1_71nM/default.jpg,https://i.ytimg.com/vi/5BqzE1_71nM/maxresdefault.jpg,,,,,,Nicho 2 (Satisfying/Zero)
UypLXCC6D6c,Drawing a Pastel Turquoise Handbag 👜🩵 #asmr #satisfying #oddlysatisfying #shorts #drawing #diy,,[],[ERRO_TranscriptsDisabled]: Could not retrieve a transcript for the video https://www.youtube.com/watch?v=Uy,UCjK9F4opYvwn5xDPhQ7-ncQ,Neyu Satisfying,8632707,29247,14,0,2026-01-24T13:00:56Z,,,,,PT10S,10,2d,hd,false,rectangular,True,public,youtube,True,True,False,,[],[],24,en-US,en-US,"['https://en.wikipedia.org/wiki/Hobby', 'https://en.wikipedia.org/wiki/Lifestyle_(sociology)']",[],https://i.ytimg.com/vi/UypLXCC6D6c/default.jpg,https://i.ytimg.com/vi/UypLXCC6D6c/maxresdefault.jpg,,,,,,Nicho 2 (Satisfying/Zero)
9IOdWcSRP2U,THIS IS INSANE 😱 Luxury Gold Bars Epoxy Floor Transformation #epoxy #floor #goldbars,"Ever wonder this is the reason for high gold prices? Witness a standard space undergo a dramatic room makeover with an audacious twist: genuine gold bars are embedded to create a one-of-a-kind epoxy floor.

This stunning ""3D epoxy floor"" and ""room transformation"", complete with ""ASMR relaxing"" sounds, redefines the boundaries of home improvement and interior design. From the first pour to the final ""satisfying construction ASMR"", this bedroom makeover reveals a satisfying and thought-provoking space that turns luxury into a literal foundation.

#epoxy #3depoxyfloor#epoxy #3depoxyfloor #3dflooring #goldbar #gold #goldbrick #asmr #epoxyasmr #goldenfloor #3dflooring #epoxyasmr #epoxyresin #epoxyflooring #flooringideas #epoxy #epoxyfloor #epoxyresin #3dflooring #diy #design #craft #roommakeover #3dflooring #beforeandafter #interiordesign #flooring #satisfying #oddlysatisfying #shorts #viral #fyp #epoxyflooring #flooringideas #transformation #homerenovation #renovation #homeimprovement #flooringideas","['epoxy', '3d epoxy floor', 'gold', 'gold bar', 'golden flooring', 'gold floor', 'room makeover', 'transformation', 'bedroom makeover', 'home improvement', 'interior design', 'epoxy flooring', 'hypnovisual', 'asmr', 'ai animation', 'ai filmmaking', 'ai timelapse', 'ai room makeover', 'room transformation', 'before and after', 'satisfying timelapse', 'relaxing video', 'aesthetic room', 'asmr no talking', 'building asmr', 'diy asmr', 'luxuryinterior', 'epoxy resin floors in homes', 'bedroom', 'renovation', 'epoxy resin flooring', 'satisfying', 'usa']",[ERRO_TranscriptsDisabled]: Could not retrieve a transcript for the video https://www.youtube.com/watch?v=9I,UCbRXWYg-yt-2zr_nF2mlOvQ,Brilliant Floors,6969969,36625,201,0,2026-02-07T15:32:12Z,,,,,PT20S,20,2d,hd,false,rectangular,True,public,youtube,True,True,False,,[],[],24,en,en,"['https://en.wikipedia.org/wiki/Hobby', 'https://en.wikipedia.org/wiki/Lifestyle_(sociology)']",[],https://i.ytimg.com/vi/9IOdWcSRP2U/default.jpg,https://i.ytimg.com/vi/9IOdWcSRP2U/maxresdefault.jpg,,,,,,Nicho 2 (Satisfying/Zero)
qUAc2WJd8OQ,Fixing a $70 Disaster 😱 CHANEL Restoration PT1 #shorts #makeuprepair #fyp #satisfying,"ASMR Repairing Makeup


🔹 Subscribe us here: https://www.youtube.com/channel/UCQj7BHJBPTB8uizlTC9Z1iw

🔹 Watching more Makeup Repair Content here: https://www.youtube.com/playlist?list=PLOKd8QxuTJQaWHHqBBBhjXAQK2l0EvDvb

Thanks for watching ❤ 
#makeuprepair  #asmr #makeuprepair #asmr #tiktok #satisfying #satisfyingshorts","['shorts', 'tiktok', 'cosmetic', 'cosmetics', 'makeup', 'makeup asmr', 'asmr makeup', 'makeup repair', 'cosmetic asmr', 'viral', 'satisfying', 'fyp', 'tips', 'hacks', 'beautyhack', 'how to fix it', 'repair', 'compilation', 'satisfy', 'oddly', 'trends', 'asmr for sleep shorts', 'cosmetic up', 'cosmetic up asmr', 'satisfying makeup', 'satisfying video', 'satisfying repair', 'cosmetic repair', 'satifying asmr', 'asmr sleep', 'diy', 'relaxing', 'oddlysatisfying', 'restoration', 'satisfactorio', 'storytime', 'cosmetics restoration', 'recycling', 'asmr', 'asmr makeup repair', 'diy makeup']",[ERRO_TranscriptsDisabled]: Could not retrieve a transcript for the video https://www.youtube.com/watch?v=qU,UCmEboYJCJ6UdD4iWURmj6Aw,Satisfying Shorts,6337328,70446,34,0,2026-01-26T09:30:34Z,,,,,PT42S,42,2d,hd,false,rectangular,True,public,youtube,True,True,False,,[],[],24,en-US,en,['https://en.wikipedia.org/wiki/Lifestyle_(sociology)'],[],https://i.ytimg.com/vi/qUAc2WJd8OQ/default.jpg,https://i.ytimg.com/vi/qUAc2WJd8OQ/maxresdefault.jpg,,,,,,Nicho 2 (Satisfying/Zero)
bsZGWj2lfwc,The Most Satisfying Soap Cleaning Ever #shorts,"This soap was so dirty, but after this cleaning hack it turned perfectly clean. So satisfying to watch the dirt disappear. Wait for the final result, it’s worth it!
#shorts #satisfying #cleaning #lifehack #oddlysatisfying #viral #fyp #trending #beforeafter #soap #clean #wow #shortvideo #usa #usashorts #viralshorts #satisfyingvideo","['satisfying', 'soap cleaning', 'cleaning hack', 'oddly satisfying', 'life hack', 'soap hack', 'dirty to clean', 'before after', 'satisfying cleaning', 'viral shorts', 'shorts', 'viral video', 'us shorts', 'trending shorts', 'clean video', 'satisfying video']",I I >> Wow. >> Wow. >> Wow. >> Wow. Ê,UCOU98_8DxyToPQSbWpKc4ng,Huy Viral ,5060786,29209,17,0,2026-03-31T03:45:18Z,,,,,PT33S,33,2d,hd,false,rectangular,True,public,youtube,True,True,False,,[],[],22,zxx,en,['https://en.wikipedia.org/wiki/Lifestyle_(sociology)'],[],https://i.ytimg.com/vi/bsZGWj2lfwc/default.jpg,https://i.ytimg.com/vi/bsZGWj2lfwc/maxresdefault.jpg,,,,,,Nicho 2 (Satisfying/Zero)
4A12CwqnJW0,wax asmr #waxsquishies #asmr #satisfying #shorts,,[],"This is going to be the most satisfying thing I've ever done. Let's start off with the needle because I think this is going to be the worst one. No. Two out of 10. Now we have a ball of clay. The clay melted a little bit too much. So now it is time for the dumpling. Didn't want to do my glitter one because I'm afraid it's going to be ruined. That was the best one. That was so good. It is time for the two I've been waiting for. I'm trying to be ASMR. Is it working? I'm not going to lie, that was not as satisfying as I thought. And this better not have ruined my squishy. Time for the grand finale. I don't think there's any saving this one. It's completely covered.",UCjnhJddb_RvyQUT-MiT0UDg,macysgrwm,3998374,47953,741,0,2026-02-26T21:55:13Z,,,,,PT1M3S,63,2d,hd,false,rectangular,True,public,youtube,True,True,False,,[],[],22,en,en,['https://en.wikipedia.org/wiki/Lifestyle_(sociology)'],[],https://i.ytimg.com/vi/4A12CwqnJW0/default.jpg,https://i.ytimg.com/vi/4A12CwqnJW0/maxresdefault.jpg,,,,,,Nicho 2 (Satisfying/Zero)
Wa02fblXsc4,Ranking Satisfying ASMR Moments 😇 #shorts,"#usa #shorts #ranking #top5 #funny #satisfying  Please note: On MartyRankz, you’ll find uniquely edited ranked clips you won’t see anywhere else. Every short is packed with custom effects, perfectly-timed sound cues, creative memes, and smooth cuts to keep the energy high and the audio alive. We handpick 4–9 rare clips for each video and transform each one with original edits that make it truly stand out. Every short is crafted with hours of effort to deliver nonstop entertainment for our viewers.",[],Heat. Heat. Heat. Heat.,UCmUoyBXUkwTC-P0znRmPkIA,Marty KG,3405837,0,143,0,2026-02-05T12:30:54Z,,,,,PT44S,44,2d,hd,false,rectangular,True,public,youtube,True,True,False,,[],[],24,en-US,en-US,['https://en.wikipedia.org/wiki/Entertainment'],[],https://i.ytimg.com/vi/Wa02fblXsc4/default.jpg,https://i.ytimg.com/vi/Wa02fblXsc4/maxresdefault.jpg,,,,,,Nicho 2 (Satisfying/Zero)
4HlWE0aYUJ4,This Epoxy Floor Transformation Is So Satisfying!😍#shorts #floor #renovation #interiordesign,"Watch this amazing epoxy floor transformation! 😍

From a rough old floor to a super glossy mirror finish using epoxy flooring. The final result is incredibly satisfying!

If you love satisfying transformations, flooring work, and epoxy designs, make sure to LIKE and SUBSCRIBE for more amazing videos.

New satisfying epoxy flooring videos every week!

#epoxyfloor
#epoxyflooring
#satisfying
#transformation
#oddlysatisfying
#construction
#flooring
#shorts

#epoxyfloor
#satisfying
#epoxyflooring
#oddlysatisfying


epoxy flooring
epoxy floor transformation
satisfying epoxy floor
luxury epoxy floor
floor makeover
epoxy resin floor
viral satisfying video
floor coating
epoxy design","['epoxy floor', 'epoxy flooring', 'floor transformation', 'satisfying transformation', 'luxury floor', 'boblox10', 'viral shorts', 'roommakeover', 'epoxy resin', 'floor design']",[ERRO_TranscriptsDisabled]: Could not retrieve a transcript for the video https://www.youtube.com/watch?v=4H,UCEBeY0caBg8tvrbL_Gx7S1A,BOBLOX10,2611380,0,171,0,2026-03-14T14:01:51Z,,,,,PT37S,37,2d,hd,false,rectangular,False,public,youtube,True,True,False,,[],[],26,en,en,"['https://en.wikipedia.org/wiki/Hobby', 'https://en.wikipedia.org/wiki/Lifestyle_(sociology)']",[],https://i.ytimg.com/vi/4HlWE0aYUJ4/default.jpg,https://i.ytimg.com/vi/4HlWE0aYUJ4/maxresdefault.jpg,,,,,,Nicho 2 (Satisfying/Zero)
YPavq9fIh6M,Drawing a Coconut Tree 🌴 #asmr #satisfyingasmr #relax #drawing #oddlysatisfying #shorts,,[],[ERRO_TranscriptsDisabled]: Could not retrieve a transcript for the video https://www.youtube.com/watch?v=YP,UCjK9F4opYvwn5xDPhQ7-ncQ,Neyu Satisfying,3440257,12504,8,0,2026-01-02T13:01:07Z,,,,,PT12S,12,2d,hd,false,rectangular,True,public,youtube,True,True,False,,[],[],24,en-US,en-US,"['https://en.wikipedia.org/wiki/Hobby', 'https://en.wikipedia.org/wiki/Lifestyle_(sociology)']",[],https://i.ytimg.com/vi/YPavq9fIh6M/default.jpg,https://i.ytimg.com/vi/YPavq9fIh6M/maxresdefault.jpg,,,,,,Nicho 2 (Satisfying/Zero)
Dx4ra1fbfYM,ASMR Orbit Unwrapping😍 #asmr #satisfying,"ASMR Orbit chewing gum unboxing😍
Crunchy, satisfying gum sounds that will relax your mind!

Which flavor do you like most?🍓🍉🌿🍊🍒🫐

Watch till the end for the best ASMR moment!✨🎧

#asmr #orbit #satisfying #chewinggum #asmrsounds #candyasmr #foodasmr #oddlysatisfying #shorts #youtubeshorts #viralshorts

#asmr #orbit #orbitgum #orbitasmr #chewinggum
#gumasmr #asmrsounds #satisfying
#oddlysatisfying #candyasmr #sweetasmr
#unboxingasmr #shorts #youtubeshorts #viralshorts #trendingasmr #foodasmr #asmreating #asmrfood
#satisfyingvideo","['asmr', 'orbit', 'orbit gum', 'orbit asmr', 'chewing gum asmr', 'gum asmr sounds', 'satisfying asmr', 'candy asmr', 'sweet asmr', 'food asmr', 'unboxing asmr', 'oddly satisfying', 'viral shorts', 'youtube shorts', 'asmr eating', 'satisfying video', 'trending asmr', 'relaxing asmr sounds']",[ERRO_TranscriptsDisabled]: Could not retrieve a transcript for the video https://www.youtube.com/watch?v=Dx,UCaBnrCg7mYjUqTgI4QTuG_w,Candy Cool,3211799,13120,9,0,2026-03-27T16:15:04Z,,,,,PT12S,12,2d,hd,false,rectangular,False,public,youtube,True,True,False,,[],[],22,en,en,[],[],https://i.ytimg.com/vi/Dx4ra1fbfYM/default.jpg,https://i.ytimg.com/vi/Dx4ra1fbfYM/maxresdefault.jpg,,,,,,Nicho 2 (Satisfying/Zero)
Z2jSvbAZFks,The Most Satisfying Hazelnut Extraction Ever 🤯🔬🍫 #oddlysatisfying #asmr #ferrerorocher #shorts,The Most Satisfying Hazelnut Extraction Ever 🤯🔬🍫 #oddlysatisfying #asmr #ferrerorocher #shorts,[],[ERRO_TranscriptsDisabled]: Could not retrieve a transcript for the video https://www.youtube.com/watch?v=Z2,UCF4P0eDPMZp7ubWh13sZMUA,Afzaal Satisfy ,2838032,10348,10,0,2026-03-28T00:48:47Z,,,,,PT9S,9,2d,hd,false,rectangular,False,public,youtube,True,True,False,,[],[],24,en,en-US,['https://en.wikipedia.org/wiki/Food'],[],https://i.ytimg.com/vi/Z2jSvbAZFks/default.jpg,https://i.ytimg.com/vi/Z2jSvbAZFks/maxresdefault.jpg,,,,,,Nicho 2 (Satisfying/Zero)
FiQlax71vHY,The Most Satisfying Teddy Cleaning,"This teddy bear was covered in mud, but after washing it became perfectly clean. So satisfying and unexpected to watch. Wait for the final result!
#shorts #satisfying #cleaning #teddybear #oddlysatisfying #viral #fyp #trending #beforeafter #clean #wow #shortvideo #usa #usashorts #viralshorts #satisfyingvideo","['teddy bear', 'teddy bear cleaning', 'satisfying', 'cleaning', 'oddly satisfying', 'life hack', 'dirty to clean', 'before after', 'satisfying cleaning', 'viral shorts', 'shorts', 'viral video', 'us shorts', 'trending shorts', 'clean video', 'satisfying video']","Help me, help me, [la hét] help me, help me. [la hét] Help me, help me. A. >> Yeah. [la hét] Wow. Yeah. Wow. Ý",UCOU98_8DxyToPQSbWpKc4ng,Huy Viral ,2433264,14531,6,0,2026-03-31T23:15:17Z,,,,,PT28S,28,2d,hd,false,rectangular,True,public,youtube,True,True,False,,[],[],22,zxx,en,[],[],https://i.ytimg.com/vi/FiQlax71vHY/default.jpg,https://i.ytimg.com/vi/FiQlax71vHY/maxresdefault.jpg,,,,,,Nicho 2 (Satisfying/Zero)
lSSGkFJdyrk,ASMR EATING EMOJI FOOD🍻@Bunny_EATING0 #asmr #mukbang #food #subscribe #satisfying #shorts #emoji,,[],[음악] [음악] [음악] [음악] H,UClPUX0-EYr0IzoDkRif3EMA,Its- FIZz☆,1304104,0,137,0,2026-01-07T07:28:31Z,,,,,PT36S,36,2d,hd,false,rectangular,True,public,youtube,True,True,False,,[],[],24,en-US,en,"['https://en.wikipedia.org/wiki/Food', 'https://en.wikipedia.org/wiki/Lifestyle_(sociology)']",[],https://i.ytimg.com/vi/lSSGkFJdyrk/default.jpg,https://i.ytimg.com/vi/lSSGkFJdyrk/maxresdefault.jpg,,,,,,Nicho 2 (Satisfying/Zero)
rO_KfKzUgdM,I Made Cosmetic Face Mask ASMR #asmr #asmrforsleep #relaxing #sleep #shorts #facemask,"ASMR Repairing Makeup


🔹 Subscribe us here: https://www.youtube.com/channel/UCQj7BHJBPTB8uizlTC9Z1iw

🔹 Watching more Makeup Repair Content here: https://www.youtube.com/playlist?list=PLOKd8QxuTJQaWHHqBBBhjXAQK2l0EvDvb

Thanks for watching ❤ 
#makeuprepair  #asmr #makeuprepair #asmr #tiktok #satisfying #satisfyingshorts","['shorts', 'tiktok', 'cosmetic', 'cosmetics', 'makeup', 'makeup asmr', 'asmr makeup', 'makeup repair', 'cosmetic asmr', 'viral', 'satisfying', 'fyp', 'tips', 'hacks', 'beautyhack', 'how to fix it', 'repair', 'compilation', 'satisfy', 'oddly', 'trends', 'asmr for sleep shorts', 'cosmetic up', 'cosmetic up asmr', 'satisfying makeup', 'satisfying video', 'satisfying repair', 'cosmetic repair', 'satifying asmr', 'asmr sleep', 'diy', 'relaxing', 'oddlysatisfying', 'restoration', 'satisfactorio', 'storytime', 'cosmetics restoration', 'recycling', 'asmr', 'asmr makeup repair', 'diy makeup']",[ERRO_TranscriptsDisabled]: Could not retrieve a transcript for the video https://www.youtube.com/watch?v=rO,UCmEboYJCJ6UdD4iWURmj6Aw,Satisfying Shorts,1494667,21939,36,0,2026-02-11T22:00:52Z,,,,,PT48S,48,2d,hd,false,rectangular,True,public,youtube,True,True,False,,[],[],24,en-US,en,['https://en.wikipedia.org/wiki/Lifestyle_(sociology)'],[],https://i.ytimg.com/vi/rO_KfKzUgdM/default.jpg,https://i.ytimg.com/vi/rO_KfKzUgdM/maxresdefault.jpg,,,,,,Nicho 2 (Satisfying/Zero)
Ssxs9jFRefQ,ASMR crujido perfecto 🧼✨,"Jabón brillante en macro extremo con un crujido suave y satisfactorio.
Textura limpia, sonido nítido y detalle en 4K.
Sin música. Sin voz. Solo ASMR.

#asmr #asmrespañol #asmrsoap #jabon #crujido
#satisfying #relajante #oddlysatisfying
#shorts #reels #tiktokasmr #parati
#macroasmr #sonidorelajante #asmr4k.","['ASMR', 'ASMRJabón', 'SonidosRelajantes', 'DesempaquetadoDeJabón', 'CorteDeJabón', 'JabónSatisfactorio', 'ASMRVisual', 'Relajación', 'RuidoBlanco', 'SinHablar', 'SoloSonidos', 'ASMRParaDormir', 'JabónCrunchy', 'CrushingJabón', 'JabónColorido', 'EstéticaASMR', 'SonidosPlacenteros', 'RelajanteVisual', 'ExplosiónDeColor', 'ManosElegantes', 'asmr', 'asmrespañol', 'jabón', 'asmrrelajante', 'asmrsatisfactorio', 'asmrjabón', 'asmrcrujiente']",[ERRO_TranscriptsDisabled]: Could not retrieve a transcript for the video https://www.youtube.com/watch?v=Ss,UCaRfKKqXA-YVlegunTvjH2g,JaboArt,1906153,6620,1,0,2026-03-29T18:00:00Z,,,,,PT9S,9,2d,hd,false,rectangular,True,public,youtube,True,True,False,,[],[],22,hi,es,[],[],https://i.ytimg.com/vi/Ssxs9jFRefQ/default.jpg,https://i.ytimg.com/vi/Ssxs9jFRefQ/maxresdefault.jpg,,,,,,Nicho 2 (Satisfying/Zero)
5gIaa1xQsMA,Ranking The Most Satisfying Drain Unclogging #ranking #satisfying #shorts,"Ranking the most satisfying videos of people unclogging drains! Comment which one was the most satisfying to you, and subscribe for similar ranking content!","['ranking', 'funny', 'satisfying', 'unclog', 'relatable', 'shorts']",[ERRO_TranscriptsDisabled]: Could not retrieve a transcript for the video https://www.youtube.com/watch?v=5g,UCyU0Vf0-v4m5Bx1pSphB61g,RankoSaurus,1328591,58927,113,0,2026-03-20T16:00:18Z,,,,,PT1M11S,71,2d,hd,false,rectangular,False,public,youtube,True,True,False,,[],[],23,en,en,[],[],https://i.ytimg.com/vi/5gIaa1xQsMA/default.jpg,https://i.ytimg.com/vi/5gIaa1xQsMA/maxresdefault.jpg,,,,,,Nicho 2 (Satisfying/Zero)
ncXeoBPHnt0,Satisfying Miniature: Making a School Lunchbox with Banana ASMR (No talking),"#asmr #toys #satisfying #shorts 

♥ Please subscribe (⑅'ㅅ'⑅) ♥

📌 This ASMR video is intended for adults. (15+)","['Asmr', 'asmr', 'Toy asmr', 'Toys', 'Review toys', 'Review', 'Lunchbox', 'Lunchbox asmr', 'Food toys', 'Satisfying', 'Satisfying asmr', 'Satisfying video', 'Relaxing', 'Relax', 'Toy sound', 'Asmr toys', 'No talking', 'No talking asmr', '장난감', '장난감 asmr', '장난감 리뷰', '리뷰', '도시락', '도시락 asmr', '음식 장난감', '장난감 요리']",[ERRO_TranscriptsDisabled]: Could not retrieve a transcript for the video https://www.youtube.com/watch?v=nc,UCpbsCo40VfyM-rpkE-p3dYw,예리몽 Yerimong,1538308,17155,34,0,2026-01-10T09:01:30Z,,,,,PT36S,36,2d,hd,false,rectangular,True,public,youtube,True,True,False,,[],[],22,en,en,"['https://en.wikipedia.org/wiki/Food', 'https://en.wikipedia.org/wiki/Hobby', 'https://en.wikipedia.org/wiki/Lifestyle_(sociology)']",[],https://i.ytimg.com/vi/ncXeoBPHnt0/default.jpg,https://i.ytimg.com/vi/ncXeoBPHnt0/maxresdefault.jpg,,,,,,Nicho 2 (Satisfying/Zero)
DY_TBMkyNMY,He’s REALLY hungry for that sweet potato! 🍠😂 #creativeart,"He’s REALLY hungry for that sweet potato! 🍠😂

This little guy has a BIG appetite! Watch this hand-drawn face take on a giant roasted sweet potato. Is it weird? Yes. Is it satisfying? Also yes. 🍠✨
If you love weird art, funny puppets, or oddly satisfying food videos, make sure to like and subscribe!

#shorts #mukbang #oddlysatisfying #funny #creativeart #sweetpotato #handart #puppet #satisfying
#shorts, #funny, #entertainment, #viral, #trending
#handface, #handpuppet, #mukbang, #asmreating, #oddlysatisfying, #creative, #drawing, #sweetpotato, #yakiimo","['hand drawing face eating, fist face puppet, funny hand eating food, satisfying eating video, weird hand art, sweet potato mukbang shorts']",[ERRO_TranscriptsDisabled]: Could not retrieve a transcript for the video https://www.youtube.com/watch?v=DY,UCqGEAruJ8K3pCoabJBB8CHA,Tania Rani,2072714,5693,10,0,2026-03-25T08:23:49Z,,,,,PT7S,7,2d,hd,false,rectangular,False,public,youtube,True,True,False,,[],[],22,en,en,['https://en.wikipedia.org/wiki/Entertainment'],[],https://i.ytimg.com/vi/DY_TBMkyNMY/default.jpg,https://i.ytimg.com/vi/DY_TBMkyNMY/maxresdefault.jpg,,,,,,Nicho 2 (Satisfying/Zero)
AZ7f4U-f8IM,ASMR EATING EMOJI FOOD😋@DangbeeEATING. #asmr #mukbang #subscribe #food #satisfying #shorts,,[],나비처럼 날아가지 못한다니 마시니까 발짝 피웠던 시간도 이제 모두 내게 랄랄랄라이랄 불게 다버려준 너와나 난 괜찮아 괜찮을까 구름은 당시 예쁜날 꽃기만 남기고 같다 >> [음악] >> 라,UClPUX0-EYr0IzoDkRif3EMA,Its- FIZz☆,1261056,0,129,0,2026-01-10T09:42:59Z,,,,,PT32S,32,2d,hd,false,rectangular,True,public,youtube,True,True,False,,[],[],24,en-US,en,"['https://en.wikipedia.org/wiki/Food', 'https://en.wikipedia.org/wiki/Lifestyle_(sociology)']",[],https://i.ytimg.com/vi/AZ7f4U-f8IM/default.jpg,https://i.ytimg.com/vi/AZ7f4U-f8IM/maxresdefault.jpg,,,,,,Nicho 2 (Satisfying/Zero)
zqMiQSUeu3I,NEEDOH SALAD?! 🤭😍 #trending #needoh #fidget #viral #satisfying #oddlysatisfying #tiktok #shorts,,[],"My name is Kayla and I brought the gummy bears. >> My name is Callie. I brought the popsicles. >> I brought the ice cream. >> I brought the ice cubes. >> I brought the jellyfish. >> The gumdrops. >> I brought the fruit. >> Brought the marshmallows. >> And here we have ourselves a neato salad. Except instead of eating it, you squish it. This was Callie's idea. 10 out of 10. Highly recommend making a neato salad.",UC46fZkmsP85pUQDLw1UKezg,PurpleStars02,909504,18670,1283,0,2026-03-27T20:00:43Z,,,,,PT26S,26,2d,hd,false,rectangular,True,public,youtube,True,True,False,,[],[],24,en,en,"['https://en.wikipedia.org/wiki/Food', 'https://en.wikipedia.org/wiki/Hobby', 'https://en.wikipedia.org/wiki/Lifestyle_(sociology)']",[],https://i.ytimg.com/vi/zqMiQSUeu3I/default.jpg,https://i.ytimg.com/vi/zqMiQSUeu3I/maxresdefault.jpg,,,,,,Nicho 2 (Satisfying/Zero)
eGG0jdKp0CI,How to KIDNAP me 🤪… #viral #squishy #dumplings #satisfying #oddlysatisfying #trending #shorts,,[],"Oh, a piece of candy. Oh, a piece of candy. Oh, a piece of candy. Oh, a piece of candy.",UC46fZkmsP85pUQDLw1UKezg,PurpleStars02,1474187,14071,3682,0,2026-02-24T21:00:52Z,,,,,PT8S,8,2d,hd,false,rectangular,True,public,youtube,True,True,False,,[],[],24,en,en,['https://en.wikipedia.org/wiki/Entertainment'],[],https://i.ytimg.com/vi/eGG0jdKp0CI/default.jpg,https://i.ytimg.com/vi/eGG0jdKp0CI/maxresdefault.jpg,,,,,,Nicho 2 (Satisfying/Zero)
WUbw8kcbmOQ,THIS FLOOR IS AMAZING! 😱🤎💚 King George vs Tom Lizard Epoxy Floor #shorts,"This unique brown vs green epoxy floor is inspired by animated characters from the world of Hoppers! 😱🤎💚

On the brown side, the design is based on King George, featuring warm earthy tones, golden details, and royal-themed elements. The epoxy floor highlights a glowing silhouette filled with treasures, coins, and rich textures that create a luxurious and powerful atmosphere. 👑🤎✨

On the green side, the concept transforms into the playful and energetic world of Tom Lizard. With bright green tones, nature-inspired patterns, and a glowing lizard-shaped design filled with colorful gems, this side brings a fresh, lively, and adventurous vibe. 🦎💚🌿

The glossy epoxy resin finish reflects light beautifully, making both sides look vibrant and alive. This creative floor design turns a simple space into a fun and visually stunning animated-inspired interior.

So which side do you choose —
King George 🤎👑 or Tom Lizard 💚🦎?

Vote in the comments! 👇🔥

#epoxy #epoxyfloor #epoxyresin #luxuryfloor #design #transformation #satisfying #asmr #oddlysatisfying #shorts #trending #home","['epoxy', 'epoxy floor', 'epoxy resin', 'epoxy flooring', 'epoxy floor design', 'epoxy floor transformation', 'diy epoxy', 'diy epoxy floor', 'luxury epoxy floor', 'luxuryfloor', 'pet epoxy floor', 'dog epoxy floor', 'cat epoxy floor', 'pet design', 'dog vs cat', 'cute floor', 'cute epoxy', 'satisfying video', 'satisfying transformation', 'home renovation', 'interior design', 'modern design', 'viral epoxy', 'epoxy shorts', 'floor design ideas', 'creative floor', 'resin art', 'resin floor', 'home decor', 'aesthetic room']",Brown or Three.,UC2Hqo3gnkLblz1TirU4eVgA,AquaEpoxium,1081869,6876,44,0,2026-03-24T02:37:01Z,,,,,PT27S,27,2d,hd,false,rectangular,False,public,youtube,True,True,False,,[],[],24,en-US,en-US,"['https://en.wikipedia.org/wiki/Hobby', 'https://en.wikipedia.org/wiki/Lifestyle_(sociology)']",[],https://i.ytimg.com/vi/WUbw8kcbmOQ/default.jpg,https://i.ytimg.com/vi/WUbw8kcbmOQ/maxresdefault.jpg,,,,,,Nicho 2 (Satisfying/Zero)
0OEzOBEtBM8,ASMR Unboxing Pororo & Pinkfong Bath Toy Set | Satisfying Toy Play with Subi Unbox,"Enjoy this satisfying ASMR unboxing featuring Pororo & Pinkfong in a cute bath toy set.
Relaxing pretend play ASMR with gentle toy sounds, tapping, and soft movements.
No music, no talking - just pure ASMR toy sounds.
This video is made for ASMR lovers and toy collectors aged 13+, not for kids.
Perfect for fans of Pororo, Pinkfong, and satisfying toy ASMR by Subi Unbox

 #subiunbox #ASMR #ASMRUnboxing #ToyASMR #Pororo #Pinkfong #Satisfying #oddlysatisfying #relaxingasmr #ASMRShorts #shorts",[],Heat. Heat.,UCZA1CCYIT6gu9vAW0Dy7GSg,Subi Unbox,1477072,4093,12,0,2026-03-23T11:00:03Z,,,,,PT12S,12,2d,hd,false,rectangular,True,public,youtube,True,True,False,,[],[],24,en,en,['https://en.wikipedia.org/wiki/Entertainment'],[],https://i.ytimg.com/vi/0OEzOBEtBM8/default.jpg,https://i.ytimg.com/vi/0OEzOBEtBM8/maxresdefault.jpg,,,,,,Nicho 2 (Satisfying/Zero)
FCwY7PAXCAk,Skincare ASMR #shorts #oddlysatisfying,,"['mannequin face', 'mannequin asmr makeup', 'fast asmr', 'eyebrow making', 'tingles asmr', 'skincare asmr']",[ERRO_TranscriptsDisabled]: Could not retrieve a transcript for the video https://www.youtube.com/watch?v=FC,UCTwjH6j9CnmtXdXraKgHOvA,Makeup of things,934577,8391,32,0,2026-02-17T11:35:01Z,,,,,PT49S,49,2d,hd,false,rectangular,True,public,youtube,True,True,False,,[],[],26,en,en,['https://en.wikipedia.org/wiki/Lifestyle_(sociology)'],[],https://i.ytimg.com/vi/FCwY7PAXCAk/default.jpg,https://i.ytimg.com/vi/FCwY7PAXCAk/maxresdefault.jpg,,,,,,Nicho 2 (Satisfying/Zero)
eqSaBLuVpf0,POV: You Want All The Lipstick Shades... #shorts #satisfying #DIY #lipstick #fyp #makeuprepair,"ASMR Repairing Makeup


🔹 Subscribe us here: https://www.youtube.com/channel/UCQj7BHJBPTB8uizlTC9Z1iw

🔹 Watching more Makeup Repair Content here: https://www.youtube.com/playlist?list=PLOKd8QxuTJQaWHHqBBBhjXAQK2l0EvDvb

Thanks for watching ❤ 
#makeuprepair  #asmr #makeuprepair #asmr #tiktok #satisfying #satisfyingshorts","['shorts', 'tiktok', 'cosmetic', 'cosmetics', 'makeup', 'makeup asmr', 'asmr makeup', 'makeup repair', 'cosmetic asmr', 'viral', 'satisfying', 'fyp', 'tips', 'hacks', 'beautyhack', 'how to fix it', 'repair', 'compilation', 'satisfy', 'oddly', 'trends', 'asmr for sleep shorts', 'cosmetic up', 'cosmetic up asmr', 'satisfying makeup', 'satisfying video', 'satisfying repair', 'cosmetic repair', 'satifying asmr', 'asmr sleep', 'diy', 'relaxing', 'oddlysatisfying', 'restoration', 'satisfactorio', 'storytime', 'cosmetics restoration', 'recycling', 'asmr', 'asmr makeup repair', 'diy makeup']",[ERRO_TranscriptsDisabled]: Could not retrieve a transcript for the video https://www.youtube.com/watch?v=eq,UCmEboYJCJ6UdD4iWURmj6Aw,Satisfying Shorts,853319,10833,17,0,2026-03-27T08:00:38Z,,,,,PT30S,30,2d,hd,false,rectangular,True,public,youtube,True,True,False,,[],[],24,en-US,en,['https://en.wikipedia.org/wiki/Lifestyle_(sociology)'],[],https://i.ytimg.com/vi/eqSaBLuVpf0/default.jpg,https://i.ytimg.com/vi/eqSaBLuVpf0/maxresdefault.jpg,,,,,,Nicho 2 (Satisfying/Zero)
MuHMVVsVrN0,Video Triệu View Thỏa Mãn Người Xem | Best Videos Oddly Satisfying (P484)#Shorts,,[],[screaming] Go go go go go higher.,UCcNglNxuOjhDLZvypCeXiCA,LOL Zindagi,1156005,3421,2,0,2026-03-22T08:37:05Z,,,,,PT8S,8,2d,hd,false,rectangular,False,public,youtube,True,True,False,,[],[],27,en,vi,['https://en.wikipedia.org/wiki/Lifestyle_(sociology)'],[],https://i.ytimg.com/vi/MuHMVVsVrN0/default.jpg,https://i.ytimg.com/vi/MuHMVVsVrN0/maxresdefault.jpg,,,,,,Nicho 2 (Satisfying/Zero)
d6bJbybMbfY,Wait… This Candy Turned Into a Flower! 🌼 #asmr #candy,"Wait for it… 🌼
This candy reveals a beautiful flower hidden inside.
From a simple candy piece to a detailed design.
Satisfying and relaxing to watch!
What candy should I make next?

👉 Wait… This Candy Turned Into a Flower! 🌼

#candy
#asmr
#candyart
#satisfying
#flower
#oddlysatisfying
#shorts","['ASMR', 'youtube candy', 'youtube logo candy', 'candy art', 'candy making', 'handmade candy', 'candy design', 'candy cutting', 'satisfying candy cutting', 'candy slicing', 'candy reveal', 'oddly satisfying', 'asmr candy', 'trulala candy art', 'tiktok', 'confectionery', 'asmr food', 'how to draw', 'visual asmr', 'candy shop', 'satisfying videos', 'how its made', 'funny']",[ERRO_TranscriptsDisabled]: Could not retrieve a transcript for the video https://www.youtube.com/watch?v=d6,UCQgvhqDOBU9a7Q1agQzFh5g,Tru-la-la CANDY ART,1041993,4804,6,0,2026-03-29T11:57:40Z,,,,,PT21S,21,2d,hd,false,rectangular,True,public,youtube,True,True,False,,[],[],24,en-US,en,"['https://en.wikipedia.org/wiki/Hobby', 'https://en.wikipedia.org/wiki/Lifestyle_(sociology)']",[],https://i.ytimg.com/vi/d6bJbybMbfY/default.jpg,https://i.ytimg.com/vi/d6bJbybMbfY/maxresdefault.jpg,,,,,,Nicho 2 (Satisfying/Zero)
GVHRT2q51lk,Remake & Custom Makeup Kit Compilation #shorts#DIY#satisfying#makeuprepair#fyp#asmr#lipstick,"ASMR Repairing Makeup

All content is exclusively owned and created by YumUp CO.,LTD. 
🔹 Subscribe us here: https://www.youtube.com/channel/UCQj7BHJBPTB8uizlTC9Z1iw

🔹 Watching more Makeup Repair Content here: https://www.youtube.com/playlist?list=PLOKd8QxuTJQaWHHqBBBhjXAQK2l0EvDvb

Thanks for watching ❤ 
#makeuprepair  #asmr #makeuprepair #asmr #tiktok #satisfying #satisfyingshorts","['shorts', 'tiktok', 'cosmetic', 'cosmetics', 'makeup', 'makeup asmr', 'asmr makeup', 'makeup repair', 'cosmetic asmr', 'viral', 'satisfying', 'fyp', 'tips', 'hacks', 'beautyhack', 'how to fix it', 'repair', 'compilation', 'satisfy', 'oddly', 'trends', 'asmr for sleep shorts', 'cosmetic up', 'cosmetic up asmr', 'satisfying makeup', 'satisfying video', 'satisfying repair', 'cosmetic repair', 'satifying asmr', 'asmr sleep', 'diy', 'relaxing', 'oddlysatisfying', 'restoration', 'satisfactorio', 'storytime', 'cosmetics restoration', 'recycling', 'asmr', 'asmr makeup repair', 'diy makeup']",[ERRO_TranscriptsDisabled]: Could not retrieve a transcript for the video https://www.youtube.com/watch?v=GV,UCmEboYJCJ6UdD4iWURmj6Aw,Satisfying Shorts,876538,17418,17,0,2026-01-04T15:00:29Z,,,,,PT1M,60,2d,hd,false,rectangular,True,public,youtube,True,True,False,,[],[],24,en-US,en,['https://en.wikipedia.org/wiki/Lifestyle_(sociology)'],[],https://i.ytimg.com/vi/GVHRT2q51lk/default.jpg,https://i.ytimg.com/vi/GVHRT2q51lk/maxresdefault.jpg,,,,,,Nicho 2 (Satisfying/Zero)
CVCF0kWNwHw,Ranking the Most Satisfying Squishy Dumpling Unboxing | #1 Will Shock You 🥟,"Like, share, and subscribe for more viral unboxing and satisfying content.
#squishydumpling #unboxing #satisfying #squishy #ranking #asmr #viral #oddlysatisfying #shorts",[],"Where's my refunds? Where's my refunds? No. One glitter, PLEASE. >> I don't want it. >> Which one do you want? >> I want either green or purple or the rare one. Okay. Ready? >> Ready? Three, two, ONE. >> OH MY GOD. WHAT? Cats say meow. Dogs say bark. Cows say moo. But you know what I say? Baby boo.",UCluwY4tZGpUfLzwMeV7pPQw,Ranking editor 55,646046,7002,25,0,2026-03-06T23:58:44Z,,,,,PT41S,41,2d,hd,false,rectangular,False,public,youtube,True,True,False,,[],[],22,en,en,['https://en.wikipedia.org/wiki/Entertainment'],[],https://i.ytimg.com/vi/CVCF0kWNwHw/default.jpg,https://i.ytimg.com/vi/CVCF0kWNwHw/maxresdefault.jpg,,,,,,Nicho 2 (Satisfying/Zero)
5i6lEREUWlY,A stone was stuck in this hoof 😳 #hooftrimming #satisfying #asmr #oddlysatisfying #shorts #farrier,"A small stone was painfully stuck inside the hoof 😳  
Watch as the lady farrier carefully removes it with precision and calm.  
The relief at the end is incredibly satisfying 🐎✨","['hoof trimming', 'stone stuck in hoof', 'farrier', 'lady farrier', 'horse hoof care', 'asmr hoof trimming', 'oddly satisfying', 'satisfying videos', 'horse care', 'shorts', 'hoof cleaning', 'hoof pain relief', 'farrier asmr', 'horse health']",[ERRO_TranscriptsDisabled]: Could not retrieve a transcript for the video https://www.youtube.com/watch?v=5i,UCH4FeHBnqCwxGkf0pWmJR1Q,Lady Farrier,848300,4035,16,0,2026-03-26T16:00:16Z,,,,,PT32S,32,2d,hd,false,rectangular,True,public,youtube,True,True,False,,[],[],24,en,en,"['https://en.wikipedia.org/wiki/Lifestyle_(sociology)', 'https://en.wikipedia.org/wiki/Pet']",[],https://i.ytimg.com/vi/5i6lEREUWlY/default.jpg,https://i.ytimg.com/vi/5i6lEREUWlY/maxresdefault.jpg,,,,,,Nicho 2 (Satisfying/Zero)
SvliSZXamhs,ASMR crujido perfecto 🧼✨,"Jabón brillante en macro extremo con un crujido suave y satisfactorio.
Textura limpia, sonido nítido y detalle en 4K.
Sin música. Sin voz. Solo ASMR.

#asmr #asmrespañol #asmrsoap #jabon #crujido
#satisfying #relajante #oddlysatisfying
#shorts #reels #tiktokasmr #parati
#macroasmr #sonidorelajante #asmr4k.","['ASMR', 'ASMRJabón', 'SonidosRelajantes', 'DesempaquetadoDeJabón', 'CorteDeJabón', 'JabónSatisfactorio', 'ASMRVisual', 'Relajación', 'RuidoBlanco', 'SinHablar', 'SoloSonidos', 'ASMRParaDormir', 'JabónCrunchy', 'CrushingJabón', 'JabónColorido', 'EstéticaASMR', 'SonidosPlacenteros', 'RelajanteVisual', 'ExplosiónDeColor', 'ManosElegantes', 'asmr', 'asmrespañol', 'jabón', 'asmrrelajante', 'asmrsatisfactorio', 'asmrjabón', 'asmrcrujiente']",[ERRO_TranscriptsDisabled]: Could not retrieve a transcript for the video https://www.youtube.com/watch?v=Sv,UCaRfKKqXA-YVlegunTvjH2g,JaboArt,927058,3487,1,0,2026-03-24T12:00:48Z,,,,,PT9S,9,2d,hd,false,rectangular,True,public,youtube,True,True,False,,[],[],22,hi,es,[],[],https://i.ytimg.com/vi/SvliSZXamhs/default.jpg,https://i.ytimg.com/vi/SvliSZXamhs/maxresdefault.jpg,,,,,,Nicho 2 (Satisfying/Zero)
X5wEa_gYuug,6 Satisfying 3D Prints You NEED to See (ASMR No Music),"6 satisfying 3D prints you’ll want to watch more than once.

From smooth mechanisms to clicky fidget-style designs, every sound is real.
No music. No distractions. Just satisfying ASMR.
For viewers who enjoy 3D printing, mechanical design, and oddly satisfying content.
Watch till the end, it gets better 👀
 
Printed using high-quality PLA on Bambu Lab printers.

Filament: @Esun PLA+ 

Featured Prints:
1. Limau Link – Chained Citrus Fidget
STL File: https://makerworld.com/en/models/2383911-limau-link-chained-citrus-fidget-drop-tested#profileId-2610812

2. Pokeball Click-a-Ball Fidget
STL File: https://makerworld.com/en/models/2042448-pokeball-click-a-ball-fidget#profileId-2203723

3. Toothpick Dispenser - Print in Place
STL File: https://makerworld.com/en/models/469275-toothpick-dispenser-print-in-place-no-supports#profileId-384036

4. Transcend
STL File: https://makerworld.com/en/models/1230224-transcend#profileId-1248860

5. Rotating fidget Patrick Star
STL File: https://makerworld.com/en/models/1225873-rotating-fidget-patrick-star#profileId-1243610

6. Good Fast Cheap
STL File: https://makerworld.com/en/models/979331-good-fast-cheap#profileId-952724

This content is intended for adult hobbyists and is not made for children.

#asmr  #3dprinting  #oddlysatisfying  #satisfying  #shorts  #fidgettoys",[],[ERRO_TranscriptsDisabled]: Could not retrieve a transcript for the video https://www.youtube.com/watch?v=X5,UCuV5HnN33QeCl_Q6AXBGD7A,Printsculptors,667375,21127,96,0,2026-03-28T21:07:55Z,,,,,PT1M3S,63,2d,hd,false,rectangular,True,public,youtube,True,True,False,,[],[],22,en,en,"['https://en.wikipedia.org/wiki/Hobby', 'https://en.wikipedia.org/wiki/Lifestyle_(sociology)']",[],https://i.ytimg.com/vi/X5wEa_gYuug/default.jpg,https://i.ytimg.com/vi/X5wEa_gYuug/maxresdefault.jpg,,,,,,Nicho 2 (Satisfying/Zero)
7S2ujjFAMZk,Skeleton Rockstar 🥰 Crushes Cute Sand Faces  | Oddly Satisfying ASMR Smash,"Watch the Skeleton Rockstar 💀🎸 smash adorable sand faces 😍 in this super satisfying and relaxing ASMR video!
The perfect mix of cute sand art and crushing sounds that will give you ultimate oddly satisfying vibes ✨
If you love sand smashing, relaxing ASMR, and creative art destruction — this one is for you!
👍 Like
💬 Comment your favorite part
🔔 Subscribe for more satisfying sand videos
#OddlySatisfying #ASMR #SandArt #SandSmash #SatisfyingVideo #Shorts","['skeleton rockstar', 'sand faces', 'cute sand faces', 'oddly satisfying', 'satisfying crush', 'sand smash', 'ASMR sand', 'relaxing video', 'sand art', 'skeleton guitarist', 'crushing sand', 'satisfying sounds', 'viral shorts', 'asmr crush', 'mini hammer smash', 'trending shorts', 'satisfying content', 'youtube shorts', 'sand destruction', 'relaxing crush']","Lapar-lapper ha, lapar-lapper hiar-lapper ho. Pengen-pengenus tapi makan terus. Pengen-pengenus tapi makan terus. pengen-pengen ngemil tapi ingat",UCHpwOBhtNLxHhzeyVn05uKQ,mofe cake,760521,3476,3,0,2026-03-01T00:30:07Z,,,,,PT19S,19,2d,hd,false,rectangular,True,public,youtube,True,True,False,,[],[],24,en,en,['https://en.wikipedia.org/wiki/Entertainment'],[],https://i.ytimg.com/vi/7S2ujjFAMZk/default.jpg,https://i.ytimg.com/vi/7S2ujjFAMZk/maxresdefault.jpg,,,,,,Nicho 2 (Satisfying/Zero)
LjPtBbw4agU,Satisfying Concrete Demolding Process  | Solar Base Making #shorts #trending,"Watch this satisfying process where concrete solar bases are smoothly removed from molds. A clean and relaxing industrial scene that shows how strong and perfectly shaped bases are made for solar panel setups.

Enjoy the oddly satisfying visuals and real manufacturing process!

✨ Like, share & follow for more!

📌 Hashtags:
#satisfying #concreteprocess #industrial #solarbases #oddlysatisfying #shortsfeed #viralshorts #trending #construction",[],यह केवल एक कंक्रीट का टुकड़ा ही नहीं है।,UCNYxGpVtfxfiR3RrCMtBpag,MBD XR 07,715520,781,2,0,2026-03-28T00:30:00Z,,,,,PT8S,8,2d,hd,false,rectangular,False,public,youtube,True,True,False,,[],[],22,hi,en,[],[],https://i.ytimg.com/vi/LjPtBbw4agU/default.jpg,https://i.ytimg.com/vi/LjPtBbw4agU/maxresdefault.jpg,,,,,,Nicho 2 (Satisfying/Zero)
IaFfJv7Q9Fk,Red Nail Polish Drawing 💅❤️#asmr #satisfying #asmrsounds #diy #art  #oddlysatisfying #shorts,,"['Red Nail Polish Drawing', 'Nail Polish Drawing', 'Nice drawing', 'Easy drawing', 'Easy nail polish drawing', 'Nice nail polish drawing', 'How to draw', 'shorts video drawing', 'Kids nail polish drawing', 'asmr drawing Video', 'Shorts drawing video', 'Nail polish art']",[ERRO_TranscriptsDisabled]: Could not retrieve a transcript for the video https://www.youtube.com/watch?v=Ia,UCAd6f12szTn_-Gh3JkdcrFQ,Kalam Drawing Channel,804967,2921,2,0,2026-03-28T13:02:22Z,,,,,PT9S,9,2d,hd,false,rectangular,False,public,youtube,True,True,False,,[],[],26,en,en,"['https://en.wikipedia.org/wiki/Hobby', 'https://en.wikipedia.org/wiki/Lifestyle_(sociology)']",[],https://i.ytimg.com/vi/IaFfJv7Q9Fk/default.jpg,https://i.ytimg.com/vi/IaFfJv7Q9Fk/maxresdefault.jpg,,,,,,Nicho 2 (Satisfying/Zero)
UNKQLMUjMOs,Cutting Open Cute Fidgets Satisfying Video ASMR! 🍓🩷 #shorts #asmr,Let's Open these Cute Squishies and See What's Inside?! #shorts #fidgets #asmr #oddlysatisfying #tiktokviral,"['#shorts', '#fidgets', '#asmr', '#oddlysatisfying', 'satisfying videos', 'cutting open squishies into one bowl', '#satisfying', '#tiktokviral', '#viral', '#slime', '#squishy']",[ERRO_TranscriptsDisabled]: Could not retrieve a transcript for the video https://www.youtube.com/watch?v=UN,UCA4CQI6AmD3dgqfSoErBWQA,ShannyPOP,505028,10923,153,0,2026-02-19T19:37:56Z,,,,,PT1M27S,87,2d,hd,false,rectangular,True,public,youtube,True,True,False,,[],[],22,en,en,"['https://en.wikipedia.org/wiki/Hobby', 'https://en.wikipedia.org/wiki/Lifestyle_(sociology)']",[],https://i.ytimg.com/vi/UNKQLMUjMOs/default.jpg,https://i.ytimg.com/vi/UNKQLMUjMOs/maxresdefault.jpg,,,,,,Nicho 2 (Satisfying/Zero)
L5xX8fBaYOU,Fixing Lipstick two-tone #shorts#DIY#satisfying#makeuprepair#fyp#asmr,"ASMR Repairing Makeup

All content is exclusively owned and created by YumUp CO.,LTD. 
🔹 Subscribe us here: https://www.youtube.com/channel/UCQj7BHJBPTB8uizlTC9Z1iw

🔹 Watching more Makeup Repair Content here: https://www.youtube.com/playlist?list=PLOKd8QxuTJQaWHHqBBBhjXAQK2l0EvDvb

Thanks for watching ❤ 
#makeuprepair  #asmr #makeuprepair #asmr #tiktok #satisfying #satisfyingshorts","['shorts', 'tiktok', 'cosmetic', 'cosmetics', 'makeup', 'makeup asmr', 'asmr makeup', 'makeup repair', 'cosmetic asmr', 'viral', 'satisfying', 'fyp', 'tips', 'hacks', 'beautyhack', 'how to fix it', 'repair', 'compilation', 'satisfy', 'oddly', 'trends', 'asmr for sleep shorts', 'cosmetic up', 'cosmetic up asmr', 'satisfying makeup', 'satisfying video', 'satisfying repair', 'cosmetic repair', 'satifying asmr', 'asmr sleep', 'diy', 'relaxing', 'oddlysatisfying', 'restoration', 'satisfactorio', 'storytime', 'cosmetics restoration', 'recycling', 'asmr', 'asmr makeup repair', 'diy makeup']",[ERRO_TranscriptsDisabled]: Could not retrieve a transcript for the video https://www.youtube.com/watch?v=L5,UCmEboYJCJ6UdD4iWURmj6Aw,Satisfying Shorts,546587,12166,19,0,2026-01-13T22:00:31Z,,,,,PT58S,58,2d,hd,false,rectangular,True,public,youtube,True,True,False,,[],[],24,en-US,en,['https://en.wikipedia.org/wiki/Lifestyle_(sociology)'],[],https://i.ytimg.com/vi/L5xX8fBaYOU/default.jpg,https://i.ytimg.com/vi/L5xX8fBaYOU/maxresdefault.jpg,,,,,,Nicho 2 (Satisfying/Zero)
Jzo0VICzr-0,Purple Camera Drawing📷 Satisfying ASMR💜 #asmr #drawing #satisfying #oddlysatisfying #shorts,,[],[ERRO_TranscriptsDisabled]: Could not retrieve a transcript for the video https://www.youtube.com/watch?v=Jz,UCjK9F4opYvwn5xDPhQ7-ncQ,Neyu Satisfying,682708,2421,3,0,2026-03-30T13:00:00Z,,,,,PT11S,11,2d,hd,false,rectangular,True,public,youtube,True,True,False,,[],[],24,en-US,en-US,"['https://en.wikipedia.org/wiki/Hobby', 'https://en.wikipedia.org/wiki/Lifestyle_(sociology)']",[],https://i.ytimg.com/vi/Jzo0VICzr-0/default.jpg,https://i.ytimg.com/vi/Jzo0VICzr-0/maxresdefault.jpg,,,,,,Nicho 2 (Satisfying/Zero)
UpaPQs7pxmY,#viral #humor #oddlysatisfying #fyp #comedyvideos  #pov #illustration #ytshort #fypシ #funny #shorts,,[],"Ah, tá fazendo animal. >> Tá vendo? Apenas um show. >> Pode cair o rib legal. >> Mas o Benson só quer que os caras trabalha. Tipo, os caras só causa no trampo, nem ajuda. O B tava certo. >> Não, pera aí. >> Pague o aluguel. Pague o aluguel. >> Seu barriga só queria o aluguel. Criança, Patr. >> É, as crianças param olhando. Não, Dulusco não. >> Por isso que digo que não devemos deixar ratos na cozinha, por mais limpos que estejam. >> Então o chefe do Tava certo, então eu eu >> Filho vem cá. Eu vi tudo e percebi que chegou sua hora. >> Hã? >> Isso aqui representa a entrada na vida adulta. >> O chapéu? Não, o chapéu é meu. Tô falando disso. E quando devolv muitos tentaram e não conseguiram. Chegou sua vez. Perdemos.",UCRmy-89KevmmWpQ_rlDQ0uA,Yohann Thalia,454992,11549,7,0,2026-03-06T12:14:00Z,,,,,PT58S,58,2d,hd,false,rectangular,False,public,youtube,True,True,False,,[],[],22,pt-PT,en,"['https://en.wikipedia.org/wiki/Entertainment', 'https://en.wikipedia.org/wiki/Humour']",[],https://i.ytimg.com/vi/UpaPQs7pxmY/default.jpg,https://i.ytimg.com/vi/UpaPQs7pxmY/maxresdefault.jpg,,,,,,Nicho 2 (Satisfying/Zero)
gKajE3KpToo,ASMR Toy Unboxing Cocomelon & PinkFong Washing Machine Set | Satisfying Toy Play with Subi Toys,"Enjoy this satisfying ASMR Toy Unboxing featuring
Cocomelon, Pinkfong, and a cute miniature washing machine set!
Relax with soft water sounds, gentle tapping, and fun pretend play moments - no talking, no music, just pure ASMR.
Perfect for viewers aged 13+ who love relaxing toy unboxing and pretend play videos.
#ASMR #ToyUnboxing #ToyASMR #Cocomelon #Pinkfong
#MiniatureToys #washingmachine
#PretendPlay #Satisfying #oddlysatisfying  #Shorts
#SubiToys",[],A [screaming],UCOD7VqIfkMccyZHWyW6_NJQ,Subi Toys,625781,1979,5,0,2026-03-26T10:58:00Z,,,,,PT12S,12,2d,hd,false,rectangular,True,public,youtube,True,True,False,,[],[],24,en-US,en,['https://en.wikipedia.org/wiki/Entertainment'],[],https://i.ytimg.com/vi/gKajE3KpToo/default.jpg,https://i.ytimg.com/vi/gKajE3KpToo/maxresdefault.jpg,,,,,,Nicho 2 (Satisfying/Zero)
590Z7HmG7xs,Cutting & cleaning Blush Stick Tutorial Pt1 #shorts #satisfying #DIY #lipstick #fyp #makeuprepair,"ASMR Repairing Makeup


🔹 Subscribe us here: https://www.youtube.com/channel/UCQj7BHJBPTB8uizlTC9Z1iw

🔹 Watching more Makeup Repair Content here: https://www.youtube.com/playlist?list=PLOKd8QxuTJQaWHHqBBBhjXAQK2l0EvDvb

Thanks for watching ❤ 
#makeuprepair  #asmr #makeuprepair #asmr #tiktok #satisfying #satisfyingshorts","['shorts', 'tiktok', 'cosmetic', 'cosmetics', 'makeup', 'makeup asmr', 'asmr makeup', 'makeup repair', 'cosmetic asmr', 'viral', 'satisfying', 'fyp', 'tips', 'hacks', 'beautyhack', 'how to fix it', 'repair', 'compilation', 'satisfy', 'oddly', 'trends', 'asmr for sleep shorts', 'cosmetic up', 'cosmetic up asmr', 'satisfying makeup', 'satisfying video', 'satisfying repair', 'cosmetic repair', 'satifying asmr', 'asmr sleep', 'diy', 'relaxing', 'oddlysatisfying', 'restoration', 'satisfactorio', 'storytime', 'cosmetics restoration', 'recycling', 'asmr', 'asmr makeup repair', 'diy makeup']",[ERRO_TranscriptsDisabled]: Could not retrieve a transcript for the video https://www.youtube.com/watch?v=59,UCmEboYJCJ6UdD4iWURmj6Aw,Satisfying Shorts,541499,5228,9,0,2026-03-18T14:00:14Z,,,,,PT15S,15,2d,hd,false,rectangular,True,public,youtube,True,True,False,,[],[],24,en-US,en,['https://en.wikipedia.org/wiki/Lifestyle_(sociology)'],[],https://i.ytimg.com/vi/590Z7HmG7xs/default.jpg,https://i.ytimg.com/vi/590Z7HmG7xs/maxresdefault.jpg,,,,,,Nicho 2 (Satisfying/Zero)
_ZhsqwMdW6Q,Mummy 😭#shorts#ytshorts#viral #funny #satisfying #oddlysatisfying #trending#funnyshorts #viralshorts,"This video is created for entertainment and educational purposes, featuring original commentary and reaction.

I have added my own voice-over, editing, and creative input to transform the original content and provide additional value such as explanation, analysis, and viewer engagement.

All clips used are either transformed significantly or used under fair use principles for commentary, criticism, and educational purposes.

If you are the original creator and would like credit or removal, please contact me.

© All rights belong to their respective owners.

#viralcontent #dailyshorts #contentcreator #trendingnow
#youtubealgorithm #shortsviral #viralreels #internetviral #cortos #facts #viral #satisfying #oddlysatisfying #satisfyingvideo #satisfyingclips
#relaxingvideo #relaxing #asmr #asmrvideo #visualsatisfaction
#mindrelaxing #smooth #perfectloop #stressrelief #calmingvideo","['shorts', 'instagram', 'facebook', 'meta', 'trending', 'like', 'follow', 'subscribe', 'share', 'fyp', 'funny', 'trending shorts', '1m views', '100m views', 'india', 'pakistan', 'usa', 'canada', 'bhutan', 'bihar', 'mp', 'up', 'news', 'apb', 'news18', 'ndtv', 'fast viral']",खाने में क्या बनाऊं? कुछ भी चलेगा। कोई एक चीज बता ना। पाव भाजी और बटर पाव। क्या बनाया? खिचड़ी।,UCu3r_bhE9SRdLca_oYt8VtA,MoodBox,447528,0,3,0,2026-03-29T02:41:44Z,,Bihar,25.9644427,85.2722472,PT9S,9,2d,hd,false,rectangular,False,public,youtube,True,True,False,,[],[],24,hi,en,['https://en.wikipedia.org/wiki/Entertainment'],[],https://i.ytimg.com/vi/_ZhsqwMdW6Q/default.jpg,https://i.ytimg.com/vi/_ZhsqwMdW6Q/maxresdefault.jpg,,,,,,Nicho 2 (Satisfying/Zero)
EcDAv8ACIX4,I Made a 24K GOLD Egg Lipstick!🥚 Satisfying ASMR #shorts#DIY#vaseline#fyp#satisfying#Makeuprepair,"ASMR Repairing Makeup


🔹 Subscribe us here: https://www.youtube.com/channel/UCQj7BHJBPTB8uizlTC9Z1iw

🔹 Watching more Makeup Repair Content here: https://www.youtube.com/playlist?list=PLOKd8QxuTJQaWHHqBBBhjXAQK2l0EvDvb

Thanks for watching ❤ 
#makeuprepair  #asmr #makeuprepair #asmr #tiktok #satisfying #satisfyingshorts","['shorts', 'tiktok', 'cosmetic', 'cosmetics', 'makeup', 'makeup asmr', 'asmr makeup', 'makeup repair', 'cosmetic asmr', 'viral', 'satisfying', 'fyp', 'tips', 'hacks', 'beautyhack', 'how to fix it', 'repair', 'compilation', 'satisfy', 'oddly', 'trends', 'asmr for sleep shorts', 'cosmetic up', 'cosmetic up asmr', 'satisfying makeup', 'satisfying video', 'satisfying repair', 'cosmetic repair', 'satifying asmr', 'asmr sleep', 'diy', 'relaxing', 'oddlysatisfying', 'restoration', 'satisfactorio', 'storytime', 'cosmetics restoration', 'recycling', 'asmr', 'asmr makeup repair', 'diy makeup']",[ERRO_TranscriptsDisabled]: Could not retrieve a transcript for the video https://www.youtube.com/watch?v=Ec,UCmEboYJCJ6UdD4iWURmj6Aw,Satisfying Shorts,381843,9195,18,0,2026-02-05T09:00:30Z,,,,,PT49S,49,2d,hd,false,rectangular,True,public,youtube,True,True,False,,[],[],24,en-US,en,"['https://en.wikipedia.org/wiki/Food', 'https://en.wikipedia.org/wiki/Hobby', 'https://en.wikipedia.org/wiki/Lifestyle_(sociology)']",[],https://i.ytimg.com/vi/EcDAv8ACIX4/default.jpg,https://i.ytimg.com/vi/EcDAv8ACIX4/maxresdefault.jpg,,,,,,Nicho 2 (Satisfying/Zero)
B5q5_vvS-Vs,Cutting Open MineCraft Jelly Cube Squish & Cute Fidgets Satisfying Video ASMR! 🩵🍪 #shorts #asmr,Let's Open this MineCraft Jelly Cube Squish and Some other Cute Squishies and See What's Inside?! #shorts #asmr #satisfying #squishy #tiktokviral,"['#shorts', '#fidgets', '#fidgettoys', '#asmr', '#oddlysatisfying', 'satisfying videos', '#needoh', 'cutting open squishies into one bowl', '#slime', '#tiktokviral', '#satisfying']",[ERRO_TranscriptsDisabled]: Could not retrieve a transcript for the video https://www.youtube.com/watch?v=B5,UCA4CQI6AmD3dgqfSoErBWQA,ShannyPOP,332329,7969,94,0,2026-03-17T16:51:43Z,,,,,PT1M22S,82,2d,hd,false,rectangular,True,public,youtube,True,True,False,,[],[],22,en,en,"['https://en.wikipedia.org/wiki/Hobby', 'https://en.wikipedia.org/wiki/Lifestyle_(sociology)']",[],https://i.ytimg.com/vi/B5q5_vvS-Vs/default.jpg,https://i.ytimg.com/vi/B5q5_vvS-Vs/maxresdefault.jpg,,,,,,Nicho 2 (Satisfying/Zero)
7Ylf3sbxVdM,ASMR Jabón Crujiente 🧼✨ Relajación Total,"ASMR relajante triturando jabón crujiente.
Sonidos satisfactorios y explosiones visuales.

#asmr #asmrespañol #soapasmr #jabones #relajante #oddlysatisfying #shorts","['ASMR', 'ASMRJabón', 'SonidosRelajantes', 'DesempaquetadoDeJabón', 'CorteDeJabón', 'JabónSatisfactorio', 'ASMRVisual', 'Relajación', 'RuidoBlanco', 'SinHablar', 'SoloSonidos', 'ASMRParaDormir', 'JabónCrunchy', 'CrushingJabón', 'JabónColorido', 'EstéticaASMR', 'SonidosPlacenteros', 'RelajanteVisual', 'ExplosiónDeColor', 'ManosElegantes', 'asmr', 'asmrespañol', 'jabón', 'asmrrelajante', 'asmrsatisfactorio', 'asmrjabón', 'asmrcrujiente']",[ERRO_TranscriptsDisabled]: Could not retrieve a transcript for the video https://www.youtube.com/watch?v=7Y,UC7mJa0ttLmjFevSAMMo4xRA,Jabón Relajante ,513481,1727,5,0,2026-03-28T18:00:11Z,,,,,PT9S,9,2d,hd,false,rectangular,True,public,youtube,True,True,False,,[],[],22,en,es,[],[],https://i.ytimg.com/vi/7Ylf3sbxVdM/default.jpg,https://i.ytimg.com/vi/7Ylf3sbxVdM/maxresdefault.jpg,,,,,,Nicho 2 (Satisfying/Zero)
fbXWapdVsX0,Candy Puppies 🐶🍭 Oddly satisfying ASMR #viral #short #funny,Candy Puppies 🐶🍭 Oddly satisfying ASMR #viral #short #funny,[],トル トル ト,UCe9qjr3EJIvultNI2W1n9rQ,Satisfying Asmr,474820,1549,2,0,2026-03-20T03:40:34Z,,,,,PT11S,11,2d,hd,false,rectangular,True,public,youtube,True,True,False,,[],[],24,en,en,['https://en.wikipedia.org/wiki/Entertainment'],[],https://i.ytimg.com/vi/fbXWapdVsX0/default.jpg,https://i.ytimg.com/vi/fbXWapdVsX0/maxresdefault.jpg,,,,,,Nicho 2 (Satisfying/Zero)
lY9JMNPsn-E,ASMR Unboxing Pororo & Pinkfong Bath Toy Set | Satisfying Toy Play with Subi Toys #shorts,"Enjoy this satisfying ASMR unboxing featuring Pororo & Pinkfong in a cute bath toy set.
Relaxing pretend play ASMR with gentle toy sounds, tapping, and soft movements.
No music, no talking - just pure ASMR toy sounds.
This video is made for ASMR lovers and toy collectors aged 13+, not for kids.
Perfect for fans of Pororo, Pinkfong, and satisfying toy ASMR by Subi Toys.
#SubiToys #ASMR #ASMRUnboxing #ToyASMR #Pororo #Pinkfong #Satisfying #oddlysatisfying #ASMRShorts",[],Ah!,UCOD7VqIfkMccyZHWyW6_NJQ,Subi Toys,551943,1720,2,0,2026-03-28T11:00:00Z,,,,,PT12S,12,2d,hd,false,rectangular,True,public,youtube,True,True,False,,[],[],24,en-US,en,['https://en.wikipedia.org/wiki/Entertainment'],[],https://i.ytimg.com/vi/lY9JMNPsn-E/default.jpg,https://i.ytimg.com/vi/lY9JMNPsn-E/maxresdefault.jpg,,,,,,Nicho 2 (Satisfying/Zero)
pogWnqsyBIE,Cutting Open Nee Doh Nice-Sicle & Viral Squishies Satisfying Video ASMR! 🍰✂️ #shorts #asmr,Let's Cut Open this Nee Doh Nice-Sicle and More Viral Squishies and See What's Inside?! #shorts #asmr #tiktokviral #squishy #satisfying,"['#shorts', '#fidgets', '#fidgettoys', '#asmr', '#oddlysatisfying', 'satisfying videos', '#needoh', 'cutting open squishies', '#tiktokviral', '#satisfying']",[ERRO_TranscriptsDisabled]: Could not retrieve a transcript for the video https://www.youtube.com/watch?v=po,UCA4CQI6AmD3dgqfSoErBWQA,ShannyPOP,315702,7698,128,0,2026-03-24T16:31:03Z,,,,,PT1M12S,72,2d,hd,false,rectangular,True,public,youtube,True,True,False,,[],[],22,en,en,"['https://en.wikipedia.org/wiki/Hobby', 'https://en.wikipedia.org/wiki/Lifestyle_(sociology)']",[],https://i.ytimg.com/vi/pogWnqsyBIE/default.jpg,https://i.ytimg.com/vi/pogWnqsyBIE/maxresdefault.jpg,,,,,,Nicho 2 (Satisfying/Zero)
E6mBwiPGSjs,Oddly satisfying #footcleaning#pedicure#satisfying#asmr#shorts,,[],[ERRO_TranscriptsDisabled]: Could not retrieve a transcript for the video https://www.youtube.com/watch?v=E6,UCdMD2cwVyUacMmX6Gp3R63g,FOOTDoctor..,393275,2380,2,0,2026-02-04T11:39:33Z,,,,,PT34S,34,2d,hd,false,rectangular,False,public,youtube,True,True,False,,[],[],22,pt-PT,en,[],[],https://i.ytimg.com/vi/E6mBwiPGSjs/default.jpg,https://i.ytimg.com/vi/E6mBwiPGSjs/maxresdefault.jpg,,,,,,Nicho 2 (Satisfying/Zero)
W6ZekMlfDvw,Oddly Satisfying Kinetic Sand Domes Smash with Funny Faces | Perfect ASMR Crunch #Shorts,"Watch these perfectly shaped kinetic sand domes transform into the most satisfying ASMR smash ever! From cute smiley faces to smooth sand cutting and crushing, every break gives relaxing crunchy sounds and stress relief vibes.

If you love oddly satisfying sand videos, kinetic sand smashing, and relaxing ASMR textures, this short is for you!

Subscribe for daily satisfying sand cakes, cutting, crushing, and molding videos.

⸻

#kineticsand #sandcake #satisfying #asmr #oddlysatisfying #sandcutting #sandcrushing #relaxing #stressrelief #shorts #asmrshorts #satisfyingvideo #crunchy #sandart #viralshorts","['kinetic sand', 'sand cake', 'satisfying sand', 'sand smash', 'kinetic sand smash', 'ASMR sand', 'sand cutting', 'sand crushing', 'oddly satisfying', 'relaxing ASMR', 'stress relief video', 'crunchy sounds', 'sand domes', 'sand faces', 'satisfying shorts', 'viral shorts', 'ASMR crushing', 'sand art', 'texture video', 'sensory sand']","Lapar-lapper ha, lapar-lapper hiver lapar ho. [musik] Pengen-pengenus tapi makan terus. Pengen-pengenus tapi makan terus. pengen-pengen [musik] ngemil tapi",UCkFKRj1M8v0CJBhXcN4sCkw,AM KA ARMY,464562,2030,2,0,2026-01-27T12:50:40Z,,,,,PT19S,19,2d,hd,false,rectangular,True,public,youtube,True,True,False,,[],[],24,ko,en,['https://en.wikipedia.org/wiki/Entertainment'],[],https://i.ytimg.com/vi/W6ZekMlfDvw/default.jpg,https://i.ytimg.com/vi/W6ZekMlfDvw/maxresdefault.jpg,,,,,,Nicho 2 (Satisfying/Zero)
o5Cq3HDVu-U,ASMR Jabón Crujiente 🧼✨ Relajación Total,"ASMR relajante triturando jabón crujiente.
Sonidos satisfactorios y explosiones visuales.

#asmr #asmrespañol #soapasmr #jabones #relajante #oddlysatisfying #shorts","['ASMR', 'ASMRJabón', 'SonidosRelajantes', 'DesempaquetadoDeJabón', 'CorteDeJabón', 'JabónSatisfactorio', 'ASMRVisual', 'Relajación', 'RuidoBlanco', 'SinHablar', 'SoloSonidos', 'ASMRParaDormir', 'JabónCrunchy', 'CrushingJabón', 'JabónColorido', 'EstéticaASMR', 'SonidosPlacenteros', 'RelajanteVisual', 'ExplosiónDeColor', 'ManosElegantes', 'asmr', 'asmrespañol', 'jabón', 'asmrrelajante', 'asmrsatisfactorio', 'asmrjabón', 'asmrcrujiente']",[ERRO_TranscriptsDisabled]: Could not retrieve a transcript for the video https://www.youtube.com/watch?v=o5,UC7mJa0ttLmjFevSAMMo4xRA,Jabón Relajante ,483994,1429,1,0,2026-03-27T15:01:01Z,,,,,PT9S,9,2d,hd,false,rectangular,True,public,youtube,True,True,False,,[],[],22,en,es,[],[],https://i.ytimg.com/vi/o5Cq3HDVu-U/default.jpg,https://i.ytimg.com/vi/o5Cq3HDVu-U/maxresdefault.jpg,,,,,,Nicho 2 (Satisfying/Zero)
KMy3xDIZncY,Green Smiling Sand Faces Get Crushed 😱 | Oddly Satisfying ASMR #shorts,"Watch these adorable green kinetic sand faces transform into a perfectly crushed, crumbly mess!
This oddly satisfying ASMR short features smooth sand textures, cute expressions, and relaxing destruction that feels incredibly calming to watch.

Perfect for fans of:
 • Kinetic sand crushing
 • Cute sand faces
 • Oddly satisfying ASMR
 • Relaxing short videos

Turn up the volume and enjoy the peaceful sand crunching experience 💚

⸻

🔥 Hashtags

#shorts #youtubeshorts #kineticsand #sandcrushing #oddlysatisfying
#asmr #satisfyingvideo #sandasmr #cutefaces #relaxing
#crushingsand #visualasmr #sandart #stressrelief #satisfying","['kinetic sand', 'green kinetic sand', 'sand crushing asmr', 'oddly satisfying sand', 'cute sand faces', 'sand asmr shorts', 'satisfying crushing', 'relaxing asmr', 'sand cake crushing', 'visual asmr', 'stress relief video', 'satisfying shorts', 'sand art asmr', 'crunchy sand', 'soothing videos']","Lapar-lapper ha, lover he, lover lover. Pengen-pengen gurus tapi makan terus. Pengen-pengen gurus tapi makan terus. Pengen-pengen ngemil tapi ingat diet. Pengen makan malam ingat diet lagi. Mau makan kurus, mau makan lagi diet. Bodo amat deh ah. Yeah.",UCkFKRj1M8v0CJBhXcN4sCkw,AM KA ARMY,416481,2100,4,0,2026-02-22T04:33:08Z,,,,,PT29S,29,2d,hd,false,rectangular,True,public,youtube,True,True,False,,[],[],24,id,en,['https://en.wikipedia.org/wiki/Entertainment'],[],https://i.ytimg.com/vi/KMy3xDIZncY/default.jpg,https://i.ytimg.com/vi/KMy3xDIZncY/maxresdefault.jpg,,,,,,Nicho 2 (Satisfying/Zero)
fEHhdXmbIKw,Oddly Satisfying Cleaning,,[],Heat. Heat. Heat. Heat. YEAH. HEAT.,UC_408F1pIkCLlSQZqG_u-aA,So Clean Shorts,465959,5230,40,0,2026-03-21T14:09:11Z,,,,,PT59S,59,2d,hd,false,rectangular,True,public,youtube,True,True,False,,[],[],22,en,en,[],[],https://i.ytimg.com/vi/fEHhdXmbIKw/default.jpg,https://i.ytimg.com/vi/fEHhdXmbIKw/maxresdefault.jpg,,,,,,Nicho 2 (Satisfying/Zero)
p3o_9CL-EuQ,Cutting Open Cute Fidgets Satisfying Video ASMR #2! 🩷🥨 #shorts,Let's Open Mre of these Cute Squishies and See What's Inside?! #shorts #fidgets #asmr #oddlysatisfying #tiktokviral,"['#shorts', '#fidgets', '#asmr', '#oddlysatisfying', 'satisfying videos', 'cutting open squishies into one bowl', '#satisfying', '#tiktokviral', '#viral', '#slime', '#squishy']",[ERRO_TranscriptsDisabled]: Could not retrieve a transcript for the video https://www.youtube.com/watch?v=p3,UCA4CQI6AmD3dgqfSoErBWQA,ShannyPOP,320116,6344,118,0,2026-02-25T16:15:00Z,,,,,PT1M20S,80,2d,hd,false,rectangular,True,public,youtube,True,True,False,,[],[],22,en,en,[],[],https://i.ytimg.com/vi/p3o_9CL-EuQ/default.jpg,https://i.ytimg.com/vi/p3o_9CL-EuQ/maxresdefault.jpg,,,,,,Nicho 2 (Satisfying/Zero)
LsyCIQh5oTQ,Oddly Satisfying Sand Cake Smash with Cute Faces 😍 | Relaxing ASMR Crush #shorts,"Watch these adorable sand cakes with cute faces get perfectly unmolded and smashed! The smooth kinetic sand texture and satisfying crumble sounds make this ASMR short super relaxing to watch.

From perfect sand cylinders to a crunchy hammer crush, every moment is oddly satisfying. If you love sand cutting, crushing, and calming ASMR visuals, this one is for you!

Subscribe for more satisfying sand cake and relaxing ASMR shorts daily.

⸻

🔥 Hashtags

#shorts #asmr #satisfying #sandcake #kineticsand #oddlysatisfying #relaxingvideo #asmrsounds #sandasmr #satisfyingshorts #viralshorts #stressrelief","['sand cake', 'kinetic sand asmr', 'satisfying sand video', 'sand smashing', 'oddly satisfying video', 'relaxing asmr', 'sand crush', 'sand cutting', 'cute sand faces', 'satisfying crumble', 'asmr shorts', 'viral satisfying video', 'stress relief video', 'loop satisfying short', 'sand cylinders', 'crunchy sand smash', 'trending shorts 2026', 'sand art asmr']",[ERRO_TranscriptsDisabled]: Could not retrieve a transcript for the video https://www.youtube.com/watch?v=Ls,UCkFKRj1M8v0CJBhXcN4sCkw,AM KA ARMY,398966,1921,2,0,2026-02-12T00:30:32Z,,,,,PT25S,25,2d,hd,false,rectangular,True,public,youtube,True,True,False,,[],[],24,hi,en,['https://en.wikipedia.org/wiki/Entertainment'],[],https://i.ytimg.com/vi/LsyCIQh5oTQ/default.jpg,https://i.ytimg.com/vi/LsyCIQh5oTQ/maxresdefault.jpg,,,,,,Nicho 2 (Satisfying/Zero)
yMCbJXuTAT0,THIS DOUBLE FLOOR IS JUST AMAZING! 😱💙💗 Pixel Gamer vs Cute Pixel Floor #shorts #diy,"This stunning pixel epoxy floor transforms one room into two completely different worlds! 😱💙💗

On the blue side, you get a full gaming setup with a futuristic pixel-style floor that looks like a digital world beneath your feet. The glowing blocks and deep blue tones create an immersive 3D gaming environment. 🎮💙

On the pink side, the vibe switches to a soft and cozy aesthetic setup with a glowing pixel heart design. The pastel colors, cute decor, and warm lighting create a relaxing and dreamy atmosphere. 💗✨

The glossy epoxy resin floor reflects everything like glass, making the pixel effects look even more realistic and satisfying. This design perfectly blends gaming culture and aesthetic lifestyle in one space.

So… which side are you choosing?
💙 Gamer Setup or 💗 Cute Aesthetic?

Vote in the comments! 👇🔥

#epoxy #epoxyfloor #pixelart #gamingroom #aestheticroom #setup #satisfying #asmr #oddlysatisfying #shorts #trending #home #EpoxyPoolFusion","['#epoxy', '#epoxyfloor', '#epoxyresin', '#epoxyart', '#epoxyflooring', '#epoxydesign', '#epoxypool', '#epoxyproject', '#epoxyresinfloor', '#epoxytransformation', '#diy', '#diyepoxy', '#diyprojects', '#homerenovation', '#homedesign', '#interiordesign', '#architecture', '#modernhome', '#luxurydesign', '#designinspiration', '#pooldesign', '#luxurypool', '#poolideas', '#poolinspiration', '#satisfying', '#satisfyingvideo', '#beforeandafter', '#transformation', '#creativefloor', '#resinart']",[ERRO_TranscriptsDisabled]: Could not retrieve a transcript for the video https://www.youtube.com/watch?v=yM,UCwmGJn4qSg88zHpNLpseCDA,EpoxyPoolFusion,291582,0,162,0,2026-03-24T02:51:58Z,,,,,PT27S,27,2d,hd,false,rectangular,False,public,youtube,True,True,False,,[],[],24,en-US,en-US,"['https://en.wikipedia.org/wiki/Hobby', 'https://en.wikipedia.org/wiki/Lifestyle_(sociology)']",[],https://i.ytimg.com/vi/yMCbJXuTAT0/default.jpg,https://i.ytimg.com/vi/yMCbJXuTAT0/maxresdefault.jpg,,,,,,Nicho 2 (Satisfying/Zero)
AkB0oRGFB-o,Satisfying YouTube Logo Candy Cutting 🔴 ASMR #asmr #candy,"Watch this giant candy reveal the YouTube logo inside 🔴
The design is hidden inside the candy and appears only after slicing.
From hot sugar to hundreds of tiny candies — the process is fast, satisfying and mesmerizing to watch.
Handmade candy art in action.
What candy design should I make next? 

#youtube
#candyart
#candymaking
#satisfying
#asmr
#oddlysatisfying
#shorts","['ASMR', 'youtube candy', 'youtube logo candy', 'candy art', 'candy making', 'handmade candy', 'candy design', 'candy cutting', 'satisfying candy cutting', 'candy slicing', 'candy reveal', 'oddly satisfying', 'asmr candy', 'trulala candy art']",[ERRO_TranscriptsDisabled]: Could not retrieve a transcript for the video https://www.youtube.com/watch?v=Ak,UCQgvhqDOBU9a7Q1agQzFh5g,Tru-la-la CANDY ART,352645,2115,6,0,2026-03-27T15:54:29Z,,,,,PT21S,21,2d,hd,false,rectangular,True,public,youtube,True,True,False,,[],[],24,en-US,en,['https://en.wikipedia.org/wiki/Lifestyle_(sociology)'],[],https://i.ytimg.com/vi/AkB0oRGFB-o/default.jpg,https://i.ytimg.com/vi/AkB0oRGFB-o/maxresdefault.jpg,,,,,,Nicho 2 (Satisfying/Zero)
x7Du6lzK2V4,Oddly Satisfying Kinetic Sand Faces Crushing | Cute Shapes Hammer Smash ASMR #shorts,"Watch these cute kinetic sand face shapes get crushed and smashed with a hammer for the most satisfying ASMR experience! The soft sand breaking, cracking, and crumbling sounds are super relaxing and oddly satisfying to watch.

Perfect for stress relief, ASMR lovers, and kinetic sand fans. Don’t blink or you’ll miss the best crush moments!

Like ❤️ Comment 💬 Subscribe 🔔 for more daily satisfying sand videos.

#shorts #asmr #kineticsand #satisfying
#oddlysatisfying #sandcrush #sandcutting
#relaxing #stressrelief #sandasmr #crushing
#satisfyingvideo #asmrsounds #sandshapes
#viralshorts","['kinetic sand', 'sand cake', 'sand crushing', 'sand smash', 'satisfying sand', 'oddly satisfying', 'kinetic sand asmr', 'sand cutting', 'sand breaking', 'hammer crush sand', 'relaxing videos', 'stress relief asmr', 'sand shapes', 'cute sand faces', 'sand crumble', 'crunchy sounds', 'asmr shorts', 'satisfying shorts', 'viral asmr', 'sand art']",Lapar-lapper hover lover heapper lover. Pengen-pengen kurus tapi makan terus. Pengen-pengen kurus tapi makan terus. pengen,UCJCw95BbfOnFHv3tXUJx5IA,M Cake ,387130,1762,1,0,2026-03-18T00:58:40Z,,,,,PT17S,17,2d,hd,false,rectangular,False,public,youtube,True,True,False,,[],[],24,ru,en,['https://en.wikipedia.org/wiki/Entertainment'],[],https://i.ytimg.com/vi/x7Du6lzK2V4/default.jpg,https://i.ytimg.com/vi/x7Du6lzK2V4/maxresdefault.jpg,,,,,,Nicho 2 (Satisfying/Zero)
zLfvgsou8eI,Making Frozen 2-color Yogurt #frozen #shorts #stirfry #dessert #satisfying #oddlysatisfying #yogurt,,[],[ERRO_TranscriptsDisabled]: Could not retrieve a transcript for the video https://www.youtube.com/watch?v=zL,UC6NoyZcBgo-y7oyjWTlxuYg,Frozenjeng,329989,4017,61,0,2026-03-25T08:30:36Z,,,,,PT16S,16,2d,hd,false,rectangular,True,public,youtube,True,True,False,,[],[],22,en,en,"['https://en.wikipedia.org/wiki/Food', 'https://en.wikipedia.org/wiki/Lifestyle_(sociology)']",[],https://i.ytimg.com/vi/zLfvgsou8eI/default.jpg,https://i.ytimg.com/vi/zLfvgsou8eI/maxresdefault.jpg,,,,,,Nicho 2 (Satisfying/Zero)
6ycR2nlNg1Q,ASMR Jabón Crujiente 🧼✨ Relajación Total,"ASMR relajante triturando jabón crujiente.
Sonidos satisfactorios y explosiones visuales.

#asmr #asmrespañol #soapasmr #jabones #relajante #oddlysatisfying #shorts","['ASMR', 'ASMRJabón', 'SonidosRelajantes', 'DesempaquetadoDeJabón', 'CorteDeJabón', 'JabónSatisfactorio', 'ASMRVisual', 'Relajación', 'RuidoBlanco', 'SinHablar', 'SoloSonidos', 'ASMRParaDormir', 'JabónCrunchy', 'CrushingJabón', 'JabónColorido', 'EstéticaASMR', 'SonidosPlacenteros', 'RelajanteVisual', 'ExplosiónDeColor', 'ManosElegantes', 'asmr', 'asmrespañol', 'jabón', 'asmrrelajante', 'asmrsatisfactorio', 'asmrjabón', 'asmrcrujiente']",[ERRO_TranscriptsDisabled]: Could not retrieve a transcript for the video https://www.youtube.com/watch?v=6y,UC7mJa0ttLmjFevSAMMo4xRA,Jabón Relajante ,346471,1232,2,0,2026-03-24T15:23:57Z,,,,,PT9S,9,2d,hd,false,rectangular,True,public,youtube,True,True,False,,[],[],22,en,es,[],[],https://i.ytimg.com/vi/6ycR2nlNg1Q/default.jpg,https://i.ytimg.com/vi/6ycR2nlNg1Q/maxresdefault.jpg,,,,,,Nicho 2 (Satisfying/Zero)
WJDGS1mQ3QA,Strawberry Rabbit 🐰🍓 Oddly satisfying ASMR #viral #shorts #funny,Strawberry Rabbit 🐰🍓 Oddly satisfying ASMR #viral #shorts #funny,[],トル トル ト,UCe9qjr3EJIvultNI2W1n9rQ,Satisfying Asmr,375699,1339,2,0,2026-03-22T13:51:24Z,,,,,PT10S,10,2d,hd,false,rectangular,True,public,youtube,True,True,False,,[],[],24,en,en,['https://en.wikipedia.org/wiki/Entertainment'],[],https://i.ytimg.com/vi/WJDGS1mQ3QA/default.jpg,https://i.ytimg.com/vi/WJDGS1mQ3QA/maxresdefault.jpg,,,,,,Nicho 2 (Satisfying/Zero)
sbOsu34jtco,Perfect Tree Cutting Machine 🌳✂️ | Oddly Satisfying #shorts,"This job may look easy, but it actually requires incredible skill.
Every morning, this man trims the tops of trees with a powerful machine, turning messy trees into perfectly shaped designs.
It’s not just tree cutting… it’s living art. 🌿

#shorts
#youtubeshorts
#satisfying
#oddlysatisfying
#treecutting
#treetrimming
#treecuttingmachine
#treetrimmingmachine
#topiary
#gardening","['perfect tree trimming', 'oddly satisfying', 'tree cutting machine', 'satisfying tree cutting', 'tree trimming']",এই মানুষটার কাজ দেখতে খুব সহজ মনে হয় কিন্তু বাস্তবে এটা মোটেও ততটা সহজ নয় প্রতিদিন ভোরবেলা সে একটি বড় মেশিন নিয়ে বের হয় আর গাছগুলোর উপরের অংশ এমন নিখুতভাবে ছেটে দেয় যাতে সেগুলো একদম সোজা আর পরিপাটি দেখায় সবচেয়ে অবাক করা বিষয় হলো গাছটা যতই এলোমেলো বা অদ্ভুত হোক না কেন তার হাতে পড়লেই সেটা ধীরে ধীরে বদলে যায় এক সুন্দর নকশায় মানুষ তখন থেমে দাঁড়িয়ে শুধু তাকিয়েই থাকে আসলে গাছটা শুধু গাছ কাটা নয় এটা এক ধরনের শিল্প কারণ সামান্য ভুল হলেই পুরো গাছের সৌন্দর্য নষ্ট হয়ে যেতে যেতে পারে। তাই এই মানুষটা শুধু গাছ ছাটে না।,UCtk-XH5Sjuu_3I1MGn_TAhw,Musakari,275853,1795,4,0,2026-03-11T13:27:33Z,,,,,PT35S,35,2d,hd,false,rectangular,False,public,youtube,True,True,False,,[],[],27,bn,en,['https://en.wikipedia.org/wiki/Lifestyle_(sociology)'],[],https://i.ytimg.com/vi/sbOsu34jtco/default.jpg,https://i.ytimg.com/vi/sbOsu34jtco/maxresdefault.jpg,,,,,,Nicho 2 (Satisfying/Zero)
tY5_11UVH_s,Oddly Satisfying 3d Animation | ASMR #asmr #shorts #blender #3danimation #oddlysatisfying #3dart,"Enjoy watching!!
Do not forget to subscribe. 🔔
Each video combines stunning 3D visuals made in Blender with carefully chosen sound effects to give you the ultimate sensory experience.

#asmr  #Satisfyinganimation #minecraft #minecraftshorts #minecraftsteve#3danimation #Satisfying #shorts #art #physics #OddlySatisfying #SatisfyingVideos #Relaxation #3DVideos #Blender #3D #3DArt #ShortsFeed #YouTubeShorts

ASMR, Satisfying animation, Visual Satisfaction, Satisfying, Minecraft, Minecraft shorts, Minecraft Steve, Perfect Loop, Relaxation, Oddly satisfying, 3D ASMR, Blender animation, Visual ASMR, Relaxing videos, Satisfying visuals, Blender art, Blender, Satisfying short videos, YouTube Shorts, Short videos, Relaxing",[],[ERRO_TranscriptsDisabled]: Could not retrieve a transcript for the video https://www.youtube.com/watch?v=tY,UChXtNeYg8reu6XmQC-KjunQ,NodooBD,434699,1619,2,0,2026-02-21T07:00:00Z,,,,,PT7S,7,2d,hd,false,rectangular,True,public,youtube,True,True,False,,[],[],1,en,en,['https://en.wikipedia.org/wiki/Video_game_culture'],[],https://i.ytimg.com/vi/tY5_11UVH_s/default.jpg,https://i.ytimg.com/vi/tY5_11UVH_s/maxresdefault.jpg,,,,,,Nicho 2 (Satisfying/Zero)
FZfHCHpI-Uk,This is oddly satisfying 🤤 #shorts,The precision of this craftsman is unreal 🏛️👷#shorts #satisfying #oddlysatisfying #construction #cement #pillar #craftsman #skills #asmr #viral,"['shorts', 'satisfying', 'oddlysatisfying', 'construction', 'cement', 'pillar', 'craftsman', 'skills', 'asmr', 'viral']",เ,UCfGAa7X3gpPCNxwfG2di66A,Maryna Aksenov,210194,1034,19,0,2026-03-29T12:45:34Z,,,,,PT12S,12,2d,hd,false,rectangular,True,public,youtube,True,True,False,,[],[],10,en,en,[],[],https://i.ytimg.com/vi/FZfHCHpI-Uk/default.jpg,https://i.ytimg.com/vi/FZfHCHpI-Uk/maxresdefault.jpg,,,,,,Nicho 2 (Satisfying/Zero)
QfJUBvBN98w,How Many Lipsticks Did I Depot 💄Pt1 #shorts #satisfying #DIY #lipstick #fyp #makeuprepair,"ASMR Repairing Makeup


🔹 Subscribe us here: https://www.youtube.com/channel/UCQj7BHJBPTB8uizlTC9Z1iw

🔹 Watching more Makeup Repair Content here: https://www.youtube.com/playlist?list=PLOKd8QxuTJQaWHHqBBBhjXAQK2l0EvDvb

Thanks for watching ❤ 
#makeuprepair  #asmr #makeuprepair #asmr #tiktok #satisfying #satisfyingshorts","['shorts', 'tiktok', 'cosmetic', 'cosmetics', 'makeup', 'makeup asmr', 'asmr makeup', 'makeup repair', 'cosmetic asmr', 'viral', 'satisfying', 'fyp', 'tips', 'hacks', 'beautyhack', 'how to fix it', 'repair', 'compilation', 'satisfy', 'oddly', 'trends', 'asmr for sleep shorts', 'cosmetic up', 'cosmetic up asmr', 'satisfying makeup', 'satisfying video', 'satisfying repair', 'cosmetic repair', 'satifying asmr', 'asmr sleep', 'diy', 'relaxing', 'oddlysatisfying', 'restoration', 'satisfactorio', 'storytime', 'cosmetics restoration', 'recycling', 'asmr', 'asmr makeup repair', 'diy makeup']",[ERRO_TranscriptsDisabled]: Could not retrieve a transcript for the video https://www.youtube.com/watch?v=Qf,UCmEboYJCJ6UdD4iWURmj6Aw,Satisfying Shorts,200300,3306,13,0,2026-03-05T15:00:53Z,,,,,PT29S,29,2d,hd,false,rectangular,True,public,youtube,True,True,False,,[],[],24,en-US,en,['https://en.wikipedia.org/wiki/Lifestyle_(sociology)'],[],https://i.ytimg.com/vi/QfJUBvBN98w/default.jpg,https://i.ytimg.com/vi/QfJUBvBN98w/maxresdefault.jpg,,,,,,Nicho 2 (Satisfying/Zero)
yGLaNi8601Y,Something Was Stuck in This Hoof 😳 #hooftrimming #satisfying #asmr #oddlysatisfying #farrierlife,"A stone was stuck in this hoof 😳🐴

Watch as the farrier carefully inspects and removes the hidden object causing discomfort. Even a tiny pebble can make it difficult for a horse to walk properly.

The relief at the end is incredibly satisfying ✨

Did you spot it before it was removed? 👀👇

#hooftrimming #farrier #hoofcare #asmr #satisfying #horses #shorts","['horse hoof care', 'stone stuck in hoof', 'hoof trimming', 'farrier work', 'hoof cleaning', 'horse hoof asmr', 'satisfying hoof video', 'oddly satisfying', 'asmr hoof care', 'horse grooming', 'equine hoof care', 'hoof pick cleaning', 'farrier life', 'horse care routine', 'hoof maintenance', 'shorts hoof trimming', 'viral hoof video']",[ERRO_TranscriptsDisabled]: Could not retrieve a transcript for the video https://www.youtube.com/watch?v=yG,UCH4FeHBnqCwxGkf0pWmJR1Q,Lady Farrier,195775,1828,10,0,2026-03-24T16:11:57Z,,,,,PT24S,24,2d,hd,false,rectangular,True,public,youtube,True,True,False,,[],[],24,en,en,"['https://en.wikipedia.org/wiki/Lifestyle_(sociology)', 'https://en.wikipedia.org/wiki/Pet']",[],https://i.ytimg.com/vi/yGLaNi8601Y/default.jpg,https://i.ytimg.com/vi/yGLaNi8601Y/maxresdefault.jpg,,,,,,Nicho 2 (Satisfying/Zero)
e0eGdB_vy-4,Tanghulu Drawing🍡 Satisfying ASMR✨ #asmr #drawing #oddlysatisfying #satisfying #shorts #relax,,[],[ERRO_TranscriptsDisabled]: Could not retrieve a transcript for the video https://www.youtube.com/watch?v=e0,UCjK9F4opYvwn5xDPhQ7-ncQ,Neyu Satisfying,235755,896,4,0,2026-03-27T13:00:00Z,,,,,PT9S,9,2d,hd,false,rectangular,True,public,youtube,True,True,False,,[],[],24,en-US,en-US,"['https://en.wikipedia.org/wiki/Hobby', 'https://en.wikipedia.org/wiki/Lifestyle_(sociology)']",[],https://i.ytimg.com/vi/e0eGdB_vy-4/default.jpg,https://i.ytimg.com/vi/e0eGdB_vy-4/maxresdefault.jpg,,,,,,Nicho 2 (Satisfying/Zero)
WQljkJgMp8I,Restoring My $50 Broken Chanel Blush P1 #shorts #satisfying #DIY #lipstick #fyp #makeuprepair,"ASMR Repairing Makeup


🔹 Subscribe us here: https://www.youtube.com/channel/UCQj7BHJBPTB8uizlTC9Z1iw

🔹 Watching more Makeup Repair Content here: https://www.youtube.com/playlist?list=PLOKd8QxuTJQaWHHqBBBhjXAQK2l0EvDvb

Thanks for watching ❤ 
#makeuprepair  #asmr #makeuprepair #asmr #tiktok #satisfying #satisfyingshorts","['shorts', 'tiktok', 'cosmetic', 'cosmetics', 'makeup', 'makeup asmr', 'asmr makeup', 'makeup repair', 'cosmetic asmr', 'viral', 'satisfying', 'fyp', 'tips', 'hacks', 'beautyhack', 'how to fix it', 'repair', 'compilation', 'satisfy', 'oddly', 'trends', 'asmr for sleep shorts', 'cosmetic up', 'cosmetic up asmr', 'satisfying makeup', 'satisfying video', 'satisfying repair', 'cosmetic repair', 'satifying asmr', 'asmr sleep', 'diy', 'relaxing', 'oddlysatisfying', 'restoration', 'satisfactorio', 'storytime', 'cosmetics restoration', 'recycling', 'asmr', 'asmr makeup repair', 'diy makeup']",[ERRO_TranscriptsDisabled]: Could not retrieve a transcript for the video https://www.youtube.com/watch?v=WQ,UCmEboYJCJ6UdD4iWURmj6Aw,Satisfying Shorts,170247,2752,7,0,2026-03-19T08:00:28Z,,,,,PT55S,55,2d,hd,false,rectangular,True,public,youtube,True,True,False,,[],[],24,en-US,en,['https://en.wikipedia.org/wiki/Lifestyle_(sociology)'],[],https://i.ytimg.com/vi/WQljkJgMp8I/default.jpg,https://i.ytimg.com/vi/WQljkJgMp8I/maxresdefault.jpg,,,,,,Nicho 2 (Satisfying/Zero)
JhCUo_RrPlY,butter ASMR *with different slime flavors inside*🧈 #asmr #satisfying #shorts #slime,,[],[ERRO_TranscriptsDisabled]: Could not retrieve a transcript for the video https://www.youtube.com/watch?v=Jh,UC89EuEZMeVi3g5R2P6PixTQ,miss foxy,128108,8725,347,0,2026-03-30T07:24:38Z,,,,,PT1M29S,89,2d,hd,false,rectangular,True,public,youtube,True,True,False,,[],[],24,en,en,['https://en.wikipedia.org/wiki/Lifestyle_(sociology)'],[],https://i.ytimg.com/vi/JhCUo_RrPlY/default.jpg,https://i.ytimg.com/vi/JhCUo_RrPlY/maxresdefault.jpg,,,,,,Nicho 2 (Satisfying/Zero)
lmMnEJfCFfI,Make ice cream with me.🍓🍪🍦🧊 #asmr #satisfying #food #icecream #oreo #strawberry #frozen #shorts,,[],[ERRO_TranscriptsDisabled]: Could not retrieve a transcript for the video https://www.youtube.com/watch?v=lm,UClTz5e_Rr5T60OK4NwX47Ag,Wen Daily Life,108188035,1114736,1486,0,2026-01-03T00:38:33Z,,,,,PT26S,26,2d,hd,false,rectangular,True,public,youtube,True,True,False,,[],[],22,en,en,"['https://en.wikipedia.org/wiki/Food', 'https://en.wikipedia.org/wiki/Lifestyle_(sociology)']",[],https://i.ytimg.com/vi/lmMnEJfCFfI/default.jpg,https://i.ytimg.com/vi/lmMnEJfCFfI/maxresdefault.jpg,,,,,,Nicho 2 (Satisfying/Zero)
PBhWlr3nMBY,Cute or Creepy? AI Fruit Babies Eating Real Fruit🍓👶| The Ultimate Oddly Satisfying AI ASMR,"Relax, slow down, and enjoy the moment. 🌙

This video is part of Melty ASMR — a calm, immersive experience created to help you unwind, relax, and let your mind rest.

Enjoy soothing visuals, gentle motion, and satisfying ASMR ambience designed for deep sleep, stress relief, quiet focus, or peaceful background relaxation.
There is no talking and no sudden sounds — just a smooth, calming atmosphere you can experience at your own pace.

Perfect for night routines, studying, working, or slowing down after a long day.

🎧 Long-form ASMR & calming ambience  
🌈 Soft visuals, textures & gentle movement  
🕯 No talking • No distractions  
💤 Ideal for sleep, focus & relaxation  

Lower the volume, get comfortable, and let Melty ASMR melt your stress away.

If you enjoyed this video, please like and subscribe — your support helps Melty ASMR grow. 💛

#ASMR #AiASMR #OddlySatisfying #SatisfyingAI #CuteAI #Relaxing  #NoTalkingASMR #RelaxingVisuals #SatisfyingVideo #StressRelief",[],[ERRO_TranscriptsDisabled]: Could not retrieve a transcript for the video https://www.youtube.com/watch?v=PB,UC9kXLQWgnmeb2vH4Vp9UPmw,Melty ASMR,33331470,42866,1189,0,2026-02-09T23:00:00Z,,,,,PT2M16S,136,2d,hd,false,rectangular,True,public,youtube,True,True,False,,[],[],24,en,en,"['https://en.wikipedia.org/wiki/Food', 'https://en.wikipedia.org/wiki/Lifestyle_(sociology)']",[],https://i.ytimg.com/vi/PBhWlr3nMBY/default.jpg,https://i.ytimg.com/vi/PBhWlr3nMBY/maxresdefault.jpg,,,,,,Nicho 2 (Satisfying/Zero)
hpoNUb6Cn9A,"Satisfying Unboxing Barbie Doll & Travel Playsets, ASMR Video #shorts","Satisfying Unboxing Barbie Doll & Travel Playsets, ASMR Video #shorts","['Doll', 'barbie princess toys', 'Satisfying With Unboxing', 'Pinky Joy', 'Barbie', 'asmr video', 'Miniature kitchen set toys']",[ERRO_TranscriptsDisabled]: Could not retrieve a transcript for the video https://www.youtube.com/watch?v=hp,UCMU-_JfOElFCiLIJfy_PCeg,Pinky Joy,38304668,166085,46,0,2026-02-23T11:01:10Z,,,,,PT20S,20,2d,hd,false,rectangular,True,public,youtube,True,True,False,,[],[],24,pt-PT,en,['https://en.wikipedia.org/wiki/Entertainment'],[],https://i.ytimg.com/vi/hpoNUb6Cn9A/default.jpg,https://i.ytimg.com/vi/hpoNUb6Cn9A/maxresdefault.jpg,,,,,,Nicho 2 (Satisfying/Zero)
1rEud46aqII,Cute Make up kit 💥🌈 satisfying unboxing AsMR make up kit #shorts #yshorts #makeup #makeupkit,Cute Make up kit 💥🌈 satisfying unboxing AsMR make up kit #shorts #yshorts #makeup #makeupkit,"['Shorts', 'Yshorts', 'Trending']","आज गुड़िया ने मेरा सारा मेकअप खराब कर दिया। जैसे ही मेरी उस पर नजर पड़ी, मैंने उसके एक तमाचा लगा दिया और मेकअप उससे छीन लिया। लेकिन बाद में मुझे बहुत दुख हुआ। इसीलिए देखो मैंने उसके लिए क्या मंगाया। लेकिन पहले बताओ आप लड़का हो या लड़की? अगर लड़की हो तो कमेंट जरूर करना। वीडियो लाइक भी कर देना। तो गाइस ये है क्यूट सा मेकअप किट जो कि बच्चों के लिए बना है। इसमें एक छोटा सा क्यूट आई शैडो आता है और एक छोटी सी लिप ग्लोस की क्यूट सी डिब्बी आती है। एक छोटा सा काजल भी इसके साथ आता है। छोटे-छोटे क्लिप्स भी है साथ। इससे बच्चों की स्किन भी खराब नहीं होगी।",UCufg0EtuB4qMrADZfs4Y-Uw,Miss NidhiTech,32497050,527026,2846,0,2026-02-25T11:47:35Z,,,,,PT36S,36,2d,hd,false,rectangular,True,public,youtube,True,True,False,,[],[],28,hi,en,['https://en.wikipedia.org/wiki/Lifestyle_(sociology)'],[],https://i.ytimg.com/vi/1rEud46aqII/default.jpg,https://i.ytimg.com/vi/1rEud46aqII/maxresdefault.jpg,,,,,,Nicho 2 (Satisfying/Zero)
3Oz2oQpCQBo,I FROZE My VIRAL PLAY DOH POPPERS! 😱😳🥶 *DIY Satisfying Squishy at Home*,"I FROZE My VIRAL PLAY DOH POPPERS! 😱😳🥶 *DIY Satisfying Squishy at Home*

In this diy shorts, I make a diy squishy at home. This is a DIY clay squishy similar to a diy taba squishy tutorial & taba squishy review. I show how to make a taba taba squishy that makes oddly satisfying asmr with household ingredients. I made a viral taba squishy at home easy tutorial then froze it to make more crunchy. The viral squishy makes taba squishy asmr. This is a diy crafts shorts & an easy DIY craft at home. Taba squishies are a type of DIY fidget toys, fidget, squishy maker, fidgets, craft ideas.

#squishy #shorts #diy #tabasquishy #fidget #fidgettoys #asmr #satisfying #fidgets #craft #short #fidgettoy

Fidget Shop: ChillinWithRachel.com

fuck hate, spread positivity :)","['squishy', 'taba squishy', 'shorts', 'how to make a taba squishy', 'fidget', 'fidgets', 'fidget toys', 'short', 'fidget toy', 'diy', 'diy craft', 'satisfying asmr', 'asmr', 'satisfying', 'fidget shorts', 'oddly satisfying', 'taba squishy asmr', 'taba squishy tutorial', 'craft', 'diy taba squishy', 'squishies', 'crafts', 'chillin with rachel', 'taba', 'diy squishy', 'stress ball', 'how to make a squishy', 'taba squishy at home', 'taba squishy recipe', 'sensory DIY', 'temu taba squishy']","Last video, I tried to make the viral Play-Doh poppers, but according to this comment, freezing them makes them 10 times crunchier. So, we have to try it. Here is my Play-Doh. Last time I made them Wicked themed, but this time you guys asked me to do blue and yellow, so since you ask, you shall receive. And now we'll need a pen to roll the clay to thin sheets. Let's slice it up into our poppers. I folded each rectangle into a teensy pillow. They look like mini raviolis. I can't wait to pop these bad boys. Let's bedazzle them with glitter. Let's head to the freezer. I'll see you in 30 minutes. Here they are. And now it's time for the ULTIMATE CRUNCH REVEAL. YEAH.",UCsUGQ3eJjYOv00609MFs1wQ,Chillin' with Rachel 💛,30485453,236066,14640,0,2026-01-24T19:11:35Z,,,,,PT32S,32,2d,hd,false,rectangular,True,public,youtube,True,True,False,,[],[],24,en-US,en,"['https://en.wikipedia.org/wiki/Hobby', 'https://en.wikipedia.org/wiki/Lifestyle_(sociology)']",[],https://i.ytimg.com/vi/3Oz2oQpCQBo/default.jpg,https://i.ytimg.com/vi/3Oz2oQpCQBo/maxresdefault.jpg,,,,,,Nicho 2 (Satisfying/Zero)
xizfBRzb8Lc,Testing a $58 Blackhead Vacuum: Is it Worth the Hype? (Satisfying),"Stop squeezing your face! We tested this $58 Pro B17 pore vacuum to see if it actually removes deep blackheads or just damages skin. Watch the satisfying extraction results in macro detail. 

0:00 - Unboxing the $58 Vacuum
0:45 - How to prep your skin
1:30 - Deep Pore Extraction (Satisfying)
3:15 - Real Results & Skin Analysis

If you struggle with clogged pores or acne, this deep cleansing tool might be your new best friend. We look at the suction power and the 'success' of the extraction process on stubborn nose pores.#shorts #viral #skincare #blackheadremoval #pimplepopping #porevacuum #satisfying #extraction #skincareroutine #beautyhacks #deepcleansing #acnetreatment #cloggedpores #asmrskincare #glowingskin",[],[ERRO_TranscriptsDisabled]: Could not retrieve a transcript for the video https://www.youtube.com/watch?v=xi,UCelyjUgG9OcDR7Df_Agg9Pg,AMS Serenity,35829218,64642,300,0,2026-01-30T16:13:44Z,,,,,PT9S,9,2d,hd,false,rectangular,False,public,youtube,True,True,False,,[],[],24,en,en,[],[],https://i.ytimg.com/vi/xizfBRzb8Lc/default.jpg,https://i.ytimg.com/vi/xizfBRzb8Lc/maxresdefault.jpg,,,,,,Nicho 2 (Satisfying/Zero)
XXVp9n1OaeY,"Satisfying Unboxing Barbie Wedding Playset,ASMR Video #shorts","Satisfying Unboxing Barbie Wedding Playset,
ASMR Video #shorts","['Doll', 'barbie princess toys', 'Satisfying With Unboxing', 'Pinky Joy', 'Barbie', 'asmr video', 'Miniature kitchen set toys']",[ERRO_TranscriptsDisabled]: Could not retrieve a transcript for the video https://www.youtube.com/watch?v=XX,UC5Qs3dFNvqPAFA47Q4jUvgg,PLAY MY TOYS ,24872215,131469,47,0,2026-02-26T17:34:32Z,,,,,PT29S,29,2d,hd,false,rectangular,True,public,youtube,True,True,False,,[],[],22,en,en,['https://en.wikipedia.org/wiki/Entertainment'],[],https://i.ytimg.com/vi/XXVp9n1OaeY/default.jpg,https://i.ytimg.com/vi/XXVp9n1OaeY/maxresdefault.jpg,,,,,,Nicho 2 (Satisfying/Zero)
Xj26hGmTAv4,Which Crazy Bed Would You Choose Tonight?🤯🛏️ | Ultimate Oddly Satisfying ASMR 1,"Which Crazy Bed Would You Choose Tonight?🤯🛏️ | Ultimate Oddly Satisfying ASMR 1

Welcome to AI Dream Design ✨

This channel is all about dream spaces created with the power of artificial intelligence.
We turn imagination into stunning interiors, futuristic rooms and satisfying transformations you wish existed in real life.

Here you will find:
• Dream rooms and creative spaces
• Futuristic and cozy interiors
• Before & after transformations
• Viral and satisfying AI designs
• Daily inspiration for design lovers
#AIDreamDesign
#AIInteriors
#AIDesign
#DreamRooms
#FutureDesign
#InteriorDesign","['reative room ideas', 'oddly satisfying design', 'aesthetic room makeover', '3D interior design', 'modern interior ideas', 'colorful interior design', 'luxury room design', 'minimalist room design', 'bedroom makeover ideas', 'living room inspiration', 'home decor inspiration', 'digital interior design', 'futuristic room ideas']",[ERRO_TranscriptsDisabled]: Could not retrieve a transcript for the video https://www.youtube.com/watch?v=Xj,UCfNvhvAWPDq6JHdl2aI-79A,AI Dream Design,11248928,132808,2882,0,2026-03-03T08:22:40Z,,,,,PT2M7S,127,2d,hd,false,rectangular,True,public,youtube,True,True,False,,[],[],10,en,en,"['https://en.wikipedia.org/wiki/Hobby', 'https://en.wikipedia.org/wiki/Lifestyle_(sociology)']",[],https://i.ytimg.com/vi/Xj26hGmTAv4/default.jpg,https://i.ytimg.com/vi/Xj26hGmTAv4/maxresdefault.jpg,,,,,,Nicho 2 (Satisfying/Zero)
GWVRCCFvrN8,“Hidden Surprise Toys Inside Giant Slime 😍 So Satisfying Experiment!”,"#viral #trending #trendingshorts #shorts #youtubeshorts #shortsvideo #viralshorts
#fyp #foryou #foryoupage #globaltrend #trendalert #2026trending
#satisfying #oddlysatisfying #asmr #asmrvideo #relaxingvideo #satisfyingexperiment
#slime #giantslime #slimechallenge #slimeasmr #crunchyslime #slimevideo
#mysterytoy #surprisetoys #toyhunt #hiddenobjects #challengevideo
#experiment #waterexperiment #tissuepaperexperiment
#usa #uk #viralusa #trendinguk #globalviral",[],"One 120 256 640 1,280 2560 5,120 1 2 1 One, one, one, one.",UCPYDt8DJ5qBFN51nvK8LIDA,pinny experiments,17913814,209194,1345,0,2026-03-16T18:12:09Z,,,,,PT1M3S,63,2d,hd,false,rectangular,False,public,youtube,True,True,False,,[],[],24,en-US,en-US,['https://en.wikipedia.org/wiki/Entertainment'],[],https://i.ytimg.com/vi/GWVRCCFvrN8/default.jpg,https://i.ytimg.com/vi/GWVRCCFvrN8/maxresdefault.jpg,,,,,,Nicho 2 (Satisfying/Zero)
Np4iGhVY7Ic,Cute Fruit Babies Eating Fruit | Oddly Satisfying AI,"Enjoy this adorable and oddly satisfying AI compilation featuring anthropomorphic fruit babies — avocado baby, strawberry baby, pineapple baby, orange baby and more — happily eating juicy fruit pieces. Cute expressions, soft textures, and smooth animations make this video both relaxing and irresistibly wholesome.

Perfect for fans of cute AI animations, visual ASMR, and satisfying compilations.
Don’t forget to LIKE, COMMENT, and SUBSCRIBE for more daily satisfying AI videos!
#OddlySatisfying #SatisfyingAI #CuteAI","['fruit babies', 'cute ai video', 'anthropomorphic fruit', 'oddly satisfying', 'satisfying ai compilation', 'cute fruit animation', 'avocado baby', 'strawberry baby', 'pineapple baby', 'orange baby', 'fruit eating fruit', 'adorable ai characters', 'visual asmr', 'dopamine visuals', 'relaxing ai video', 'wholesome ai content', 'trending satisfying videos', 'aesthetic ai', 'oddlyai studio']",[ERRO_TranscriptsDisabled]: Could not retrieve a transcript for the video https://www.youtube.com/watch?v=Np,UCi_IMyFHV2l9_EUC01_tAHA,Oddly Ai Studio,7196935,9170,190,0,2026-02-06T14:41:39Z,,,,,PT2M49S,169,2d,hd,false,rectangular,True,public,youtube,True,True,False,,[],[],22,en,en,"['https://en.wikipedia.org/wiki/Food', 'https://en.wikipedia.org/wiki/Lifestyle_(sociology)']",[],https://i.ytimg.com/vi/Np4iGhVY7Ic/default.jpg,,,,,,,Nicho 2 (Satisfying/Zero)
6C19wCtTsQs,"Satisfying Unboxing Barbie Laundry Playset,ASMR Video #shorts","Satisfying Unboxing Barbie Laundry Playset,
ASMR Video #shorts",[],[ERRO_TranscriptsDisabled]: Could not retrieve a transcript for the video https://www.youtube.com/watch?v=6C,UCsEuMJSYbjU3-LpOLURZOtg,DidiForU,13892892,82672,37,0,2026-02-26T22:12:45Z,,,,,PT31S,31,2d,hd,false,rectangular,True,public,youtube,True,True,False,,[],[],22,en,en,"['https://en.wikipedia.org/wiki/Hobby', 'https://en.wikipedia.org/wiki/Lifestyle_(sociology)']",[],https://i.ytimg.com/vi/6C19wCtTsQs/default.jpg,https://i.ytimg.com/vi/6C19wCtTsQs/maxresdefault.jpg,,,,,,Nicho 2 (Satisfying/Zero)
QxHdg0Tgd6Y,"Satisfying With Unboxing Barbie Wardrobe Toys, ASMR Video #shorts","Satisfying With Unboxing Barbie Wardrobe Toys, ASMR Video #shorts
Hello, nice to meet you^^!
My name is Lisa, I love to explore the world and beautiful things and asmr sounds make me fascinated. I hope you have a relaxing time here! Thank you ^.^

Watch more of my videos: https://www.youtube.com/watch?v=uB-k2XHNAVQ&list=PLBv0j6jA05UDBKNNUhtkWNWYy7aR4Vi-5
Subscribe to the channel here: https://www.youtube.com/@ToyKingASMR

#unboxingvideo #asmrvideos #asmr #funny #trending #relaxing #satisfying #reviewtoys #toyunboxing #elsa #frozen #disney #disneyprincess #cutetoys #pinktoys #unboxingtoys #hellokitty #princess #disney #disneytoys #disneyprincess","['Satisfying', 'Unboxing', 'Mini Toys', 'elsa', 'frozen', 'disney', 'disneyprincess', 'Kitchen Toys', 'Review Toys', 'Kitchen Set', 'toys Collection', 'Cash register', 'disneytoys', 'minniemouse', 'hello kitty', 'Cute Toys', 'minnie', 'relaxing video', 'asmr', 'pinky', 'pinktoys', 'icecream', 'cookingtoys', 'toyunboxing', 'Hello Kitty toys', 'Doctor Play Set', 'reviewtoys', 'unboxing', 'hellokitty', 'satisfying', 'minitoys', 'cutetoys', 'relaxing', 'cooking', 'barbie']",[ERRO_TranscriptsDisabled]: Could not retrieve a transcript for the video https://www.youtube.com/watch?v=Qx,UCWcLw-F_eEazwhSGvCVpd6Q,Toy King ASMR,13346643,67559,25,0,2026-03-02T11:00:50Z,,,,,PT22S,22,2d,hd,false,rectangular,True,public,youtube,True,True,False,,[],[],22,en,en,['https://en.wikipedia.org/wiki/Entertainment'],[],https://i.ytimg.com/vi/QxHdg0Tgd6Y/default.jpg,https://i.ytimg.com/vi/QxHdg0Tgd6Y/maxresdefault.jpg,,,,,,Nicho 2 (Satisfying/Zero)
rNadnKChbkc,"Satisfying With Unboxing Barbie Swing and Slide Toys, ASMR Video #shorts","Satisfying With Unboxing Barbie Swing and Slide Toys, ASMR Video #shorts
Hello, nice to meet you^^!
My name is Lisa, I love to explore the world and beautiful things and asmr sounds make me fascinated. I hope you have a relaxing time here! Thank you ^.^

Watch more of my videos: https://www.youtube.com/watch?v=uB-k2XHNAVQ&list=PLBv0j6jA05UDBKNNUhtkWNWYy7aR4Vi-5
Subscribe to the channel here: https://www.youtube.com/@ToyKingASMR

#unboxingvideo #asmrvideos #asmr #funny #trending #relaxing #satisfying #reviewtoys #toyunboxing #elsa #frozen #disney #disneyprincess #cutetoys #pinktoys #unboxingtoys #hellokitty #princess #disney #disneytoys #disneyprincess","['Satisfying', 'Unboxing', 'Mini Toys', 'elsa', 'frozen', 'disney', 'disneyprincess', 'Kitchen Toys', 'Review Toys', 'Kitchen Set', 'toys Collection', 'Cash register', 'disneytoys', 'minniemouse', 'hello kitty', 'Cute Toys', 'minnie', 'relaxing video', 'asmr', 'pinky', 'pinktoys', 'icecream', 'cookingtoys', 'toyunboxing', 'Hello Kitty toys', 'Doctor Play Set', 'reviewtoys', 'unboxing', 'hellokitty', 'satisfying', 'minitoys', 'cutetoys', 'relaxing', 'cooking', 'barbie']",[ERRO_TranscriptsDisabled]: Could not retrieve a transcript for the video https://www.youtube.com/watch?v=rN,UCWcLw-F_eEazwhSGvCVpd6Q,Toy King ASMR,13053553,59858,11,0,2026-03-10T23:01:06Z,,,,,PT18S,18,2d,hd,false,rectangular,True,public,youtube,True,True,False,,[],[],22,en,en,['https://en.wikipedia.org/wiki/Entertainment'],[],https://i.ytimg.com/vi/rNadnKChbkc/default.jpg,https://i.ytimg.com/vi/rNadnKChbkc/maxresdefault.jpg,,,,,,Nicho 2 (Satisfying/Zero)
HVdENkKosv8,"Satisfying Unboxing Barbie and Ken Family Playset, ASMR Video #shorts","Satisfying Unboxing Barbie and Ken Family Playset, ASMR Video #shorts","['Doll', 'barbie princess toys', 'Satisfying With Unboxing', 'Pinky Joy', 'Barbie', 'asmr video', 'Miniature kitchen set toys']",[ERRO_TranscriptsDisabled]: Could not retrieve a transcript for the video https://www.youtube.com/watch?v=HV,UCMU-_JfOElFCiLIJfy_PCeg,Pinky Joy,10500501,49637,28,0,2026-03-14T11:00:34Z,,,,,PT27S,27,2d,hd,false,rectangular,True,public,youtube,True,True,False,,[],[],24,en,en,['https://en.wikipedia.org/wiki/Entertainment'],[],https://i.ytimg.com/vi/HVdENkKosv8/default.jpg,https://i.ytimg.com/vi/HVdENkKosv8/maxresdefault.jpg,,,,,,Nicho 2 (Satisfying/Zero)
hieUEaJjcXY,"Satisfying With Unboxing & Review Barbie Set Toys,ASMR Video #shorts",,[],[ERRO_TranscriptsDisabled]: Could not retrieve a transcript for the video https://www.youtube.com/watch?v=hi,UCQw9W_cNL6scmUqrWDNsWJQ,My Pink Toys,9372340,50798,45,0,2026-03-06T13:01:21Z,,,,,PT33S,33,2d,hd,false,rectangular,True,public,youtube,True,True,False,,[],[],22,en-US,en-US,"['https://en.wikipedia.org/wiki/Hobby', 'https://en.wikipedia.org/wiki/Lifestyle_(sociology)']",[],https://i.ytimg.com/vi/hieUEaJjcXY/default.jpg,https://i.ytimg.com/vi/hieUEaJjcXY/maxresdefault.jpg,,,,,,Nicho 2 (Satisfying/Zero)
0rMvz91qS5o,Let's Setup My our generation spa day playset✨🌈 ASMR Satisfying Video #shorts,,[],"This one's for the girls. IF YOU'RE A BOY, YOU BETTER NOT FREAKING TRY THIS CUZ YOU'LL FAIL. BUT IF YOU'RE A GIRL, HOLD YOUR BREATH IN THREE, TWO, ONE. Then like this video, COMMENT GIRL POWER. SHARE WITH THE",UCYC0z472Db8XEz4ly3BVnDw,Playing with Ayce,9439635,323993,48012,0,2026-02-28T16:00:01Z,,,,,PT15S,15,2d,hd,false,rectangular,True,public,youtube,True,True,False,,[],[],22,en-US,en,"['https://en.wikipedia.org/wiki/Hobby', 'https://en.wikipedia.org/wiki/Lifestyle_(sociology)']",[],https://i.ytimg.com/vi/0rMvz91qS5o/default.jpg,https://i.ytimg.com/vi/0rMvz91qS5o/maxresdefault.jpg,,,,,,Nicho 2 (Satisfying/Zero)
tThnd7yJMx4,VIRAL DUMPLING TRADING 😱🤭 #viral #trending #dumplings #satisfying #oddlysatisfying #cute #fun,,[],"Allie, what would you trade me for this jumbo purple dumpling? >> Add. >> Okay, >> this one with the cool texture. If you you just took one out of the equation. If you add that golden one, I'M SOLD. OKAY, EXCEPT [screaming] it's all yours.",UC46fZkmsP85pUQDLw1UKezg,PurpleStars02,7728511,90077,0,0,2026-03-06T21:01:04Z,,,,,PT29S,29,2d,hd,false,rectangular,True,public,youtube,True,True,True,,[],[],24,en,en,['https://en.wikipedia.org/wiki/Lifestyle_(sociology)'],[],https://i.ytimg.com/vi/tThnd7yJMx4/default.jpg,https://i.ytimg.com/vi/tThnd7yJMx4/maxresdefault.jpg,,,,,,Nicho 2 (Satisfying/Zero)
Gq866YypbNk,Satisfied Unboxing & Review Crayon Shin Cute Fun ASMR Videos #toys #shorts #shinchan,"Satisfied Unboxing & Review Crayon Shin Cute Fun ASMR Videos 
------------ Thank you for watching the video. Please subscribe to our channel to watch the latest videos! Hope you have relaxing moments with Shin Toy Zone Satisfying videos: https://www.youtube.com/playlist?https://www.youtube.com/@ShinToysZone Shorts Shin unboxing videos: #disneytoys #minniemouse #dinosaur #peppapig #toilet #kitchenset #minnie #elsa #patrick #candy #frozen #cooking #disney #messi #supermario #ronaldo #disneyprincess #trending #trend #trendingshorts #unboxing #larva #relaxingvideo #satisfying #despicableme #minitoys #hellokitty #pawpatrol #asmr #reviewtoys #cutetoys #pinky #pinktoys #cookingtoys #mario #cookinggame #toyunboxing #hellokitchenset #shinchan #shin #doraemon #nobita #shorts #larvatuba #tungtungtungsahur#banana #tralalerotralala #lirililarila #bombombinigusini #ballerina #cappuccino #chimpanzinibananini  #peppapig Disclaimer: This ASMR video is intended to help people relax. This video is ONLY FOR 13+ years old. Thank you for watching! Please subscribe to the channel to see the latest videos.","['shorts', 'toys', 'Shinchan full episodes', 'Shinchan and family', 'Shinchan school episodes', 'Shinchan vs Himawari', 'Japanese toys', 'doraemon', 'doraemon toy', 'fun toys', 'nobita', 'gun', 'unboxing', 'shin', 'shinchan', 'shinnosuke', 'larva', 'trend', 'trendingshorts', 'peppapig', 'toilet', 'trending', 'tungtungtungsahur', 'tralalerotralala', 'lirililarila', 'bombombinigusini', 'ballerina', 'cappuccino', 'chimpanzinibananini', 'ronandol', 'messi', 'disneytoys', 'cooking', 'disney', 'asmr', 'funny', 'mario', 'super mario', 'paw patrol', 'Despicable Me 4', '#dinosaur', 'patrick', 'candy', 'banana']",あ。,UCTTZTMTB_B4wux4b56TfBTA,Shin Funny,10372431,30029,2,0,2026-03-29T11:00:16Z,,,,,PT5S,5,2d,hd,false,rectangular,False,public,youtube,True,True,False,,[],[],24,en,en,['https://en.wikipedia.org/wiki/Entertainment'],[],https://i.ytimg.com/vi/Gq866YypbNk/default.jpg,https://i.ytimg.com/vi/Gq866YypbNk/maxresdefault.jpg,,,,,,Nicho 2 (Satisfying/Zero)
tlb24u3JaOM,Satisfying Hoof Trimming #shorts #hooftrimming #satisfying #hoofcare #horseshoeing #thefarrierlife,"Watch this perfect hoof rasp finish. Like & Subscribe for more!

Subscribe for free: https://www.youtube.com/channel/UCDAKpEA37ptDuo6iPSx7a3Q?sub_confimation=1
PayPal, Thanks for donating!🤗🥰: https://www.paypal.com/paypalme/HAIPHAM58
Buy Me a Carrot🥕: https://buymeacoffee.com/thefarrierlife

#shorts #hooftrimming #satisfying #farrier #hoofcare #horseshoeing #thefarrierlife #equine #horsehealth","['The Farrier Life', 'Farrier', 'Hoof Care', 'Horseshoeing', 'Horse', 'Equine', 'Hoof Health', 'Hoof Trimming', 'Professional Farrier', 'Horse Care', 'Equine Health', 'Farrier Tools', 'Forge and Anvil', 'Ask The Farrier']","You see that? Hey. I like the analogy, but >> yeah.",UCDAKpEA37ptDuo6iPSx7a3Q,The Farrier Life,6945481,31690,27,0,2026-03-26T14:01:43Z,,,,,PT1M20S,80,2d,hd,false,rectangular,True,public,creativeCommon,True,True,False,,[],[],24,en-US,en-US,"['https://en.wikipedia.org/wiki/Hobby', 'https://en.wikipedia.org/wiki/Lifestyle_(sociology)', 'https://en.wikipedia.org/wiki/Pet']",[],https://i.ytimg.com/vi/tlb24u3JaOM/default.jpg,https://i.ytimg.com/vi/tlb24u3JaOM/maxresdefault.jpg,,,,,,Nicho 2 (Satisfying/Zero)
b5ZJ2uHg14M,"Satisfying With Unboxing Barbie Doctor Toys, ASMR Video #shorts","Satisfying With Unboxing Barbie Doctor Toys, ASMR Video #shorts
Hello, nice to meet you^^!
My name is Lisa, I love to explore the world and beautiful things and asmr sounds make me fascinated. I hope you have a relaxing time here! Thank you ^.^

Watch more of my videos: https://www.youtube.com/watch?v=uB-k2XHNAVQ&list=PLBv0j6jA05UDBKNNUhtkWNWYy7aR4Vi-5
Subscribe to the channel here: https://www.youtube.com/@ToyKingASMR

#unboxingvideo #asmrvideos #asmr #funny #trending #relaxing #satisfying #reviewtoys #toyunboxing #elsa #frozen #disney #disneyprincess #cutetoys #pinktoys #unboxingtoys #hellokitty #princess #disney #disneytoys #disneyprincess","['Satisfying', 'Unboxing', 'Mini Toys', 'elsa', 'frozen', 'disney', 'disneyprincess', 'Kitchen Toys', 'Review Toys', 'Kitchen Set', 'toys Collection', 'Cash register', 'disneytoys', 'minniemouse', 'hello kitty', 'Cute Toys', 'minnie', 'relaxing video', 'asmr', 'pinky', 'pinktoys', 'icecream', 'cookingtoys', 'toyunboxing', 'Hello Kitty toys', 'Doctor Play Set', 'reviewtoys', 'unboxing', 'hellokitty', 'satisfying', 'minitoys', 'cutetoys', 'relaxing', 'cooking', 'barbie']",[ERRO_TranscriptsDisabled]: Could not retrieve a transcript for the video https://www.youtube.com/watch?v=b5,UCWcLw-F_eEazwhSGvCVpd6Q,Toy King ASMR,6768259,34514,10,0,2026-02-19T02:00:28Z,,,,,PT22S,22,2d,hd,false,rectangular,True,public,youtube,True,True,False,,[],[],22,en,en,['https://en.wikipedia.org/wiki/Entertainment'],[],https://i.ytimg.com/vi/b5ZJ2uHg14M/default.jpg,https://i.ytimg.com/vi/b5ZJ2uHg14M/maxresdefault.jpg,,,,,,Nicho 2 (Satisfying/Zero)
JDtjR_1Z6a4,Satisfying Peppa Pig Family Playset Unboxing Toys | ASMR Videos #peppapig #shorts,"❤️ Thank you for watching!
🔔 Subscribe for more Peppa Pig toy adventures and relaxing ASMR videos.
👍 Like this video if you love Peppa Pig!

⚠️ This video is made for viewers aged 13 and older.

#PeppaPig #DaddyPig #MummyPig #ASMR #ToyUnboxing #Satisfying #Relaxing #ToyAdventureUSA #PeppaPigFamily #ToyASMR #AutumnVibes #FallToys #PeppaPigToys #Shorts #ASMRVideo","['unboxing', 'Toy', 'ASMR unboxing', 'Toy adventure', 'Relaxing unboxing sounds', 'Unboxing experience ASSMR', 'Toy collection', 'Pink toys', 'asmr', 'shorts']",[ERRO_TranscriptsDisabled]: Could not retrieve a transcript for the video https://www.youtube.com/watch?v=JD,UCZ22Az7Sf24Tu8IuSEH9QFA,Toy Adventure ,6324268,30450,18,0,2026-01-28T23:00:33Z,,,,,PT1M8S,68,2d,hd,false,rectangular,True,public,youtube,True,True,False,,[],[],22,en,en,['https://en.wikipedia.org/wiki/Entertainment'],[],https://i.ytimg.com/vi/JDtjR_1Z6a4/default.jpg,https://i.ytimg.com/vi/JDtjR_1Z6a4/maxresdefault.jpg,,,,,,Nicho 2 (Satisfying/Zero)
QBOHb3vhVnQ,Shin Chan and friends Toy Fun ASMR#shorts #funny #toys #asmr #satisfying,"ユーモアたっぷりのクレヨンしんちゃんと仲間たちのチャンネルです。
皆さんに楽しくてリラックスできるひとときをお届けできれば幸いです。
This is a fun and humorous Shin-chan and friends channel.
We hope it brings you relaxing and enjoyable moments",[],[ERRO_TranscriptsDisabled]: Could not retrieve a transcript for the video https://www.youtube.com/watch?v=QB,UCL7B2xSmdTH1j2OHfN-6_bQ,Shin.chan6996,46460246,137336,46,0,2026-01-16T10:30:17Z,,,,,PT6S,6,2d,hd,false,rectangular,True,public,youtube,True,True,False,,[],[],22,en,ja,['https://en.wikipedia.org/wiki/Entertainment'],[],https://i.ytimg.com/vi/QBOHb3vhVnQ/default.jpg,https://i.ytimg.com/vi/QBOHb3vhVnQ/maxresdefault.jpg,,,,,,Nicho 2 (Satisfying/Zero)
E3iUi73zawU,Baby Stretching Kineticsand Popit Hohoho! 😂💩🤣 #asmr #funny #satisfying #trend #viral #shorts,,[],[ERRO_TranscriptsDisabled]: Could not retrieve a transcript for the video https://www.youtube.com/watch?v=E3,UCkyZEgvKr23XHQX20HwLpgg,Squishy Guy,65111449,170599,107,0,2026-01-05T05:45:28Z,,,,,PT5S,5,2d,hd,false,rectangular,True,public,youtube,True,True,False,,[],[],27,en,tr,"['https://en.wikipedia.org/wiki/Hobby', 'https://en.wikipedia.org/wiki/Lifestyle_(sociology)']",[],https://i.ytimg.com/vi/E3iUi73zawU/default.jpg,https://i.ytimg.com/vi/E3iUi73zawU/maxresdefault.jpg,,,,,,Nicho 2 (Satisfying/Zero)
TN1sRhEvK5w,Satisfying Unboxing Super Mario Toys | Review ASMR Video #toys #shorts #kineticsand #asmr,"Satisfying Unboxing Super Mario Toys | Review ASMR Video #toys #shorts #kineticsand #asmr

Hello, 
Welcome to UNBOX ONE Channel
Thank you very much for your support! Don’t forget to subscribe to our channel and leave a like! This make sure that our new videos show up in your feed. 

DISCLAIMER:
THIS IS AN ASMR VIDEO
THIS VIDEO IS INTENDED FOR VIEWERS 13 YEARS OF AGE OR OLDER.
VIEWER DISCRETION IS ADVISED","['Asmr', 'Toy asmr', 'Open toy', 'unboxing', 'Unboxing asmr', 'fun toy', 'UNBOX ONE']",[music] [bell] Hyah! [music] Hoya! Hoya!,UCjTRy9POBFSllS4obLO9ifw,Unbox One,29614525,141931,37,0,2026-01-25T20:00:32Z,,,,,PT26S,26,2d,hd,false,rectangular,True,public,youtube,True,True,False,,[],[],24,en,en,['https://en.wikipedia.org/wiki/Video_game_culture'],[],https://i.ytimg.com/vi/TN1sRhEvK5w/default.jpg,https://i.ytimg.com/vi/TN1sRhEvK5w/maxresdefault.jpg,,,,,,Nicho 2 (Satisfying/Zero)
KZI8PGKVDBQ,"If a soldier is deployed and he mistakenly lost bullets, what are his punishments?",#redditstories #story #shorts #military,"['reddit', 'askreddit', 'reddit posts', 'reddit stories', 'AITA', 'r/aita', 'shorts']","If a soldier is deployed and he mistakenly lost bullets, what are his punishments? The difference between ammo accountability and peace time versus combat shocked me when I deployed to Iraq in 2004. Stateside, we counted every single round. Lose one 5.56 millm bullet during training and you'd spend hours on your hands and knees searching for it in the dirt. Lost bullets meant paperwork, investigations, and possibly punishment. Then we crossed into Iraq. Suddenly, ammunition was everywhere. We signed for our basic combat load at the Kuwait staging area. But once in country, it was a completely different world. Units rotating home would drive by and literally hand us extra cases of ammo they didn't want to process for turning. Take it. Better to have too much than not enough, a staff sergeant told me as he handed over three EXT boxes of M240 rounds. If a soldier lost a few bullets during deployment, nobody cared. The emphasis was on having enough, not accounting for every round. The only time punishment happened was if someone was obviously negligent, like losing a full box where the enemy might find it. That could get you an article 15 non-judicial punishment. When we left in 2005, the ammo turnin point only wanted what matched our original paperwork. If we were short, we just wrote expended in combat operations on a form. They refused to take any extra ammo we'd accumulated, so we passed it to incoming units, continuing the cycle. The military recognized reality in combat. Perfect accountability is impossible and secondary to staying alive. It's one of those practical compromises between garrison standards and battlefield practicality.",UCmOv6mUj7ubA4BIDHM1N1_Q,Reddit Report,1640774,34895,217,0,2026-02-25T03:00:29Z,,,,,PT1M,60,2d,hd,false,rectangular,True,public,youtube,True,True,False,,[],[],22,en-US,en-US,"['https://en.wikipedia.org/wiki/Lifestyle_(sociology)', 'https://en.wikipedia.org/wiki/Military']",[],https://i.ytimg.com/vi/KZI8PGKVDBQ/default.jpg,https://i.ytimg.com/vi/KZI8PGKVDBQ/maxresdefault.jpg,,,,,,Nicho 3 (Histórias/Denso)
f8fb97euHHM,What's the funniest excuse you've given a cop that completely backfired? #redditstories,,"['Reddit Recap', 'Reddit', 'Reddit shorts', 'Reddit story']","What's the funniest excuse you've given a cop that completely backfired? Last Saturday, I was driving to a concert with my boys Marcus and Dev. I was doing 90 in a 60 zone because Dev swore the exit was in half a mile and it was not. Blue lights. My stomach drops. Officer Reyes walks up, flashlight in my face. License and registration. You were doing 90 in a 60. That's reckless driving. You're looking at a $500 fine, points on your license, and I could impound this vehicle right now. Dev kicks my seat and whispers, ""Make something [music] up or we're walking home."" So, I panic and say the dumbest thing imaginable. Officer, I'm so sorry. My little sister is having her quinceanera right now and I'm supposed to give the toast. [music] I'm the only brother she has and she'll never forgive me if I miss it. I don't have a little sister. Officer Reyes looks at me, then looks at Marcus and Dev who are both nodding like their lives depend on it. She narrows her eyes. ""Where's the venue?"" My brain short-circuits. I blurted out the first place I can think of, Rosa's Banquet Hall on 5th Street. I drove past it 10 minutes ago and saw balloons outside. She stares at me for what feels like a year. Then she says the five worst words of my life, ""Follow me. I'll escort you."" She walks back to her patrol car, hits the lights, and pulls out. Marcus grabs my arm. ""Bro, there's no quinceanera."" I know. Dev is already Googling Rosa's Banquet Hall. There's actually an event there tonight. We pull into the parking lot behind Officer Reyes and there are pink and white decorations everywhere. Music is blasting from inside. There's a real quinceanera happening for a girl I have never met. Dev says, ""I'm going in."" Before I can stop him, he's sprinting inside. I'm standing in the parking lot with Officer Reyes and I can feel sweat rolling down my back. Two minutes later, Dev comes back with a man in a suit. He walks right up [music] to me, shakes my hand, and says loud enough for Officer Reyes to hear, ""Finally, your sister has been asking for you all night. Get inside."" I have no idea who this man is. He leans in and whispers, ""Your friend told me everything. My daughter thinks this is the funniest thing she's ever heard. She said if you don't come in and give a toast, she's going to be genuinely disappointed."" Officer Reyes is smiling now. She follows us to the door. I walk into this banquet hall and there's like 200 people, a DJ, a dance floor. A girl in a huge pink dress spots me and screams, ""He's here!"" She runs over, grabs my arm, and whispers, ""I'm Sofia. You're my brother Carlos. You were stuck [music] in traffic. My dad told the whole family. Everyone's in on it. Don't mess this up."" The DJ gets on the mic. ""Everyone, Sofia's big brother Carlos finally made [music] it."" The entire room erupts. People are cheering. An abuela walks up and pinches my cheeks. Someone hands me a plate of food and Officer Reyes is standing by the door looking genuinely emotional. Then Sofia's dad taps a glass and [music] says, ""Carlos, we've been waiting for you. It's time for your toast."" The room goes quiet. 200 people staring at me. Officer Reyes is recording on her phone. Dev is in the corner dying. I pick up a glass and I have no idea what I'm about to say. I look at Sofia and she gives me this tiny nod like go ahead. So, I say, ""Sofia, I know I'm late. I'm always late, but there is nowhere else I'd rather be tonight than right here watching you become the incredible woman I always knew you'd be."" The room explodes. [music] Sofia's mom is crying. Her dad is crying. Marcus is crying and he doesn't even know these people. Sofia hugs me so hard I almost dropped my drink. [music] After the toast, Officer Reyes comes up to me. ""That was beautiful. Your sister is lucky to have you."" Sofia jumps in. ""Officer, thank you for bringing him here. We were so worried."" Officer Reyes pulls out her ticket book and I freeze. She tears out a page. It's a warning. ""Next time, leave earlier. Your sister shouldn't have to wait."" As we're driving away, Dev is laughing so hard he can barely breathe. ""Bro, you just gave a quinceanera toast for a stranger."" Sofia's dad texted Dev that night. He said it was the best toast of the night and Sofia wants to invite me to her birthday next month. I got a warning instead of a $500 ticket, a plate of the best food I've ever eaten, and I'm now honorary family to people I met 45 minutes ago. Dev still has the video of my toast. He threatens to post it every time I won't drive him somewhere.",UCHZoiKMBLIkNB4NyK6x8QrQ,Reddit Recap,1421782,59087,340,0,2026-03-26T17:58:03Z,,,,,PT2M59S,179,2d,hd,false,rectangular,True,public,youtube,True,True,False,,[],[],27,en-US,en-US,[],[],https://i.ytimg.com/vi/f8fb97euHHM/default.jpg,https://i.ytimg.com/vi/f8fb97euHHM/maxresdefault.jpg,,,,,,Nicho 3 (Histórias/Denso)
1VN0DAxmUwI,What are the craziest ways you’ve heard of people making money?,#redditstories #story #shorts #money #wealth,"['reddit', 'askreddit', 'reddit posts', 'reddit stories', 'AITA', 'r/aita', 'shorts']","What are the craziest ways you've heard of people making money in Air Force squadrons? It's normal to have a snack bar that the junior members run, usually quite poorly. At the base where I was stationed, one of the maintenance squadrons had an airman who was so bad at maintenance that they just put him on permanent snack bar duty. Airman can't turn a wrench responds surprisingly well to his new task. And the snack bar is suddenly well stocked and organized. Since the snack bar is so well stocked, many of the maintainers just buy their lunch there instead of going to the dining facility on the other side of base. Even the air crew stop by after a sorty to get a snack since the selection is so good. At the end of the year, he reports a profit of nearly $3,000 to the squadron booster club. They are elated and keep him running the snack bar for the next few years. He quietly runs the snack bar until his enlistment runs out, receives his honorable discharge, and [music] returns to civilian life. Before he departs, he trains a new airman to run the snack bar the same way he does. The new guy keeps it going, and at the end of the year, the new airman reports a profit of approximately [music] $18,000. You guessed it, the first airman had embezzled all of it in untraceable cash, and since he'd cooked the books with absolutely no oversight, they couldn't prove The squadron leadership realized they would look like complete clowns if they reported this, so they [music] just kept their mouths shut. This kid didn't do a lick of work his entire enlistment and left the base with the better part of 50 grand in",UCmOv6mUj7ubA4BIDHM1N1_Q,Reddit Report,980220,40205,132,0,2026-02-26T02:58:00Z,,,,,PT1M,60,2d,hd,false,rectangular,True,public,youtube,True,True,False,,[],[],22,en-US,en-US,"['https://en.wikipedia.org/wiki/Hobby', 'https://en.wikipedia.org/wiki/Lifestyle_(sociology)']",[],https://i.ytimg.com/vi/1VN0DAxmUwI/default.jpg,https://i.ytimg.com/vi/1VN0DAxmUwI/maxresdefault.jpg,,,,,,Nicho 3 (Histórias/Denso)
RgpaoDDQdsY,WELCHE ERZIEHUNG ist schädlich?! #shorts #satisfying #entspannung #reddit,WELCHE ERZIEHUNG ist schädlich?! #shorts #satisfying #entspannung #reddit,[],"Welche Arten von schlechter Erziehung lassen Kinder nie wirklich los? Als ich zwölf war, rief ich den Kinderschutz an, aber nicht, um mich selbst zu schützen. Ich war gerade von einem Paar adoptiert worden, das selbst keine Kinder bekommen konnte. Und anfangs wirken sie unglaublich nett. Sie schrien mich nie an wie meine leiblichen Eltern. Sie gaben mir Eis einfach so und brachten mich jeden Abend ins Bett mit einer heißen Schokolade neben mir. Ich war überzeugt, jedes Kind könnte sich glücklich schätzen, solche Eltern zu haben. Deshalb habe ich mich gefreut, als ich herausfand, dass sie auf wundersame Weise doch schwanger geworden waren. Doch genau da änderte sich alles. Es war, als hätte jemand einen Schalter umgelegt, aber nicht in der Art, wie sie mich behandelten, sondern wie sie ihn behandelten. Meine Adoptiveltern wurden sofort besessen davon, Leon zu einem perfekten und hochbegabten Kind zu erziehen. Sie hängten eine riesige Tabelle in der Küche auf, in der sie jeden Entwicklungsschritt festhielten, ab dem Tag, an dem sie ihn aus dem Krankenhaus nach Hause brachten. Wenn Leon nicht genau dann sitzen, laufen oder sprechen konnte, wann das Internet sagte, dass er es sollte, bekamen sie diesen nervösen Blick und begannen miteinander zu flüstern. Als Leon 9 Monate alt war, ließen sie ihn bereits täglich mit Lernkarten üben. Ich beobachtete das vom Flur aus, während mein Vater schwer seufzte. Immer wenn Leon abgelenkt oder verwirrt war, fühlte sich die Situation seltsam und unangenehm an, aber ich dachte, vielleicht waren sie einfach gestresst, weil sie neue Eltern waren. Als Leon 2 wurde, wurde es schlimmer. Sie meldeten ihn für fortgeschrittene Kleinkindkurse an und versuchten ihm neben Deutsch auch noch Latein beizubringen. Zu Hause verbrachten sie Stunden damit, ihm Buchstaben und Zahlen einzutrichtern. Wenn Leon etwas falsch machte, spanden sie sich an. und ihre Gesichter zeigten deutliche Enttäuschung. Manchmal weinte Leon nachts und statt ihn zu trösten, standen sie mit verschränkten Armen über seinem Bett, bis er aufhörte. Sie sagten, das würde seinen Charakter stärken. Ich begann zu bemerken, wie ängstlich Leon ständig war. Er knibbelte nervös an seinen Fingern. Seine Augen sahen immer so aus, als würde er darauf warten, dass jemand ihn anschreit. Eines Abends, nach einem Treffen im Kindergarten, hörte ich seine Lehrerin sagen, dass Leon soziale Schwierigkeiten habe. Auf der Heimfahrt hielten meine Eltern ihm eine endlose Standpauke darüber, dass er die Familie blamiere. Er saß still in seinem Kindersitz. Tränen liefen ihm über die Wangen. Ab diesem Tag wurde das Abendessen zum Albtraum. Leon durfte erst essen, wenn er perfekt aufsagen konnte, was sie an diesem Tag mit ihm geübt hatten. Manchmal saß er dort bis spät abends und sein Magen knurrte so laut, dass ich es oben in meinem Zimmer hören konnte. Dann brachte Leon eines Tages ein Zeugnis aus dem Kindergarten nach Hause. B plus, du bist brillant. Und meine Eltern rasteten aus. Sie stellten sich im Wohnzimmer vor ihn und schrien ihn an, dass er sich nicht einmal anstrenge. Leon stand einfach nur da, wie er starr, starrte auf den Boden und zitterte. In diesem Moment wusste ich, dass ich das nicht weiter zulassen konnte. Ich begann heimlich ihre Ausbrüche mit meinem Handy aufzunehmen. Ich fühlte mich schuldig dabei, als würde ich die einzige echte Familie verraten, die ich je hatte. Aber Leon brauchte Hilfe. Eines Nachmittags nach der Schule wählte ich mit zitternden Händen die Nummer des Kinderschutzes. Ich schilderte ihnen alles und sagte, dass ich Beweise hätte. Die Frau am Telefon versprach, sich sofort darum zu kümmern. Der Kinderschutz verlor keine Zeit. Nur zwei Tage später standen sie unangekündigt vor der Tür. Ich erinnere mich noch genau an diesen Moment. Leon stand am Küchentisch und hielt ein Blatt Papier mit seiner zittrigen Handschrift in der Hand. Meine Eltern ragten über ihm auf, zeigten wütend auf das Blatt, ihre Stimmen voller Frustration. Leon war blass und wirkte verängstigter als je zuvor. Die Mitarbeiter des Kinderschutzes kamen direkt in dieses Chaos hinein. Meine Eltern drehten sich erschrocken und beschämt um und versuchten alles zu erklären, aber der Kinderschutz hatte bereits genug gesehen. Eine Mitarbeiterin nahm Leon behutsam beiseite, bemerkte seinen verängstigten Blick und brachte ihn in einen leeren Raum, um mit ihm zu sprechen. Sie sammelten alles ein, was ich hatte, Videos, Notizen, sogar die strengen Entwicklungstabellen an der Küchenwand. Die Untersuchung zog sich nicht lange hin. Sie erkannten schnell, dass der emotionale Missbrauch schwerwiegend und andauernd war. Innerhalb weniger Wochen wurden Leon und ich beide aus ihrer Obhut genommen und gemeinsam in einer ruhigen Pflegefamilie untergebracht, wo er anfangen konnte zu heilen und sich von dem erlittenen Trauma zu erholen. Das Seltsamste an der ganzen Sache ist, dass meine Eltern mich während alldessen weiterhin genauso behandelten wie immer. Ich bekam weiterhin Liebe, Umarmungen, Küsse und jeden Abend eine heiße Schokolade.",UCYgqfRGlbTTGfMI082OP1OA,LevinLacht,999205,17897,66,0,2026-03-23T15:00:43Z,,,,,PT2M59S,179,2d,hd,false,rectangular,True,public,youtube,True,True,False,,[],[],23,de,de,"['https://en.wikipedia.org/wiki/Hobby', 'https://en.wikipedia.org/wiki/Lifestyle_(sociology)']",[],https://i.ytimg.com/vi/RgpaoDDQdsY/default.jpg,https://i.ytimg.com/vi/RgpaoDDQdsY/maxresdefault.jpg,,,,,,Nicho 3 (Histórias/Denso)
3CWK5DgQjBY,This Reddit Story Took an Unexpected Turn 😳 | Viral Reddit Stories,"Here’s a viral Reddit story that starts simple… but quickly takes an unexpected turn. Real experiences like this are why Reddit stories are so addictive to watch and listen to.

If you enjoy Reddit readings, storytime content, and viral internet stories, this one is for you.

Subscribe to Redfit Stories for more daily Reddit stories, Reddit readings, and trending content.

#reddit #reddit_tiktok #redditstories #redditreadings #fyp #storytime #viral #shorts","['reddit stories', 'reddit storytime', 'reddit tiktok', 'reddit readings', 'viral reddit story', 'trending reddit stories', 'reddit voiceover', 'reddit shorts', 'internet stories', 'reddit posts', 'redfit stories']","Our principal came to class and asked, ""Can I get all the girls to come outside with me?"" My girlfriend Aubrey looked at me confused as she gathered her things with the other girls in our class. ""What's going on?"" Oliver asked. ""No time to explain. Ladies, please follow me,"" Randall said, already walking away. 15 girls filed out in a line, leaving us 12 boys sitting there completely lost. ""That was weird,"" Tyler said. ""Maybe they're in trouble,"" Brad suggested. ""All of them? For what?"" We sat there for 10 minutes before I raised my hand. ""Can I use the bathroom?"" Mr. Peterson nodded and I slipped out. But instead of going to the bathroom, I crept toward the principal's office. I could hear Randall's voice through the door along with all the girls from our class. You're all very mature for your age, he was saying. I need you all to do something special for me, but we have to keep it a secret from everyone else. My stomach dropped. What the hell was he asking them to do? A security guard rounded the corner and I had to bolt back to class before hearing more. Something weird is happening. I told the guys when I got back. Randall said they're mature for their age and need to keep something secret. That sounds really bad, Oliver said. Should we tell someone? Tyler asked. Tell them what. We don't know anything yet. 30 minutes later, the girls returned to class completely silent. Aubrey wouldn't even look at me. You okay? I whispered to her. She nodded but kept staring at her desk. What happened in there? I can't talk about it. Why not? I'm supposed to keep it a secret. The other boys were getting the same responses from their girlfriends. Complete silence about what happened. Christina looked like she'd been crying. Amy kept touching her head. Jessica was unusually quiet. After class, I pulled Aubrey aside. Are you sure you're okay? I'm fine. Just processing. Processing what? I can't say yet. Later, I overheard Randall talking to Vice Principal Davis in the hallway. Those girls were great, man. Absolute sweethearts. I might ask them to come back for more. More what? I wondered out loud after they",UCrZFRS5ba2eVRGg5obt_U3w,Redfit Stories,987062,35737,291,0,2026-03-29T02:09:43Z,,,,,PT1M18S,78,2d,hd,false,rectangular,False,public,youtube,True,True,False,,[],[],24,en,en,[],[],https://i.ytimg.com/vi/3CWK5DgQjBY/default.jpg,https://i.ytimg.com/vi/3CWK5DgQjBY/maxresdefault.jpg,,,,,,Nicho 3 (Histórias/Denso)
9CRmiWxwV3s,🥺I Trusted My Parents… Until They Broke This Promise #redditstories #ytshorts #viral #trending #usa,"🥺I Trusted My Parents… Until They Broke This Promise....

#shorts #ytshorts #redditstories #newyork  #shorts #usashorts #viral #trending #trend 
#AskReddit #LearnOnTikTok #RedditStories #SatisfyingContent #RelaxingVibes #Storytime #FYP #WholesomeReddit #CalmingStories #ViralReddit reddit stories shorts #RedfitStories#trending#redditstories #usa  #redditstory #redditreadings @Requestedreads  @RedditRequested",[],"What is the biggest promise your parents broke? When I was 15, my parents went through one of the ugliest divorces imaginable. They couldn't even sit in the same room without fighting. My mom got custody and I'd visit my dad every other weekend. My dad had always been the fun parent. He took me to live shows, taught me guitar, and treated me more like a friend sometimes. My mom was the strict one. Homework first, responsibilities first. I loved them both, but music was our thing, so I felt closer to my dad. Then things started changing. During my junior year, dad started dating a woman named Melissa. At first, she seemed nice, but whenever I visited, she acted a little uncomfortable. She'd make small comments about how hard it was for dad to balance everything, and slowly our weekends started turning into their date nights instead. I tried not to complain because I wanted him to be happy, but something felt off. By senior year, my weekends with him started getting cancelceled. First, it was work, then Melissa's family plans, then random excuses. I told myself not to overreact. Parents move on, right? But the one thing I kept holding on to was graduation. Dad sat me down and promised he'd be there no matter what. He said nothing could stop him from watching me walk across that stage. We even planned dinner afterward, just the two of us. Graduation day comes. My mom is there along with her boyfriend, my grandparents, and even my aunt who flew in from another state. Everyone showed up except my dad. I kept checking my phone, hoping he was just late. I kept scanning the crowd. Nothing. I walked across the stage smiling for pictures, but inside it felt empty. After the ceremony, I finally got a text. Sorry, kiddo. Something came up with Melissa's son. We'll celebrate soon. Love you. Turns out he skipped my graduation for his stepson's soccer game. Just a regular weekend match. I didn't reply. I didn't know how to. And the worst part, after that, instead of trying to fix things, my dad just stopped reaching out altogether. No calls, no messages, nothing. like I just stopped being a priority.",UCsBpYZFFPeAN_aOobfPVeBg,True redditor,831034,0,78,0,2026-02-17T16:15:01Z,,New York,40.7127753,-74.0059728,PT1M16S,76,2d,hd,false,rectangular,False,public,youtube,True,True,False,,[],[],24,en-US,en-US,['https://en.wikipedia.org/wiki/Lifestyle_(sociology)'],[],https://i.ytimg.com/vi/9CRmiWxwV3s/default.jpg,https://i.ytimg.com/vi/9CRmiWxwV3s/maxresdefault.jpg,,,,,,Nicho 3 (Histórias/Denso)
UE9Zw3Co0ik,ELE SÓ QUERIA AJUDAR 😤😤 #historias #shorts,,[],"Essa é sua namorada? >> Por que está tirando fotos dela? Quem é você? >> Sou o Uber dela. >> Ufa, que alívio. Pensei que ela estivesse com outro. >> Ela tá com outro. >> Quê? >> Você conhece esse sujeito? >> Nunca vi na vida. Você precisa me ajudar, cara. >> Preciso ir. O sinal abriu. >> Espera aí. Me fala mais dela. Amor, onde você está? >> Tô ocupada. Por quê? >> Eu sei que você está no Uber e sei que não está sozinha. >> Como que você sabe disso? Tá me espionando? >> Não manda mensagem para ela, irmão. Estou espionando desconfiar. >> Mas eu preciso saber a verdade. Cadê você, mano? Você já saiu de novo? >> Me responde, como você sabe onde eu tô? >> Bom, foi só um chute. Na verdade, >> um chute muito certeiro. >> É que eu só tenho uma boa intuição. Você tá sozinha? Sim, só está eu e o motorista. >> Eu não consigo, não consigo segurar. >> Segurar o que, amor? >> Porque tem um garoto do seu lado. Quem é ele? >> Quem >> se segura nas massagens, maninho. Eu tô quase pegando ela no flagra. Me responde agora. >> Você acha que estou te traindo? >> Me fala logo. >> Eu estou muito chateada com você. >> Quem é? >> Ele é meu irmão. >> Você não tem irmão. >> Ele estava perdido, mas você não confia mais em mim. Acho que não quer ser mais meu namorado. >> Quê? >> É claro que eu quero. >> Você ainda gosta de mim? >> Claro que sim. Eu te amo. >> Não me diz isso. É só da boca para fora. Acho que devíamos terminar. >> Não faz isso, querida. Eu me enganei. Eu confio totalmente em você. >> Então paga meu Uber para provar a sua confiança. >> Me manda a chave Pix dele. >> Acabou, cara. Acabou para você, irmão. Ela é a minha namorada, a pessoa que eu mais confio e a que eu mais amo. >> Ela tá te traindo, cara? >> Não, ela não tá. Você está enganado. >> Ela tá beijando o cara na minha frente. >> Que >> eu queria te ajudar, só isso? >> Eu queria ajudar. E o que que você disse para mim? Ah! Ah.",UCGFp09BSN4BFTJDmvq1IlyA,Print do Zap,797276,46762,96,0,2026-03-06T20:45:31Z,,,,,PT1M14S,74,2d,hd,false,rectangular,False,public,youtube,True,True,False,,[],[],24,pt-BR,pt-BR,['https://en.wikipedia.org/wiki/Video_game_culture'],[],https://i.ytimg.com/vi/UE9Zw3Co0ik/default.jpg,https://i.ytimg.com/vi/UE9Zw3Co0ik/maxresdefault.jpg,,,,,,Nicho 3 (Histórias/Denso)
uQHLpVgR8UA,ELA É MALUCA 😭 #shorts #historinhas #engraçado,,[],"Cara, me desculpa, mano. Eu tava arrumando uns rolos com uma garota aqui, mas eu acabei de descobrir que ela é a sua. Ex. Cara, eu prometo que eu parei de falar com ela na mesma hora que ela me contou. Foi mal, cara. Não era a minha intenção. >> Relaxa, mano. Eu literalmente tô nem aí. Ha, mas só por curiosidade, qual das minhas é essa mina? A Luía da turma 302 ou a Gabriela da nossa turma? Porque se for a Gabriela, por favor, fala para ela que eu mudei e que eu não bato mais em qualquer morador de rua que eu vejo por aí. Ah, não é nenhuma dessas duas, mano. O nome dela é Isabela. >> Isabela? A Isabela Carvalho. Cara, você tá ferrado. >> Ferrado? Por que ferrado? Ela é ma gostosa, cara. >> Não, eu entendo, mano. Ela realmente é muito bonita, mas não é sobre isso o problema. Ela tem uns problemas mentais sérios, cara. Tipo, muito sérios mesmo. Eu tive que mudar de cidade umas três vezes para fugir dela e solicitar umas quatro medidas protetivas de seis meses cada e isso meio que nem ajudou muito. Até esse dia eu ainda não entendi como que eu consegui fugir dela. >> Calma por um segundo. Vamos por partes. Fugir. Ela é algum tipo de serial killer, porque ela tá sendo muito de boa comigo todo esse tempo. Tipo, todas as outras meninas que eu namorei sempre queriam que eu respondesse à mensagens delas em 5 minutos e mandar a minha localização. Mas essa Isabela não se importou com nada disso até agora. >> Cara, você é muito inocente. Ela já tem tudo isso. Deixa eu adivinhar. Deve ter um jeep blindado estacionado na casa do seu vizinho com os vidros 100% escuros. Se eu não me engano, a placa desse carro começa com J. E se ela uma vez foi na sua casa, ela provavelmente deve ter deixado um celular velho dentro, sem senha e nenhum aplicativo instalado. Mas quando você falou para ela que você iria devolver, ela falou: ""Não se preocupa, é um presente"". É porque ela tem uma câmera secreta dentro do celular. Essa Isabela é uma maluca e você só não sabe disso porque você ainda tem que trair ela. E o termo trair para ela é diferente do que a maioria das pessoas acha. Por exemplo, para mim foi ir em um jantar com algumas mulheres. Detalhe, essas mulheres eram a minha mãe e as amigas dela, todas tendo uns 30 anos a mais do que eu. mano. Ela realmente é maluca, então. Mas você mencionou escapar, não é, mano? O que que eu posso fazer nessa situação? >> Beleza, escuta bem. Sabe aquela câmera no celular que eu te falei? >> Sim, mano. Eu vou destruir aquele celular agora. >> Não, cara. Se você fizer isso, a sua raça acaba. Ao invés disso, pega algum computador que você tenha e aponta a entrada do carregador do celular pra tela do computador, que é onde fica a câmera, e pesquisa as piores coisas que você pode imaginar. Tipo, por que que eu sou precoce? Ou como eu falo pra minha família que eu sou gay? algumas coisas nesse e quando ela ver isso, ela vai perder o interesse em você e vai te bloquear na hora.",UClsV3HLX_fEocmzCgC3xasg,Dot Textos,774127,39483,62,0,2026-03-19T23:02:29Z,,,,,PT1M46S,106,2d,hd,false,rectangular,True,public,youtube,True,True,False,,[],[],24,pt,pt-PT,['https://en.wikipedia.org/wiki/Lifestyle_(sociology)'],[],https://i.ytimg.com/vi/uQHLpVgR8UA/default.jpg,https://i.ytimg.com/vi/uQHLpVgR8UA/maxresdefault.jpg,,,,,,Nicho 3 (Histórias/Denso)
DkW9LCEWpXs,My sister announced my pregnancy at my wedding reception #shorts,"Background vid: @/cedricgrolet
#shorts #redditstories #aitareddit #redditrelationship","['reddit stories', 'reddit story']","My sister announced my pregnancy at my wedding reception, so I announced her divorce at her baby shower. She waited until the exact moment my husband and I were cutting the cake to grab the DJ's microphone and scream, ""Everyone, the bride is having a baby."" The entire reception fell silent before erupting into confused whispers. I was only 6 weeks pregnant and hadn't even told my own parents yet. My sister, Maya, knew this because I'd sworn her to secrecy just 3 days earlier when she caught me throwing up in the bridal suite bathroom. The timing couldn't have been worse. My husband's ultra religious grandmother had already been giving us disapproving looks all evening, clearly doing the math on our six-month engagement. Now she was clutching her pearls and whispering furiously to anyone who would listen. My new mother-in-law's face went completely white as relatives started approaching us with awkward congratulations mixed with obvious judgment. Maya stood there basking in the attention, going on about how she just couldn't contain her excitement about becoming an aunt. She kept saying how this made the wedding even more magical and how she was adding a blessing to the celebration. When I pulled her aside and told her she'd completely ruined our announcement plans, she laughed and said I was being ungrateful. ""I made your boring wedding actually interesting,"" she said with a smirk. This wasn't Maya's first time stealing someone's thunder. She'd announced her engagement at our grandmother's funeral reception 2 years ago, claiming she needed something positive to share during such a sad time. She'd also revealed our cousin's adoption plans at Christmas dinner before they were ready to tell the family. Maya had a pattern of hijacking other people's moments and somehow making herself the victim when confronted. The worst part was losing the baby 2 weeks into our honeymoon. What should have been a private grief became a public spectacle as I had to explain to dozens of relatives who'd been congratulating us on social media. Maya's response when I told her, ""Well, at least everyone got to celebrate while they could. She never even apologized. 6 months later, I started noticing cracks in Maya's perfect marriage. Her husband, Dererick, had stopped coming to family events, and she always had elaborate excuses about his work schedule. She'd post these over-the-top happy couple photos on Instagram. But I noticed Dererick never liked or commented on any of them anymore. My friend Jessica, who works at Dererick's law firm, mentioned seeing him apartment hunting downtown and having lunch dates with his parillegal. When Maya announced her pregnancy at our monthly family dinner, she made this huge production with custom announcement cards and a professional photo shoot. She scheduled her baby shower for 8 weeks later and invited everyone we knew. She kept making little digs about how she was doing pregnancy announcements the right way and how some people just don't know how to share joy properly. The day of her shower, I played the perfect supportive sister. I arrived early with an expensive gift, helped set up decorations, and smiled through all her passive aggressive comments about my sensitivity issues. Maya gave this long speech about new chapters and fresh starts. Clearly loving every second of being the center of attention. That's when I stood up with my champagne glass. I'd like to make a toast to Maya and all her fresh starts. Speaking of new chapters, let's also celebrate Derrick finally moving out last month. Since you believe in sharing everyone's important news without permission, I thought everyone should know he's been living with his parillegal for 3 weeks now. The divorce papers were filed yesterday. The room went dead silent. Maya's face turned bright red, then completely pale. Her mouth opened and closed like a fish as her friends stared in shock. She finally screamed that I was a monster who destroyed her special day. Maya blocked me on everything, but at least she learned that stealing someone's moment always comes back",UCrWlMXUjKCGSXG2PRDSgw5Q,Bunny Reads,699182,29362,149,0,2026-03-20T14:24:40Z,,,,,PT2M46S,166,2d,hd,false,rectangular,False,public,youtube,True,True,False,,[],[],22,en-US,en-US,"['https://en.wikipedia.org/wiki/Food', 'https://en.wikipedia.org/wiki/Lifestyle_(sociology)']",[],https://i.ytimg.com/vi/DkW9LCEWpXs/default.jpg,https://i.ytimg.com/vi/DkW9LCEWpXs/maxresdefault.jpg,,,,,,Nicho 3 (Histórias/Denso)
0Uu-vkZYps4,Meine SCHWESTER ist in meinen MANN verknallt! #shorts #redditstories #satisfying #geschichten,Meine SCHWESTER ist in meinen MANN verknallt! #shorts #redditstories #satisfying #geschichten,[],"Meine kleine Schwester war in meinen Mann verknallt, aber was sie nicht wusste ist, dass er wahnsinnig verliebt ist. Seit ich ihn vor zwei Jahren geheiratet habe, läuft Ariana Kevin hinterher wie ein verlorenes Hündchen. Sie klimpert mit den Wimpern, taucht zufällig überall dort auf, wo wir sind, trägt seine Lieblingsfarbe blau, fragt ihn nach seinen Hobbys. Das ganze verzweifelte Programm das Familientreffen unangenehm macht. Am Anfang wirte es noch harmlos. Bei Familienessen setzte sie sich neben ihn statt neben mich, kommentierte alle seine Instagram Posts mit Herzaugen Emojis, bat ihn ihr grundlegende Dinge zu erklären, wie einen Reifen zu wechseln oder einen tropfenden Wasserharn zu reparieren. Sachen, die sie definitiv selbst konnte. Mama fand es süß, dass Ariana sich mit ihrem Schwager anfreundete. Papa war ahnungslos. Aber ich sah genau, was da lief. Ariana war schon immer konkurrenzorientiert mir gegenüber, seit wir Kinder waren. Als ich zum College angenommen wurde, wollte sie plötzlich auf dieselbe Uni. Als ich in der Highchool meinen ersten Freund hatte, verbrachte sie Monate damit, seine Aufmerksamkeit zu bekommen. In den letzten sechs Monaten wurde es richtig grenzwertig. Sie schrieb Kevin direkt wegen Notfällen, die angeblich erforderten, dass er vorbeikommt, während ich bei der Arbeit war. Letzten Monat rief sie weinend wegen eines Einbruchs an, der sich als ihre Katze entpuppte, die eine Pflanze umgestoßen hatte. Einen Monat davor behauptete sie, ihr Auto würde auf einem Parkplatz nicht anspringen. Als er dort ankam, startete es einwandfrei. Kevin blieb immer höflich, weil er ein guter Mensch ist, aber ich merkte, dass es ihm unangenehm wurde. Er zeigte mir danach die Nachrichten, verdrehte die Augen, machte Witze über ihre Verzweiflung, wollte aber nie grob sein, weil sie Familie ist. Sie ist jung und versteht Grenzen nicht. Das wächst sich aus, sagte er. Aber Ariana ist 23, nicht 13. Sie weiß genau, was sie tut. Letztes Wochenende ist sie komplett ausgerastet. Samstagmorgen um 9 Uhr stand plötzlich vor der Tür in einem winzigen weißen Sommerkleid, voll geschminkt, die Haare wie für ein Fotoshooting gestylt. ""Angeblich brauchte sie Kevin, um schwere Möbel zu verrücken. ""Ich bin einfach so schwach und hilflos"", schmolte sie und spannte dabei ihre Crossfit Arme an. ""Ich brauche einen großen starken Mann."" Ich war oben und machte Wäsche, konnte aber durch die Lüftungsschächte alles hören. Normalerweise hätte ich Kevin aus der peinlichen Situation gerettet, aber irgendetwas hielt mich zurück. Vielleicht wollte ich sehen, wie weit sie gehen würde. ""Oh mein Gott, Kevin, du bist so muskulös"", kicherte sie und berührte eindeutig seinen Arm. ""Trainierst du jeden Tag? Ich wette, du könntest mich mit einer Hand hochheben. Willst du es ausprobieren?"" Ich verdrehte die Augen. Dieses Mädchen hatte null Schamgefühl. Ich faltete weiter die Wäsche und wartete auf Kevins höfliche Ausweichreaktion. Stattdessen hörte ich ihn sagen: ""Im Ernst, Ariana, darf ich dir etwas Wichtiges sagen?"" Mir rutschte das Herz in die Hose. ""Oh Gott, jetzt geht's los."" Zwei Jahre ehe den Bach runter, weil meine Schwester ihre Finger nicht bei sich behalten kann. Natürlich zwitcherte sie. ""Du kannst mir alles sagen, Kevin. Du musst dieses Verhalten sofort einstellen."" ""Moment."" Was einstellen? Was? Das flirten, das ständige Schreiben, die fingierten Notfälle, die aufreizenden Outfits. Das hört jetzt alles auf. ""Ich weiß nicht, wovon du sprichst."" Doch weißt du"", unterbrach er sie mit tödlichem Ernst in der Stimme. ""Deine Schwester ist die einzige Frau, die ich je geliebt habe oder jemals lieben werde und zwar auf einem fast schon beängstigenden, besessenen Level. Ich sehe andere Frauen buchstäblich nicht als romantische Möglichkeiten. Mein Gehirn registriert sie nicht als Option."" Unten herrscht der absolute Stelle. Wenn deine Schwester einen Raum betritt, wird für mich jeder andere unsichtbar. Auch du? Ich weiß, das klingt hart, aber du musst es verstehen. Es gibt null Chance für irgendetwas zwischen uns. Nicht 1%. Niemals. Ich schlich zur Treppe und hielt kaum den Atem an. Arianas Stimme wurde schrill. Aber ich bin fünf Jahre jünger. Ich bin hübscher. Ich habe einen besseren Körper. Es wäre mir egal, wenn du ein Supermodel wärst. Meine Frau könnte 90 kg zunehmen, ihre Haare verlieren, voller Narben sein und ich würde sie ohne zu zögern immer noch jedem Menschen auf diesem Planeten vorziehen. Das ist nicht normal, Kevin. Das ist besessen. Ja, wahrscheinlich. Und diese Besessenheit ist für mich vollkommen in Ordnung, wenn es um meine Frau geht. Ich hörte, wie Arianas Absätze hektisch Richtung Tür klackten. ""Das ist noch nicht vorbei"", zischte sie. Doch absolut. Und Ariana, wenn du weiter damit machst, erzähle ich deiner Schwester alles einschließlich der Fotos, die du mir letzten Monat geschickt hast und die ich sofort gelöscht habe.",UCYgqfRGlbTTGfMI082OP1OA,LevinLacht,740448,17944,53,0,2026-02-22T11:00:02Z,,,,,PT3M,180,2d,hd,false,rectangular,True,public,youtube,True,True,False,,[],[],23,de,de,['https://en.wikipedia.org/wiki/Lifestyle_(sociology)'],[],https://i.ytimg.com/vi/0Uu-vkZYps4/default.jpg,https://i.ytimg.com/vi/0Uu-vkZYps4/maxresdefault.jpg,,,,,,Nicho 3 (Histórias/Denso)
nVKgQ12O5uc,O QUE PODERIA DAR ERRADO... 🙄🙄 #historias #shorts,,[],"O que acha de minha fantasia, amor? >> Eu gostei. Você caprichou. Vai combinar com o tema. Agora avale a minha. Eu sei que não é de desenho, mas ficou ótima em mim. >> Olha, vou ser sincero, a fantasia ficou muito boa, mas tá um pouco reveladora demais. Nós vamos para uma festa infantil. O menino que eu cuido só tem amigos de 10 anos. >> Sério? Só vai ter crianças? Achei que o Laércio ia na festa. >> Ele vai pra festa. Seu ex é irmão de um dos amigos do garoto. É justamente por isso que essa fantasia é imprópria. >> Na verdade, amor, eu e ele vamos combinando. Nós dois estaremos de policiais. Ele que escolheu minha fantasia. >> Como é que é? Você anda falando com ele? Você não tinha o bloqueado? Sim, eu bloqueei, mas depois pensei melhor. Resolvi mandar um oi. Uma coisa levou a outra e viramos amigos de novo. Ele até me chamou para outra festa depois. E, por incrível que pareça, vai ser no mesmo clube que nos beijamos pela primeira vez. Legal, né? Eu perguntei se você podia ir, mas ele disse que já tá lotado, então não vai ter como. Mas você não se importa, né? >> Imagina. Claro que não. Você sozinha em uma festa com seu ex fantasiada assim, o que pode dar errado, né? >> Obrigada, amor. Sabia que você entenderia. >> E aí, carinha? Beleza? Tô chegando na festa já. Só quero te perguntar uma coisa. Tem como trazer sua irmã mais velha hoje? Aquela que acabou de voltar da Inglaterra e disse que eu era bonitinho? >> Se você deixar eu experimentar cerveja, eu trago ela agora. fechad.",UCGFp09BSN4BFTJDmvq1IlyA,Print do Zap,731617,38673,161,0,2026-03-07T19:00:24Z,,,,,PT58S,58,2d,hd,false,rectangular,False,public,youtube,True,True,False,,[],[],24,pt-BR,pt-BR,"['https://en.wikipedia.org/wiki/Action-adventure_game', 'https://en.wikipedia.org/wiki/Role-playing_video_game', 'https://en.wikipedia.org/wiki/Video_game_culture']",[],https://i.ytimg.com/vi/nVKgQ12O5uc/default.jpg,https://i.ytimg.com/vi/nVKgQ12O5uc/maxresdefault.jpg,,,,,,Nicho 3 (Histórias/Denso)
ywYBRejn1wk,Mein CRUSH hat meine Getränke falsch gemacht! #shorts #redditstories #satisfying #geschichten,Mein CRUSH hat meine Getränke falsch gemacht! #shorts #redditstories #satisfying #geschichten,[],"Mein Crush im Kaffee hat ständig meine Bestellung falsch gemacht, also fing ich an die seltsamsten Getränke überhaupt zu bestellen. Zwei Monate lang hat Daniel der Barista meine einfache Vanilleel Lattebellung komplett ruiniert. Am Montag reichte er mir etwas, das nach verbranntem Gummi mit einem Klex Traurigkeit schmeckte. Am Dienstag bekam ich nur reinen Milchschaum im Becher, als hätte er vergessen, dass eigentlich auch Kaffee dazu gehört. Aber hier ist der Punkt. Daniel hatte dieses Lächeln, dass eine ganze Kleinstadt mit Strom versorgen könnte und warme braune Augen, bei denen meine Knie vergaßen, wie man richtig funktioniert. Also ging ich trotz koffeinhaltiger Enttäuschung jeden einzelnen Morgen weiterhin. Meine beste Freundin Maja beobachtete dieses tragische Ritual wochenlang, bevor sie bei Wein und Takeout eine Intervention startete. ""Girl, du bist viel zu nachsichtig mit ihm"", sagte sie. ""Lass ihn mal wirklich arbeiten. Bestell etwas so kompliziertes, dass er sich konzentrieren muss."" Am nächsten Morgen marschierte ich mit neuem Selbstbewusstsein zur Theke. Daniel schenkte mir dieses umwerfende Lächeln und ich war kurz davor zu kneifen, aber Mayas Stimme halte in meinem Kopf, als ich mich räusperte. Ein Lavendelcortado mit Hafermilch, halber Süße und einem Hauch Vanille, verkündete ich und versuchte lässig zu klingen. Daniels Augen wurden groß. 10 Sekunden lang starrte er mich an, dann nickte er langsam und verschwand hinter der Espressomaschine. 15 Minuten später kam er wieder hervor, leicht traumatisiert wirkend, aber triumphierend und schob eine perfekte Lavendelkreation über den Tresen. Ich nahm einen Schluck und wäre fast umgekippt. Es war absolut makellos, cremig, aromatisch mit genau der richtigen Note floraler Süße. ""Das ist unglaublich"", sagte ich ehrlich schockiert. Er strahlte, als hätte ich ihm gerade gesagt, er habe im Lotto gewonnen. Am nächsten Tag beflügelt vom Erfolg legte ich noch einen drauf. Ein eisgekühlter Brown Sugar Cinnamon Dolche Latte mit Kokossahne und einer Prise mehrz. Wieder dieser Reh im Scheinwerferlichtblick und wieder absolute Perfektion serviert mit einer Portion nervösem Stolz. In Woche 3 hatte ich eindeutig zu viel Spaß. Ich bestellte Getränke, die es in keiner bekannten Kaffekultur geben dürfte. Jedes Mal zog Daniel die Stirnkraus, als würde er antike Hieroglyphen entschlüsseln, verschwand im Hinterraum und tauchte 20 Minuten später mit genau dem Geschmack wieder auf, den ich mir für diese Fantasiegetränke vorgestellt hatte. Es war als hätte er eine magische Kaffeeintuition, die nur unter Druck aktiviert wurde. Andere Gäste begannen sich zu versammeln, um meine morgendlichen Bestellungen wie eine Performance Kunstshow zu beobachten. Ava nahm Wetten an, ob Daniel meine neueste absurde Kreation hinbekommen würde. Der Stammgast, der jeden Tag schwarzen Kaffee bestellte, sagte irgendwann nur noch, ich nehme, was sie nimmt, einfach um zu sehen, was passiert. Am Freitag morgen kam ich mit meiner üblichen nervösen Vorfreude herein, bereit Daniel mit meiner neuesten unmöglichen Idee herauszufordern. Doch bevor ich den Mund öffnen konnte, beugte er sich mit diesem herztstolpernden Lächeln über den Tresen. ""Lass mich raten"", sagte er mit schelmisch funkelnden Augen. ""Irgendwas mit Kaderom und Hafermilch, das klingt als gehöre es in ein Märchenkochbuch."" Ich lachte völlig überrumpelt. Okay, ich muss fragen. Wie schaffst du es immer, diese unmöglichen Bestellungen perfekt hinzubekommen, nachdem du zwei Monate lang meinen simplen Vanillelatte in ein Verbrechen gegen den Kaffee verwandelt hast? Seine Wangen nahmen den süßesten Rosaton an und er begann nervös an den Bändern seiner Schürze zu zupfen. ""Versprich mir, dass du mich nicht für eine komplette menschliche Katastrophe hältst."" Ich nickte und beugte mich verschwörerisch vor. ""Ich kann Vanilleelattes ganz normal zubereiten"", gab er zu. Seine Stimme sank zu einem verlegenen Flüstern. ""Ich mache das seit drei Jahren, aber jedes Mal, wenn du hier mit diesem Lächeln reingekommen bist, hat mein Gehirn einfach abgeschaltet. Ich habe vergessen, wie man sich wie ein normaler Mensch verhält. Meine Hände haben gezittert. Ich habe die Sirups verwechselt und irgendwie sind diese Kaffeeabscheuligkeiten entstanden, die mich nachts verfolgt haben. Er machte eine Pause und holte Zitrick Luft. Aber als du angefangen hast, diese verrückt komplizierten Getränke zu bestellen, musste ich mich so sehr konzentrieren, dass ich vergessen habe, nervös zu sein. Und es stellt sich heraus, wenn ich keinen kompletten emotionalen Zusammenbruch habe, bin ich eigentlich ziemlich gut in meinem Job. Mein Herz machte in meiner Brust Saltos, als er unter den Tresen griff und den schönsten Vanillelatte hervorholte, den ich je gesehen hatte, mit kunstvoller Latteart, die verdächtig nach einer Telefonnummer aussah. ""Vielleicht"", sagte er und schob ihn mit zitternden Fingern zu mir herüber. Könnten wir ja irgendwann mal zusammen eine Dinnerbestellung vermasseln.",UCYgqfRGlbTTGfMI082OP1OA,LevinLacht,707546,17906,49,0,2026-02-21T07:00:52Z,,,,,PT2M59S,179,2d,hd,false,rectangular,True,public,youtube,True,True,False,,[],[],23,de,de,['https://en.wikipedia.org/wiki/Lifestyle_(sociology)'],[],https://i.ytimg.com/vi/ywYBRejn1wk/default.jpg,https://i.ytimg.com/vi/ywYBRejn1wk/maxresdefault.jpg,,,,,,Nicho 3 (Histórias/Denso)
S6JlzTTKoUI,Mein FREUND sagte wir sind kein PAAR! #shorts #redditstories #satisfying #geschichten,Mein FREUND sagte wir sind kein PAAR! #shorts #redditstories #satisfying #geschichten,[],"Mein Nichtfreund sagte, wir wären kein paar, also stellte ich ihm meinen tatsächlichen Freund vor. 8 Monate lang hat Sanne sich in jeder Hinsicht wie mein Freund verhalten. Wir trafen uns viermal die Woche. Er übernachtete ständig bei mir, hatte sogar eine eigene Schublade in meiner Wohnung. Auf Partys wurde er sichtbar eifersüchtig, wenn andere Männer mit mir redeten, fand immer einen Vorwand, Gespräche zu unterbrechen oder mich wegzuziehen. Er brachte mir einfach so Blumen mit, kannte meine Kaffeebestellung perfekt und wir verbrachten ganze Wochenenden zusammen. Serienmarathons gemeinsam kochen wie ein echtes Paar. Meine Freunde gingen selbstverständlich davon aus, dass wir zusammen sind. Meine Familie lut ihn zu Grillabenden ein. Sogar seine Mutter fragte am Telefon nach seiner Freundin, aber wann immer uns jemand direkt fragte, ob wir zusammen sein, lachte Sean es unbeholfen weg. Oh nein, wir sind nur richtig gute Freunde. Ich bin gerade nicht bereit für etwas Ernstes. Es tat jedes einzelne Mal weh. Trotzdem hoffte ich immer noch, dass er es sich anders überlegen würde. Vielleicht dachte ich, braucht er einfach mehr Zeit, um sich mit einem Label wohl zu fühlen. Letzten Freitag änderte sich alles. Wir waren auf Kelseys Geburtstagsparty und eine Kollegin von ihm, Alexis, tauchte auf. Sie flirtete den ganzen Abend ganz offensichtlich mit ihm, berührte seinen Arm, lachte viel zu laut über seine Witze. Schließlich musterte sie mich von oben bis unten und fragte direkt: ""Also, bist du seine Freundin oder was?"" Ohne zu zögern, sagte Sanfort. Oh nein, wir sind definitiv nicht zusammen. Ich bin komplett singel eigentlich. Er trat sogar ein kleines Stück von mir weg, als er das sagte. Die Demütigung traf mich wie ein Schlag. Alle in Hörweite starten uns an. Kelsiy sah aus, als würde sie sich fremd schämen. Ich spürte, wie meine Wangen vor Peinlichkeit brannten, aber statt wegzurennen und zu weinen, wie ich es eigentlich wollte, klickte etwas in mir. Ich hatte es satt, seine bequeme Zwischenlösung zu sein. Ich lächelte süß und sagte: ""Du hast absolut recht, wir sind nicht zusammen. Eigentlich holt mich mein richtiger Freund in ungefähr 10 Minuten ab. Ich sollte vielleicht schon mal draußen auf ihn warten."" Sanbstsicheres Lächeln verschwand. ""Moment, was für ein Freund?"" Ach, du weißt schon, Niicholas aus meinem Yogakurs. Wir sind seit drei Wochen offiziell zusammen. Da wir ja nur Freunde sind und du komplett Single bist, dachte ich, das stört dich bestimmt nicht. Die Farbe wich aus seinem Gesicht. Drei Wochen. Aber wir wir haben doch Dienstagabend was zusammen gemacht. Ja, als Freunde, wie du gesagt hast. Ich zog mein Handy heraus und begann zu tippen. Ich sag ihm kurz, dass ich bereit bin. Wie bestellt und nicht abgeholt, kam Nikolas durch die Haustür. Ich hatte ihm 20 Minuten zuvorgeschrieben und gefragt, ob er mich abholen und bei etwas mitspielen könnte. Wir waren tatsächlich ein paar mal locker miteinander ausgegangen, also war es nicht komplett erfunden. Ich griff nach seiner Hand und sagte laut genug für alle: ""Hey Schatz, perfektes Timing. Bereit?"" Nicholas? leicht verwirrt, aber sofort verstehend lächelte und küsste meine Wange. ""Für dich immer schöne."" San stand da mit buchstäblich offenem Mund, während ich Nicholas allen als meinen Freund vorstellte. Alexis schaute peinlich berührt zwischen uns hin und her und bereute ihre Frage sichtlich. Als wir Richtung Tür gingen, packte Zan meinen Arm. ""Warte, können wir kurz unter vier Augen reden?"" Ich schaute auf seine Hand an meinem Arm, dann zu Nikolas. ""Tut mir leid, aber mein Freund und ich haben eine Tischreservierung. Vielleicht können wir später mal als Freunde reden."" Nikolas legte beschützend den Arm um meine Teilie. ""Ist hier alles okay?"" ""Alles perfekt"", sagte ich und sah San direkt an. ""Ich verabschiede mich nur von meinem Freund."" Wir ließen San sprachlos zurück, während um ihn herum getuschelt wurde. Noch bevor wir Nicholas Auto erreichten, begann mein Handy zu vibrieren. Nachricht nach Nachricht von Sane. Was zur Hölle war das? Seit wann datest du ihn? Ich dachte, wir hätten etwas Besonderes. Können wir bitte darüber reden? Am nächsten Morgen kamen noch mehr Nachrichten. Ich habe die ganze Nacht nachgedacht und gemerkt, dass ich einen Fehler gemacht habe. Ich will mit dir zusammen sein. Ich hatte nur Angst vor einer festen Bindung, aber jetzt bin ich bereit. Bitte wirf nicht weg, was wir haben wegen irgendeinem Typen. Drei Tage lang rief und schrieb er ununterbrochen. Plötzlich wollte er definieren, was wir sind und alles offiziell machen. Er schickte Blumen zu meiner Arbeit mit einer Karte. Ich will dein richtiger Freund sein. Es war fast schon komisch, wie schnell jemand seine Gefühle entdecken kann, wenn er merkt, dass man nicht ewig als Ersatzoption wartet. Ses Reaktion ließ mich erkennen, dass ich jemanden verdiene, der vom ersten Tag an Stolz ist, mich seine Freundin zu nennen und nicht erst nach 8 Monaten, in denen er mich wie ein Geheimnis behandelt hat. Manchmal muss man Menschen zeigen, was sie verlieren, damit sie verstehen, was sie wirklich hatten.",UCYgqfRGlbTTGfMI082OP1OA,LevinLacht,605226,13187,28,0,2026-02-21T15:00:42Z,,,,,PT2M57S,177,2d,hd,false,rectangular,True,public,youtube,True,True,False,,[],[],23,de,de,['https://en.wikipedia.org/wiki/Lifestyle_(sociology)'],[],https://i.ytimg.com/vi/S6JlzTTKoUI/default.jpg,https://i.ytimg.com/vi/S6JlzTTKoUI/maxresdefault.jpg,,,,,,Nicho 3 (Histórias/Denso)
GRl6rgFNWI8,Während unserer Scheidung grinste meine Frau! #shorts #redditstories #satisfying #storytime,Während unserer Scheidung grinste meine Frau! #shorts #redditstories #satisfying #storytime,[],"Während unserer Scheidungsverhandlung grinste meine Frau Hönnisch und sagte: ""Ich nehme 70% von deinen Millionen. Einschließlich des Erbes deines Vaters."" Im Gerichtssal wurde es laut, bis ich aufstand, dem Richter ein freiseitiges Dokument überreichte und sagte: ""Schauen Sie noch mal."" Der Richter sah meine Frau an und brach im Gelächter aus. ""Ich heiße James."" Vor drei Monaten habe ich meine Frau Lauren dabei erwischt, wie sie mich mit ihrem Yogalehrer betrog. Sie reichte sofort die Scheidung ein, überzeugt davon, den Jackpot geknackt zu haben. Schließlich waren wir f Jahre verheiratet. Lauren stolzierte selbstbewusst in den Gerichtssal in Phoenix, trug ein 2000 € Kleid, das ich ihr gekauft hatte und war sich ihres Sieges sicher. Ihr Anwalt kalkulierte bereits seine Provision auf eine angebliche Auszahlung von 4 Millionen Euro aus meinem Bauernehmen und dem Erbe meines Vaters. Der Gerichtssal war voll. Lauren hatte sogar Freundinnen eingeladen, um sich anzusehen, was sie James Abrechnung nannte. Seit Wochen erzählte sie jedem, sie werde bald unabhängig und wohlhabend sein. ""Euer Ehren"", begann ihr Anwalt und rückte seine teure Krawatte zurecht. Frau Peterson steht eine erhebliche Entschädigung zu, da sie während der fünfjährigen Ehe die berufliche Entwicklung ihres Mannes unterstützt hat. Lauren zwinkerte mir quer durch den Saal zu. Sie hielt mich für einen gebrochenen Mann, der einfach zahlen würde. Ihre Freundinnen grinsten erwartungsvoll. Doch was Lauren nicht wusste, sechs Monate bevor ich sie beim Fremdgehen erwischte, waren mir seltsame Abbuchungen auf unserer gemeinsamen Kreditkarte aufgefallen. Teure Abendessen in Restaurants, in denen ich nie gewesen war, Hotelzimmer während angeblicher Mädelsurlaube, die keinen Sinn ergaben. Designer Desu, die nie zu Hause ankam. Der entscheidende Moment war eine Abbuchung über 800 € in einem Juweliergeschäft in der Innenstadt. Als ich Lauren darauf ansprach, behauptete sie, sie habe sich selbst ein Geburtstagsgeschenk gekauft. Nur war ihr Geburtstag erst vier Monate später. Also engagierte ich einen Privatdetektiv namens Frank, die besten 5000 € die ich je ausgegeben habe. Frank observierte Lauren se Wochen lang. Was er herausfand, war schlimmer als ich erwartet hatte. Der Yogalehrer war nur der jüngste in einer langen Reihe von Affären. Es gab auch ihren Personal Trainer, einen Barkeeper aus ihrem Lieblingsraurant und sogar einen meiner eigenen Geschäftspartner. Lauren hatte unsere gemeinsamen Konten genutzt, um diese Beziehungen zu finanzieren. Teure Geschenke, romantische Kurzrips, sogar Fitnessstudio Mitgliedschaften für ihre Affären. In zwei Jahren hatte sie fast 50.000 € unseres Geldes ausgegeben. Das zweiseitige Dokument, das ich dem Richter übergab, war kein einfacher Kontoauszug. Es war Frank detaillierter Ermittlungsbericht mit datierten Fotos, Hotelrechnungen, Restaurantbelegen und Screenshots eindeutiger Nachrichten, die belegten, dass Lauren seit über zwei Jahren mehrere Affären hatte. Ehebruch allein verhindert nicht automatisch Unterhaltszahlungen, aber wenn jemand systematisch eherliches Vermögen verschwendet, um Affären zu finanzieren, ist das etwas anderes. Das gilt als Verschwendung eherlicher Vermögenswerte und das hat Gewicht vor Gericht. Der Richter las die erste Seite langsam, seine Augenbrauen hoben sich mit jeder Zeile. Er blätterte zur zweiten Seite, betrachtete die Fotos und begann so laut zu lachen, dass ihm fast die Brille herunterfiel. ""Frau Peterson"", sagte er schließlich, ""se bekommen aus dieser Scheidung nicht nur nichts. Gemäß dieser Beweise schulden sie ihrem Ehemann 47 000 € wegen systematischen Missbrauchs eherlicher Gelder."" Lawrens Gesicht wechselte innerhalb weniger Sekunden von Selbstzufrieden zu verwirrt zu entsetzt. Ihre Freundinnen flüsterten hektisch, eine stand sogar auf und verließ den Saal. Ihr Anwalt begann sofort seinen Aktenkoffer zu packen. Aus einem vermeintlichen Millionenfall war gerade ein beruflicher Albtraum geworden. Darüber hinaus, fuhr der Richter fort, wird Frau Peterson aufgrund der umfassenden Dokumentation finanziellen Fehlverhaltens sämtliche Anwaltskosten beider Parteien tragen. Weitere 23 000 €. Als wir den Gerichtsal verließen, hörte ich Lauren Panisch ins Telefon sagen: ""Mama, ich muss wieder bei euch einziehen. Kannst du mir Geld leihen?"" Doch die Geschichte war noch nicht vorbei. Drei Wochen später rief mich Frank erneut an. Einer von Laurens Affärenpartnern war ebenfalls verheiratet und dessen Ehefrau hatte die Gerichtsunterlagen online gefunden. Sie reichte ebenfalls die Scheidung ein und nutzte meine Beweise für ihren eigenen Fall. Der Yogalehrer verlor sein Studio, nachdem seine Frau die Hälfte seines Vermögens erhielt. Der Barkeeper wurde entlassen, als sein Chef erfuhr, dass er betriebliche Ressourcen für seine Affären genutzt hatte. Mein ehemaliger Geschäftspartner musste seiner Familie erklären, warum er plötzlich in einen Skandal verwickelt war. Letzten Monat versuchte Lauren mich anzurufen. Weinend erzählte sie, ihr Leben sei auseinandergefallen. Sie bat mich ihr beim Zurückzahlen der Schulden zu helfen und behauptete, sie habe ihre Lektion gelernt. Ich sagte ihr nur das, was sie damals zu mir gesagt hatte. Du hast dir dein Bett gemacht, jetzt leg dich hinein. Und diese 800 € vom Juwelier, die alles ins Rollen brachten. Ich fand heraus, wofür sie waren. Ein Verlobungsring. Lauren hatte die ganze Zeit geplant, mich für den Yogalehrer zu verlassen.",UCYgqfRGlbTTGfMI082OP1OA,LevinLacht,647617,12705,31,0,2026-02-25T07:00:11Z,,,,,PT3M,180,2d,hd,false,rectangular,True,public,youtube,True,True,False,,[],[],23,de,de,"['https://en.wikipedia.org/wiki/Food', 'https://en.wikipedia.org/wiki/Lifestyle_(sociology)']",[],https://i.ytimg.com/vi/GRl6rgFNWI8/default.jpg,https://i.ytimg.com/vi/GRl6rgFNWI8/maxresdefault.jpg,,,,,,Nicho 3 (Histórias/Denso)
qyRs35p1wUU,Der SOHN meines CHEFS hat mich gefeuert! #shorts #redditstories #satisfying #humor,Der SOHN meines CHEFS hat mich gefeuert! #shorts #redditstories #satisfying #humor,[],"Der Sohn meines Chefs hatte keine Ahnung, dass ich sieben Sprachen spreche. Er hat mich auf der Stelle gefeuert. Doch am nächsten Tag fragte der CEO: ""Warum hast du ihn gehen lassen? Hast du den Vertrag nicht gelesen? Ich bin Gabriel 34 und arbeite als Projektkoordinator bei Data Flow Solutions, einem wachsenden Text Startup. Der Sohn des COS Austin, leitet unsere internationalen Partnerschaften und ehrlich gesagt fühlt er sich seit meinem Start vor sechs Monaten immer von mir eingeschüchtert. Austin ist einer von diesen Typen, die ihre Position durch Vetternwirtschaft bekommen haben, aber so tun, als hätten sie sie sich verdient. Er versucht ständig sich zu beweisen, indem er alle Mikro managed, besonders mich. Ich glaube, er sieht mich als Bedrohung, weil ich tatsächlich weiß, was ich tue. Letzten Dienstag hatten wir einen riesigen Kundencall mit Yamamoto Industries, einem japanischen Unternehmen mit einem potenziellen Auftragswert von 12 Millionen. Das war kein gewöhnlicher Deal. Es war der größte Vertrag, den unser Unternehmen angestrebt hatte. Der Call begann um 14 Uhr. Austin leitete die Präsentation und versuchte unsere Softwarefunktion mit Hilfe einer klobigen Übersetzerapp auf seinem Handy zu erklären. Durch den Videocall konnte ich die Verwirrung in den Gesichtern der japanischen Führungskräfte deutlich erkennen. Sie stellten klärende Fragen in gebrochenem Englisch und Austin wurde immer nervöser. Also unsere Plattform ermöglicht Austin machte ständig Pausen, um etwas in seinen Übersetzer einzutippen. Datensynchronisierung über mehrere Moment. Das japanische Team tauschte Blicke aus und verlor sichtlich die Geduld. Ich saß in der Ecke und beobachtete einfach, wie sich dieses Disaster entfaltete. Ich verstand jedes einzelne Wort, dass sie auf Japanisch sagten. Sie unterhielten sich untereinander und sagten Dinge wie: ""Das ist unprofessionell. Vielleicht sollten wir diese Partnerschaft noch einmal überdenken."" Aber ich blieb still. Austin hatte mir vor dem Call ausdrücklich gesagt, dass ich nur da sei, um Notizen zu machen und zu lernen und unter keinen Umständen unterbrechen dürfe. Nach 30 qualvollen Minuten beendete das japanische Team das Gespräch höflich mit der Begründung. Man müsste die Optionen noch einmal prüfen. Austin Gesicht war vor Scham und Wut knallrot. Kaum war der Call beendet, explodierte er. ""Du hast da gesessen und absolut nichts gemacht. Du bist völlig nutzlos"", schrie er. ""Ich reiße mir hier den Hintern auf, um diesen Deal zu retten und du sitzt da wie eine Statue."" Ich versuchte etwas zu sagen. Austin, wenn du mich hättest, keine Ausreden. Du trägst nie etwas zu unseren internationalen Deals bei. Ich bin fertig mit dir, Gabriel. Räum deinen Schreibtisch. Du bist gefeuert. Ich diskutierte nicht. Ich nahm meine Sachen vom Schreibtisch, packte meine persönlichen Gegenstände in einen Karton und ging. Am nächsten Morgen saß ich zu Hause beim Kaffee, als mein Telefon klingelte. Es war der CEO. Gabriel, hier ist Richard. Können Sie heute vorbeikommen? Wir müssen dringend sprechen. Ich betrat Richards Eckbüro und sah austen dort sitzen, verwirrt und leicht genervt. Auf dem Schreibtisch lagen unsere Kundenverträge sowie juristische Dokumente und Compliance Zertifikate. Gabriel, bitte setzen Sie sich, sagte Richard. Austin, kannst du mir noch einmal genau sagen, warum du Gabriel gestern gefeuert hast? Austin richtete sich auf. Dad, Gabriel trägt nichts zu unseren internationalen Kundenbeziehungen bei. Beim entscheidenden Call mit der japanischen Firma gestern hat er einfach nur dagessen und nichts getan, während ich alles allein geregelt habe. Richard nickte langsam und nahm dann einen der Verträge in die Hand. Aus den ich möchte, dass du mir etwas vorliest. Etwas? Das ist unsere Rahmenvereinbarung mit allen internationalen Kunden. Er zeigte auf einen bestimmten Abschnitt. Lies Abschnitt 12 laut vor. Austin blickte nach unten und begann zu lesen. Sämtliche Kommunikation mit internationalen Kunden darf ausschließlich von zertifizierten mehrsprachigen Mitarbeitern geführt werden. Jegliche Verhandlungen, Präsentationen oder rechtsverbindlichen Vereinbarungen erfordern die Anwesenheit von vom Unternehmen anerkannten linguistengemäß internationalen Compliance Standards. Während Austin die Worte las, wurde sein Gesicht zunehmend blass. Man konnte förmlich sehen, wie ihm die Erkenntnis dämmerte. Dann sah Richard ihn direkt an. Sohn Gabriel spricht Japanisch, Mandarin, Deutsch, Spanisch, Französisch, Koreanisch und natürlich Englisch. Er besitzt Zertifikate in Wirtschaftslinguistik von der Georgetown University. Aust Mund öffnete sich, aber es kam kein Wort heraus. Du hast gerade unseren einzigen qualifizierten internationalen Verhandlungsführer gefeuert"", fuhr Richard Ford. ""Ohne ihn können wir rechtlich kein internationales Geschäft abwickeln. Der Yamoto Deal ist tot. Uns droht ein Verlust von über 20 Millionen an potenziellem Umsatz."" Richard wandte sich mir zu Gabriel, ich entschuldige mich für den Fehler meines Sohnes.",UCYgqfRGlbTTGfMI082OP1OA,LevinLacht,675433,12849,24,0,2026-02-17T07:00:48Z,,,,,PT3M,180,2d,hd,false,rectangular,True,public,youtube,True,True,False,,[],[],23,de,de,"['https://en.wikipedia.org/wiki/Food', 'https://en.wikipedia.org/wiki/Humour', 'https://en.wikipedia.org/wiki/Lifestyle_(sociology)']",[],https://i.ytimg.com/vi/qyRs35p1wUU/default.jpg,https://i.ytimg.com/vi/qyRs35p1wUU/maxresdefault.jpg,,,,,,Nicho 3 (Histórias/Denso)
va2Nel4VSJ8,Manche MENSCHEN verdienen eine PLATZT in der Hölle?! #shorts #satisfying #entspannung #reddit,Manche MENSCHEN verdienen eine PLATZT in der Hölle?! #shorts #satisfying #entspannung #reddit,[],"Wann hast du gemerkt, dass manche Menschen wirklich einen besonderen Platz in der Hölle verdienen? 48 Stunden, nachdem unser Jugendlicher Sohn Lukas frontal gegen einen Baum gefahren war und ins Koma gefallen ist, stand plötzlich eine Krankenhausverwalterin vor uns und drängte uns, die lebenserhaltenden Maßnahmen zu beenden und seine Organe zu schwenden. Dr. Keller wurde uns als persönliche Ansprechpartnerin zugeteilt. Schon kurz darauf machte sie Bemerkungen über unsere angeblich begrenzten finanziellen Möglichkeiten für eine langfristige Pflege und stellte gezielte Fragen zu unserer Versicherung. Als Intensivkrankenschwester wusste ich genau, wie der Genesungsprozess bei schweren Hirnverletzungen aussehen kann. Doch alles, was ich hoffnungsvoll ansprach, wischte sie beiseite. ""Wir müssen realistisch sein"", sagte sie, und über Lebensqualität nachdenken. Dabei zeigte Lukas kleine Fortschritte. Ärzte berichteten, dass seine Augenbewegungen folgten und manchmal bewegte er sogar leicht die Hand. Doch Dr. Keller bezeichnete das als bloße Reflexe und meinte: ""Wir sein in der Verleugnungsphase der Trauer. Wir haben gekämpft. Mehrfach wanden wir uns an die Krankenhausleitung. Ich reichte offizielle Beschwerden bei der Patientenvertretung ein, ohne Erfolg. Immer wieder hörten wir, Dr. Keller sei eine angesehene Expertin mit 15 Jahren Erfahrung und wir sollten ihrem Urteil vertrauen."" Als mein Mann mit Abteilungsleitern sprechen wollte, stellten sich alle hinter sie. Sie würde nur die üblichen Protokolle für Familien in Verleugnung befolgen, hieß es. Die Situation eskalierte, als sie ein ganzes Team für Organentahmen mitbrachte, während wir direkt an Lukas Bett standen. Dazu präsentierte sie uns eine riesige Kostenaufstellung des Krankenhauses, die sich wie eine Drohung anfühlte. Wenn wir die Geräte abschalten, könnten wir vielleicht unser Haus behalten. Das war der Moment, in dem alles kippte. Mein Mann verlor die Fassung, schrie sie an, sie solle verschwinden. Schließlich musste der Sicherheitsdienst kommen, als er drohte sie eigenhändig hinauszuwerfen. Dr. Keller nutzte das sofort gegen uns. Sie behauptete, wir sein emotional instabil und würden die Behandlung behindern. Wir wandten uns an das Etekkomitee des Krankenhauses, doch auch dort stellte man sich auf ihre Seite. Man erklärte uns, trauernde Familien würden oft irrational handeln und wir sollten ihre Einschätzung folgen. Am nächsten Tag erschien sie mit Anwälten und stellte uns ein Ultimatum. 72 Stunden, um der Organschwende zuzustimm. Sonst würde Lukas in eine schlechter ausgestattete Einrichtung verlegt werden. Unsere Versicherung würde das nicht abdecken und wir müssten für alle weiteren Kosten selbst aufkommen. Am darauffolgenden Tag, als wir völlig am Ende waren, geschah etwas Unglaubliches. Lukas drückte meine Hand. Kein Reflex, eine bewusste Reaktion, als ich seinen Namen sagte. Mein Mann sah es auch und wir weinten vor Erleichterung. Doch als wir Dr. Keller informierten, reagierte sie eiskalt. Selbst wenn er aufwacht, sagte sie, werde er nie wieder ein lebenswertes Leben führen. Er würde nur leiden, aber das war uns egal. Wir meldeten es erneut der Krankenhausleitung, doch der medizinische Direktor winkte ab und meinte, Angehörige würden sich in ihrer Trauer oft Dinge einbilden. In derselben Nacht geschah noch mehr. Lukas öffnete die Augen, während ich ihm vorlaß. Er konnte wegen des Beatmungsschlauchs nicht sprechen, aber er sah mich an. Ich brach in Tränen aus und umarnte ihn. Ich wusste, er war da. Und trotzdem setzte Dr. Keller am nächsten Morgen noch einen drauf. Sie stand an seinem Bett und sagte: ""Das barmherzigste, was Sie tun können, ist dieses Leiden zu beenden und seinem Tod durch Organspände einen Sinn zu geben."" Wir gingen wieder zur Verwaltung und wurden erneut abgewiesen. Das war der Punkt, an dem wir nicht mehr konnten. Irgendwie schafften wir es direkt zum Geschäftsführer des Krankenhauses vorzudringen. Und zum ersten Mal reagierte jemand schockiert. Er leitete sofort eine Untersuchung ein und suspendierte Dr. Keller. Was später vor Gericht ans Licht kam, war noch schlimmer. In den Tagen zwischen Lukas erst Aufwachen und ihrer Suspendierung hatte Dr. Keller nachtspezialisten zu ihm geschickt. Immer dann, wenn wir nicht da waren. Diese redeten ihm ein, dass er nie wieder laufen, sprechen oder selbstständig leben könne. Sie versuchten ihn davon zu überzeugen, freiwillig zu sterben, damit sein Leben durch Organschwende einen Sinn bekommt. Uns wurde schlecht, als wir das erfuhren. Der Grund: Geld. Für geworbene Organspänder bekam sie offenbar Prämien. Am Ende wurde sie zu 11 Jahren Haft verurteilt und wir erhielten eine Entschädigung von 500.000 €. Unser Sohn ist noch nicht vollständig gesund, aber er kann sprechen, laufen, hat eine Freundin und reist und wandert mit ihr. und Dr. Keller sitzt im Gefängnis.",UCYgqfRGlbTTGfMI082OP1OA,LevinLacht,599245,15176,132,0,2026-03-25T07:00:47Z,,,,,PT2M42S,162,2d,hd,false,rectangular,True,public,youtube,True,True,False,,[],[],23,de,de,['https://en.wikipedia.org/wiki/Lifestyle_(sociology)'],[],https://i.ytimg.com/vi/va2Nel4VSJ8/default.jpg,https://i.ytimg.com/vi/va2Nel4VSJ8/maxresdefault.jpg,,,,,,Nicho 3 (Histórias/Denso)
bduBYJZRaT0,Meine TOCHTER stand frierend im Schnee! #shorts #reddit,Meine TOCHTER stand frierend im Schnee! #shorts #reddit,[],"Als ich von der Arbeit nach Hause kam, sah ich meine sechsjährige Tochter draußen stehen, frierend im Schnee. Ich trat sofort auf die Bremse und sprang aus dem Auto. ""Nora! Schatz, was machst du hier draußen?"" Sie zitterte am ganzen Körper, trug nur ihre Schulsachen, keine Jacke. Tränen waren auf ihren kleinen Wagen festgefroren. ""Papa hat mich ausgesperrt"", sagte sie. ""Er hat gesagt, ich darf nicht wieder rein, bis du von der Arbeit nach Hause kommst."" Mir blieb das Herz stehen. Es war Freitag, 21 Uhr. Jonathan wusste genau, dass ich freitags immer spät arbeitete. ""Das war kein Versehen."" ""Wie lange warst du hier draußen, seit du heute morgen gegangen bist?"", flüsterte sie. Ich hob sie hoch, spürte, wie eiskalt ihr kleiner Körper war und trug sie zur Haustür. Abgeschlossen. Ich schloss mit meinem Schlüssel auf. Meine Wut wuchs mit jedem Schritt. Jonathan lag genau dort, wo ich ihn erwartet hatte, ausgestreckt auf dem Sofa, nur in Boxershorts und T-Shirt, Controller in der Hand, Call of Duty spielen. Die Heizung lief auf 24°, leere Bierdosen lagen auf dem Couchtisch versteut. ""Warum war unsere Tochter 12 Stunden lang draußen?"", fragte ich und versuchte ruhig zu bleiben. Er pausierte das Spiel nicht einmal. Sie hat heute morgen traubensaft über meinen neuen Controller gekippt. Ich habe ihr gesagt, dass Handlungen Konsequenzen haben. Ich starte ihn ungläubig an. ""Sie ist se Jahre alt, Jonathan."" Es war ein Versehen und du hast sie draußen frieren lassen. Vielleicht ist sie beim nächsten Mal vorsichtiger mit meinen Sachen. Da bemerkte ich nur als Rosa Schulrucksack neben der Haustür. Er war prallil gefüllt aus allen Näen platzend. Ihr Lieblingskuschelhase schaute oben heraus. ""Was ist das?"", fragte ich und zeigte auf die Tasche. Jonathan pausierte endlich das Spiel und sah mich an. In seinen Augen lag etwas kaltes, dass ich noch nie gesehen hatte. ""Ich habe heute viel nachgedacht, während sie draußen war"", sagte er langsam. ""Dies ganze Familiending funktioniert für mich nicht. Nora ist zu viel Arbeit, zu teuer, zu laut und ehrlich gesagt wollte ich nie Kinder. Mir wurde schwindlig. Was redest du da? Ich rede davon, dass du sie nimmst und heute Abend gehst. Ich habe bereits die Schlösser austauschen lassen, während du gearbeitet hast. Du hattest nur Glück, dass ich sie noch nicht komplett gewechselt habe."" Es fühlte sich an wie ein Altraum. ""Du verlässt deine eigene Tochter?"" Nora klammerte sich noch immer an mich. ""Ihre nassen Kleider durchnästen meinen Arbeitsbla."" Sie hörte jedes Wort. Ihre großen braunen Augen wanderten zwischen uns hin und her. Siehst du, sagte Jonathan und stand auf, als wäre das alles völlig normal. Sie ist eigentlich sowieso nicht wirklich meine biologisch vielleicht, aber ich habe mich nie für dieses Vaterleben entschieden. Du kannst sie haben. Die beiläufige Grausamkeit in seiner Stimme machte mich krank. Das war der Mann, mit dem ich 8 Jahre verheiratet gewesen war. Der Mann, der Nora früher gute Nachtgeschichten vorgelesen hatte. Jonathan, sie ist deine Tochter. Du kannst sie nicht einfach weggeben. Er griff zu seinem Handy. Ich habe schon mit meinem Kumpel Steven gesprochen, der Anwalt ist. Offenbar muss ich keinen Unterhalt zahlen, wenn ich freiwillig auf meine elterlichen Rechte verzichte. Winwin, meine Hände zitterten, nicht vor Angst, sondern vor Wut. Ich zog mein Handy hervor und wählte eine Nummer, von der ich gehofft hatte, sie nie benutzen zu müssen. Hallo Christine, hier ist Caroline. Erinnerst du dich an die Notfallsorgerechtsunterlagen, über die wir vor sechs Monaten gesprochen haben? Reiche heute noch alles ein. Jonathans Controller rutschte ihm aus der Hand. Was machst du da? Genau das, was du hättest erwarten sollen, als du beschlossen hast, dich mit meiner Tochter anzulegen. Ich wählte eine weitere Nummer. Papa, es passiert gerade. Kannst du uns abholen? Bring den Truck mit. Caroline, du kannst sie nicht einfach mitnehmen. Jonathan sprang vom Sofa auf. Ich lächelte und ich wusste, dass es eiskalt aussah. Doch, das kann ich. Weißt du warum, Jonathan? Ich dokumentiere dein Verhalten seit Monaten. Die Male, in denen du nur einen Fehler genannt hast. Die Nachrichten, in denen du geschrieben hast, du wünschtest, sie wäre nie geboren worden. Die Videos, in denen du sie wegen ganz normaler Kindersachen angeschrieen hast, sein Gesicht wurde Kreide bleich. Meine Anwältin hat alles Screenshots, Aufnahmen, Zeugenaussagen der Nachbarn, die gesehen haben, wie du sie behandelst. Ich küsste Noras Stirn. In meinen Armen begann sie endlich warm zu werden. Und hier kommt mein Lieblingsteil, fügte ich hinzu. Noras Geburtsurkunde, Krankenakten, Schulunterlagen, alles läuft nur auf meinen Namen, weil dir der Papierkram immer zu lästig war und du alles mir überlassen hast. Die Scheinwerfer meines Vaters tauchten in der Einfahrt auf. Du hast null rechtliche Ansprüche auf sie, Jonathan. Null. Und nach dieser Aktion heute Abend sie im Schnee auszuschperen, wird mir jeder Richter das alleinige Sorgerecht geben. Inklusive Kontaktverbot. Ich griff mit der freien Hand nach Noras Rucksack und ging zur Tür. Verabschiede dich von deiner Tochter, Jonathan. Es ist das letzte Mal, dass du siehst. Nora sagte mit ihrer kleinen Stimme: ""Tschüss, Papa."" Er stand einfach nur da und starrte, während wir für immer gingen. Zwei Jahre später erinnert sich Nora kaum noch an ihn. Ich bin wieder verheiratet mit einem Mann, der sie seine Tochter nennt und es auch so meint. Jonathan spielt immer noch allein Videospiel in diesem leeren Haus. Manche Menschen bekommen genau das, was sie verdienen.",UCYgqfRGlbTTGfMI082OP1OA,LevinLacht,541325,13852,64,0,2026-02-10T11:01:08Z,,,,,PT3M,180,2d,hd,false,rectangular,True,public,youtube,True,True,False,,[],[],23,de,de,"['https://en.wikipedia.org/wiki/Food', 'https://en.wikipedia.org/wiki/Lifestyle_(sociology)']",[],https://i.ytimg.com/vi/bduBYJZRaT0/default.jpg,https://i.ytimg.com/vi/bduBYJZRaT0/maxresdefault.jpg,,,,,,Nicho 3 (Histórias/Denso)
tnXvDR1Rp-8,WAS hat sich als SCHLIMM herausgestellt?! #shorts #redditstorie #satisfying #geschichten,WAS hat sich als SCHLIMM herausgestellt?! #shorts #redditstorie #satisfying #geschichten,[],"Was dachtest du, was großartig ist, sich aber am Ende als schrecklich herausgestellt hat? Als ich aufwuchs, dachte ich, ich hätte eine Superkraft. Ich konnte jederzeit einschlafen und auch durchschlafen. Wenn andere Leute davon sprachen, dass sie Probleme beim Schlafen haben, hatte ich keine Ahnung, wovon sie redeten. Wie konnte schlafen schwer sein? Bei Pfadfinderusflügen war ich immer das einzige Kind, das nach einer guten Nacht ausgeschlafen aufwachte. Ich konnte mich einfach auf den Boden legen, einschlafen und die ganze Nacht durchschlafen. Meine Familie machte sich über mich lustig, weil ich in der Schule oder bei langweiligen Filmen einschlief, aber in Wirklichkeit waren sie nur neidisch auf mich, denn meine Mutter hat schlimme Schlaflosigkeit. Aber was sollte ich sagen? Schlaf war für mich einfach etwas Natürliches. Als ich noch sehr klein war, dachte ich vielleicht wirklich, ich sei eine Superheldin. Sleep Woman. Ich erzählte meinen Freunden von meiner magischen Fähigkeit jederzeit einzuschlafen, aber sie glaubten mir nicht, bis ich es ihnen zeigte. Ich konnte einfach im Sitzen die Augen schließen und zack eingeschlafen. Es gab nur einen Teil meiner Superkraft, der nicht so toll war. Obwohl ich jederzeit schlafen konnte und offensichtlich jede Nacht gut schlief, war ich immer müde, aber ich dachte, das legge einfach daran, dass ich wusste, wie großartig Schlaf ist. Natürlich wollte mein Körper mehr davon. Warum sollte ich Fernsehen, Hausaufgaben machen oder einem langweiligen Gespräch zuhören, wenn ich stattdessen einfach schlafen konnte? Doch als ich 17 war, änderte sich alles. Ich hatte gerade meinen Führerschein bekommen und fuhr nach der Schule nach Hause, als ich plötzlich sehr müde wurde. Ich fing an davon zu träumen, wie gut sich ein Nickerchen anfühlen würde, sobald ich zu Hause wäre und mich auf die Couch legen könnte. Und dann wachte ich plötzlich auf. Die Front meines Autos war gegen das Auto vor mir geprallt. Meine Arme bluteten und mein ganzer Körper pochte vor Schmerz. Ich war entsetzt. Ich wusste immer, dass ich in Sekunden einschlafen konnte, aber ich hatte es immer unter Kontrolle gehabt. Das Schlimmste war, dass in dem Auto vor mir ein kleines Mädchen saß und sie war schwer verletzt. Nachdem die Sanitäter mich untersucht hatten, musste ich mich einer ganzen Untersuchung durch Ärzte und Polizei stellen, um herauszufinden, warum ich am Steuer eingeschlafen war. Sie wollten sicherstellen, dass ich nicht rücksichtslos oder betrunken gefahren war, aber das war ich nicht. Da fanden die Ärzte heraus, was mein ganzes Leben lang los gewesen war und das traf mich wie ein Schlag. Ich hatte keine Superkraft, ich hatte Narkolepsie, eine bislang nicht diagnostizierte Krankheit. Ich bekam keinen Ärger wegen des Unfalls, aber ich muss damit leben, dass ich der Grund bin, warum ein kleines Mädchen den Rest ihres Lebens im Rollstuhl sitzt. Und natürlich wurde mir sofort der Führerschein entzogen. Es ist nicht sicher für mich zu fahren, weil man nie weiß, wann ich einschlafe. Es gibt Jobs, die ich nicht machen kann, weil es zu gefährlich wäre, wenn sich jemand darauf verlassen müsste, dass ich eine Maschine bediene oder überhaupt irgendetwas zu einer bestimmten Zeit tue. Ich wollte immer Lehrerin werden, aber ich kann nicht riskieren, einzuschlafen und eine Klasse voller Kinder unbeufsichtigt zu lassen. Diese Gabe, die ich für so großartig hielt, hat am Ende mein Leben und das eines Unschuldigen Kindes zerstört.",UCYgqfRGlbTTGfMI082OP1OA,LevinLacht,549337,12066,27,0,2026-03-26T09:01:12Z,,,,,PT1M57S,117,2d,hd,false,rectangular,True,public,youtube,True,True,False,,[],[],23,de,de,"['https://en.wikipedia.org/wiki/Hobby', 'https://en.wikipedia.org/wiki/Lifestyle_(sociology)']",[],https://i.ytimg.com/vi/tnXvDR1Rp-8/default.jpg,https://i.ytimg.com/vi/tnXvDR1Rp-8/maxresdefault.jpg,,,,,,Nicho 3 (Histórias/Denso)
M2AjMa-jx7A,Wann konntest du AUFATMEN?! #shorts #redditstorie #satisfying #geschichte,Wann konntest du AUFATMEN?! #shorts #redditstorie #satisfying #geschichte,[],"Was war das befreienste Erlebnis, das du je hattest? Ich habe es nur getan, weil ich dachte, sie würde sterben. Meine Tochter war 17, als sie während des Sportunterrichts in der Schule zusammenbrach. Ebenoch lief sie ihre Runden. Im nächsten Moment lag sie auf dem Boden und rang nach Luft, während ihre Mitschüler geschockt um sie herumstanden. Ich raste ins Krankenhaus und saß im Notfallraum an ihrer Seite, wartete darauf, dass mir endlich jemand sagte, was los war. Nach einem ganzen Tag voller Tests, Scans und Wager medizinischer Begriffe zog mich schließlich ein Arzt beiseite und sagte mir, sie habe eine schwere Kardiomyopathie. Ihr Herz funktionierte kaum noch. Wenn es schlimmer würde, bräuchte sie eine Transplantation. Aber dann kam der Teil, der mir den Atem raubte. Er sagte mir, die Warteliste sei lang, ihre Erkrankung für ihr Alter selten und es bestehe eine gute Chance, dass sie kein weiteres Jahr überleben würde. Sie kannte die Details nicht. Ich sagte ihr, es sei ernst, aber behandelbar. Sie schenkte mir dieses kleine unsichere Lächeln, als würde sie mir nicht glauben. Dann wechselte sie das Thema. Ein paar Tage später zeigte sie mir ein zerknittertes Blatt aus ihrem Notizbuch, an dem sie in ihrem Krankenhausbett gearbeitet hatte. Nur Dinge, die ich noch machen will, weißt du? Für den Fall, sagte sie, als würde es mir nicht das Herz brechen. Es waren fünf Dinge. Die Sterne in der Wüste anschauen, ein echtes Bild auf einer riesigen Leinwand malen, Sushi probieren, in einem Heißluftballon fahren und jemanden küssen, den sie wirklich mochte. In dieser Nacht starrte ich auf die Liste, während sie schlief. Es fühlte sich an, als würde mir die Brust zerdrückt werden. In diesem Moment beschloss ich, wenn Zeit alles war, was wir hatten, würde ich ihr in der verbleibenden Zeit alles geben, was ich konnte. Ich nahm Nachtschichten in einem örtlichen Lager an und räumte Regale ein. Ich erzählte Stacy, ich hätte spät abends Nachhilfe im Gemeindezentrum. Ich kam um 4 Uhr morgens nach Hause, schlief ein paar Stunden, unterrichtete den ganzen Tag Englisch an der Highschool und begann dann dann wieder von vorn. Mein Körper tat ständig weh. Ich war im Unterricht oft völlig neben der Spur. Einmal vergaß ich komplett, welches Kapitel wir gerade behandelten und stand einfach da vor meinen Schülern und blinzelte wie ein Idiot. Das erste, was wir machten, war eine Fahrt nach Arizona. Ich sagte ihr erst warum, als wir mitten im Nirgendwo von der Straße abbogen. Ich holte eine kleine Decke und ein billiges Fernglas hervor. Der Himmel war so klar, dass er fast unrealistisch wirkte. Sie sagte nicht viel, starrte nur nach oben, den Mund leicht geöffnet. Als ich zu ihr hinüber sah, liefen ihr Tränen über das Gesicht. Sie flüsterte: ""Danke."" Ich nickte nur, weil ich sonst völlig zusammengebrochen wäre. Dann kam das Sushi. Sie hasste es, aber sie lachte die ganze Zeit. Danach das Malen. Wir machten es in der Einfahrt mit einer Leinwand aus dem Schlussverkauf und Farbe aus dem Kunstraum der Schule. Sie malte ein wildes buntes Chaos aus Sternen und Blumen und unterschrieb es mit ihrem Namen und einem kleinen Herz, aber es wurde schlimmer. Sie war ständig müde. Manchmal schlief sie mitten im Satz ein. Eines Nachts hörte ich einen Knall und fand sie auf dem Küchenboden. Ich trug sie zurück ins Bett und saß die ganze Nacht bei ihr. Meine Hände zitterten. Ich hatte Angst, die Augen zu schließen, falls sie nicht wieder aufwachen würde. Dann fand sie meine Arbeitskleidung aus dem Lager in der Wäsche. Sie hielt sie hoch und fragte: ""Was ist das?"" Ich versuchte wieder zu lügen, sagte, ""ich bräuchte einfach das Geld, aber sie durchschaute mich sofort. Sie drängte mich nicht, sie sah mich nur lange und ruhig an und ging dann weg. Später in dieser Woche fand ich ihr Notizbuch offen auf dem Couchtisch. Darin stand: ""Ich weiß, dass ich sterbe."" Ich habe den Arzt gehört, aber ich weiß auch, was Dad macht. Ich möchte nur, dass er weiß, dass ich es sehe. Ich brach zusammen, nicht laut, sondern leise, völlig, als würde jeder Riss in mir endgültig aufbrechen. Also tat ich noch eine letzte Sache. Ich lehrte meine Ersparnisse und buchte für uns eine Heißluftballonfahrt in New Mexico. Die Sonne ging gerade auf, die Luft war eisig kalt und sie grinste wie ein kleines Kind. Auf halber Strecke sah sie mich an und sagte: ""Du weißt, dass ich über alles Bescheid weiß."" Ich nickte. Sie legte ihren Kopf an meine Schulter. ""Du hast es all das Wert gemacht."" Zwei Wochen später rief das Krankenhaus an. Es gab ein Herz. Die Operation war riskant. Wir wussten nicht einmal, ob sie sie überleben würde. Ich saß 9 Stunden lang allein im Wartezimmer, starrte auf denselben Fleck auf dem Boden und hatte das Gefühl, die Zeitstunde still. Als der Chirurg endlich hereinkam und sagte, sie ist stabil, konnte ich mich nicht bewegen. Ich konnte nicht einmal sprechen. Ich weinte einfach stärker als je zuvor in meinem Leben. Es ist jetzt fast ein Jahr her. Sie lebt, sie ist gesund. Im nächsten Herbst beginnt sie mit dem Studium. Die Liste hängt immer noch an ihrer Schlafzimmerwand.",UCYgqfRGlbTTGfMI082OP1OA,LevinLacht,587660,11455,31,0,2026-03-24T11:00:38Z,,,,,PT3M,180,2d,hd,false,rectangular,True,public,youtube,True,True,False,,[],[],23,de,de,"['https://en.wikipedia.org/wiki/Hobby', 'https://en.wikipedia.org/wiki/Lifestyle_(sociology)']",[],https://i.ytimg.com/vi/M2AjMa-jx7A/default.jpg,https://i.ytimg.com/vi/M2AjMa-jx7A/maxresdefault.jpg,,,,,,Nicho 3 (Histórias/Denso)
kMqUMTXEx9M,DA wusste ich das ich ihn HEIRATEN werde! #shorts #redditstories #satisfying #storytime,DA wusste ich das ich ihn HEIRATEN werde! #shorts #redditstories #satisfying #storytime,[],"Mein Freund hat meinen kleinen Bruder an seinem Geburtstag zum Weinen gebracht und jetzt will ich ihn heiraten. Meine Mutter hat meinem kleinen Bruder heime mir geholfen, Geburtstagseinladungen für seine ganze Klasse zu basteln und er war total nervös sie zu verteilen. Er war der neue an seiner Schule und hatte Schwierigkeiten Freunde zu finden, weil er noch niemanden kannte. An seinem Geburtstag sah ich jedoch, wie er super aufgeregt von der Schule nach Hause kam, weil seine Party anstand. Meine Mom verbrachte den ganzen Tag damit, unser Haus zu dekorieren, Spiele vorzubereiten und Essen für ihn zu machen. Als er das alles sah, fing er buchstäblich an vor Freude herumzuspringen. Meine Mom sagte immer wieder, dass er so viele Freunde finden würde und dass ihn alle als den Jungen kennen würden, der diese großartige Geburtstagsparty hatte. Es war wirklich süß, aber ich hatte keine Lust, mir das Geschrei von lauter sechsjährigen Kindern anzuhören. Also ging ich, bevor sie ankamen, in mein Zimmer und setzte meine Kopfhörer auf, um den Lärm auszublenden. Ich chillte einfach in meinem Zimmer und scrollte durch meine For You Page. War aber überrascht, wie ruhig es war. Als ich meine Kopfhörer abnahm, um mich umzuziehen, merkte ich, dass ich aus dem Wohnzimmer überhaupt nichts hörte. Eigentlich hätte unser ganzes Haus voller Geschrei sein müssen, aber es war seltsam still. Ich öffnete meine Tür einen Spalt, um zu lauschen, doch das Haus war komplett ruhig. Das war wirklich merkwürdig. Also ging ich raus, um zu sehen, was los war. Vielleicht waren sie einfach draußen oder so. Aber als ich ins Wohnzimmer kam, war kein einziges Kind zu sehen. Dann hörte ich die Stimme meiner Mom. Sie klang aufgebracht und sagte: ""Warum ist sie nicht gekommen? Hat sie die Einladung nicht bekommen, aber hier steht doch heute drauf. Sie rief mehrere Eltern an und fragte, warum ihre Kinder nicht gekommen waren. Alle hatten irgendwelche langweiligen Ausreden. Als ich um die Ecke kam, sah ich Heimi allein auf der Couch sitzen, immer noch mit seiner kleinen Geburtstagskrone auf dem Kopf umgeben von Ballons. Die Hüpfburg im Garten stand leer, die Zuckerwattemaschine war voll und ich sah ihn dort allein sitzen und Wein. Niemand war für ihn gekommen. Mom machte einen Anruf nach dem anderen. Einige Eltern sagten ihre Kinder seien plötzlich krank oder müde. Ich konnte es nicht glauben. Mir kam selbst die Tränen, aber ich wusste, dass Jaime mich so nicht sehen durfte. Er war an seinem Geburtstag allein und ich wollte auch nicht, dass er mich weinen sieht. Also drehte ich mich einfach um und ging zurück in mein Zimmer, bevor er mich bemerkte. Es war das traurigste, was ich je gesehen hatte. und ich wusste nicht, was ich tun sollte. Also rief ich meinen Freund an in der Hoffnung, dass er mich ein bisschen aufmuntern könnte. Doch kaum hatte ich hallo gesagt, hörte er sofort an meiner Stimme, dass etwas nicht stimmte. ""Hey, was ist los? Ist alles okay?"", fragte er. ""Nichts, es ist nur Mein kleiner Bruder hat die ganze Woche seine Party geplant und niemand ist gekommen, nicht ein einziges Kind. Er ist am Boden zerstört und ich weiß nicht, was ich tun soll."" Es entstand eine kurze Pause. Dann sagte er: ""Okay, ich komme vorbei"" und legte auf, bevor ich noch etwas sagen konnte. Ich dachte, er würde vorbeikommen, um mich zu trösten oder mir vielleicht einen Matcher mitzubringen, aber ich hatte keine Ahnung, dass er einen Plan hatte. Ich wusste nicht, was mich erwarten würde. Doch 20 Minuten später klingelte es an der Tür. Meine Mom öffnete und da stand mein Freund mit fünf seiner Collegefreunde, Jungs aus seinem Basketballteam, alle über 1,80 groß, Sportler und sie hielten kleine Geschenktüten für Jime in den Händen. ""Wo ist das Geburtstagskind?"", rief mein Freund laut. Chime lugte hinter M hervor, seine Augen waren rot und geschwollen vom Weinen. ""Hey Kumpel, mein Freund ging auf die Knie, um auf Jaimis Augenhöhe zu sein. Tut uns leid, dass wir zu spät zu deiner Party sind. Du bist Jamie, oder? Deine Schwester hat uns erzählt, dass du der coolste Sechsjährige der Stadt bist."" Shimy sah verwirrt aus, nickte aber langsam. Dann sagte einer der Jungs: ""Wow, ist das etwa eine Hüpfburg?"" Die anderen: ""Nein, oder? Das ist ja mega."" Und plötzlich war Heime völlig begeistert. Sechs College Basketballspieler zogen ihre Schuhe aus und quetschten sich in eine Hüpfburg, die eigentlich für Erstklässler gedacht war. Ihre Köpfe stießen fast ans Dach und sie gaben ihm die Zeit seines Lebens. Langsam sah ich, wie Heimis Lächeln zurückkam. Sie spielten jedes einzelne Partyspiel, das Mom vorbereitet hatte. Sie feuerten ihn an, als er die Pinata zerschlagen durfte. Als sie herunterfiel, jubelten sie alle: ""Jamie, Jamie, Jamie!"" Dabei hoben sie ihn in die Luft. Dann holte mein Freund ein eingepacktes Geschenk hervor. Ich habe wirklich keine Ahnung, woher er wusste, welches Lego Heime sich gewünscht hatte, aber sein kleines Gesicht leuchtete sofort, als er sah, was es war. Sie sangen alle Happy Birthday für ihn und da fing Heimi wieder an zu weinen. Er umarmte uns beide und pustete mit Tränen in den Augen seine Kerzen aus. Er war so unglaublich glücklich, dass er am Ende des Abends die Kinder, die nicht gekommen waren, völlig vergessen hatte. Am Ende des Tages war er komplett erschöpft. Als ich ihn ins Bett brachte, sagte er: ""Sie haben gesagt, ich kann jederzeit mit ihnen abhängen. Glaubst du, Sie haben das ernst gemeint?"" Ich versicherte ihm, dass sie es ernst meinten. Er schlief in dieser Nacht wie ein Baby.",UCYgqfRGlbTTGfMI082OP1OA,LevinLacht,600984,18792,87,0,2026-03-15T11:01:14Z,,,,,PT3M,180,2d,hd,false,rectangular,True,public,youtube,True,True,False,,[],[],23,de,de,['https://en.wikipedia.org/wiki/Lifestyle_(sociology)'],[],https://i.ytimg.com/vi/kMqUMTXEx9M/default.jpg,https://i.ytimg.com/vi/kMqUMTXEx9M/maxresdefault.jpg,,,,,,Nicho 3 (Histórias/Denso)
1uqdWCe5FVw,I made my husband sleep in the car on our anniversary. #shorts #story #reddit,,[],"I made my husband sleep in the car on our anniversary. I was curling my hair the way I did on our wedding day when Dylan texted me to say he was running 15 minutes late. I smiled at my phone like an idiot because I thought he was probably picking up flowers or putting finishing touches on whatever surprise he had planned. This was our 15th anniversary and the first time in our entire marriage that he offered to plan something himself. 3 weeks ago, he looked me in the eyes and said, ""I know you always take care of everything and I want you to feel special for once, so just trust me."" I trusted him. I put on the red dress he always said he loved and lit candles in the dining room. When I heard his car pull into the driveway, my heart started beating faster like we were teenagers again. Then I heard a second car door, then a third. Then I heard men laughing. I walked toward the living room and the smell hit me first. Pizza and chicken wings. I turned the corner and four of Dylan's friends were already sprawled across my couch, feet on my coffee table, some sports game blasting on the TV. One of them had already managed to spill beer on the carpet. Dylan came out of the kitchen holding a plate of wings and grinned at me like I was supposed to applaud. Perfect timing, babe. The game literally just started. Grab a seat. I stood there in my red dress with candles flickering in the next room. What is happening right now? He looked me up and down and laughed. I should be asking you that. Why are you so dressed up like we're going somewhere fancy? I felt something cold settle in my stomach. Dylan, today is our anniversary. He shrugged. Yeah, I know. You always complain that I never include you with my friends, so I figured this was perfect. Two birds, one stone. One of his friends, a younger guy I barely knew, looked at my dress and then at Dylan with something like horror on his face. Dude, I thought you said she was cool with this. Dylan waved him off without even looking at me. Relax. We're doing the anniversary stuff tomorrow. She's fine. I had never agreed to tomorrow. He never even asked me. Where exactly are we going tomorrow, Dylan? His face went blank. What restaurant did you book? Nothing. You didn't plan anything besides a party for yourself, did you? The room went dead silent. Dylan rolled his eyes so hard I thought they might get stuck. Can you please not do this right now? You're being really embarrassing in front of my friends. The younger friend stood up immediately. This is messed up, man. I didn't agree to be part of this. Dylan laughed like it was the funniest thing he'd ever heard. Sit down. You're being dramatic. The friend ignored him and grabbed his jacket. He looked directly at me with the most genuine expression I'd seen all night. I'm really sorry. I thought you knew about this. Then he walked out the front door without saying goodbye to anyone else. Dylan watched him leave and turned back to me with pure disgust on his face. Congratulations. You just ruined the whole night for everyone. I hope you're happy with yourself. I asked him if he had ever planned anything at all. He threw his hands up like I was the unreasonable one. It's not that serious. We've been married 15 years. We don't need to make a big production out of every single one. I asked him why he promised me something special if he didn't mean it. He stepped closer to me and lowered his voice. You want the truth? I was going to plan something, but then the game got scheduled and I figured you'd understand. Clearly, I overestimated you. One of the other friends muttered that maybe they should all go. Dylan shook his head without breaking eye contact with me. Stay. She's just throwing a tantrum. She'll get over it in 5 minutes like she always does. He looked me dead in the eyes. Nothing I do is ever good enough for you. I could take you to Paris and you'd still find something to complain about. I walked to the hallway closet without saying another word. I grabbed the old blanket we keep for guests and threw it at his chest while his friends watched the whole thing. You can sleep in the car tonight since 15 years of marriage means nothing to you. His friends ran out the door without saying goodbye. Dylan knocked on our bedroom door for an hour saying he would make it up to me tomorrow. But there was never a tomorrow.",UCGumCHCIkBkShdyFTPWX0wQ,RedditStories-Meme,578837,27897,290,0,2026-03-13T20:00:04Z,,,,,PT2M36S,156,2d,hd,false,rectangular,False,public,youtube,True,True,False,,[],[],24,en-US,en-US,['https://en.wikipedia.org/wiki/Lifestyle_(sociology)'],[],https://i.ytimg.com/vi/1uqdWCe5FVw/default.jpg,https://i.ytimg.com/vi/1uqdWCe5FVw/maxresdefault.jpg,,,,,,Nicho 3 (Histórias/Denso)
ocZLbVezeDQ,I got written up for walking down the hallway in my own dorm. #shorts #story #reddit,,[],"I got written up for walking down the hallway in my own dorm. I was carrying my laundry basket at 2 a.m. when the hall monitor stopped me. Inappropriate conduct, she said, writing my name down. I laughed, thinking it was a joke. But then she pointed at my leg. You can't walk like that in common areas. It disturbs other residents. I have a prosthetic leg. Car accident 3 years ago. The prosthetic makes a slight clicking sound when I walk. Barely noticeable unless you're listening for it. But apparently Britney from 4B had been complaining for weeks. The next morning, I found a printed email taped to my door. Resident notice, please be mindful of noise levels during quiet hours. This includes walking aids that create excessive sound. Walking aids. They actually put it in writing. I started avoiding the hallway during quiet hours, 10:00 p.m. to 8:00 a.m. Problem was, I worked nights at the campus library. Got off at 1:00 a.m. So, I'd sit in my car for hours, waiting until 8:00 a.m. to go to my own room. One night, security found me sleeping in my car and gave me a parking violation. No overnight parking without a permit. I explained everything. The officer shrugged. ""Rules are rules."" 2 weeks of sleeping in my car later, I was exhausted. Said, ""Screw it."" And walked to my room at 11:00 p.m. Britney was waiting in the hallway with her phone out recording. ""There it is again,"" she announced to her live stream. Her followers were eating it up. Comments flying. ""Sue the school. That's so annoying. Some people are so inconsiderate. She had 47,000 followers. The next day, I was called to the dean's office. Someone had sent them Britney's live stream compilation. Five videos of me walking down the hallway titled, ""My inconsiderate neighbor won't stop."" The dean looked uncomfortable. ""We need to find a solution that works for everyone. The solution? They moved me to the basement, a storage room they'd converted. No windows, one outlet. The bathroom was up two flights of stairs. It's temporary."" They promised while we mediate that night, alone in my basement cell, I opened my laptop. See, Britney wasn't just filming me. In her live streams, you could see into other rooms when doors opened. Sarah's prescription bottles on her desk. Mike's credit card on his nightstand. Emma's therapy appointment calendar on her wall. All visible. All streamed to 47,000 strangers. Recording residents without consent. That's a felony in our state. Broadcasting their private medical information. HIPPA violation. I screenshotted everything, but I didn't report it right away. First, I made my own TikTok. Day one of living in my dorm's basement because my prosthetic leg is too loud. It got 100,000 views overnight. Day two, eating dinner on the floor because there's no furniture in the storage room they moved me to. 500,000 views. Day three, climbing two flights of stairs on one leg at 3:00 a.m. to use the bathroom. 2 million views. News outlets picked it up. Basement girl was trending. The school's Facebook page was flooded with angry parents. Alumni threatened to pull donations. Then I dropped the bomb. Posted Britney's live stream screenshots with faces blurred except hers. She filmed residents medical information without consent. That's a crime. But they punished me. Britney's account was banned within hours. The school got hit with three separate lawsuits from residents she'd filmed. The dean personally moved me into the nicest room on campus, the one reserved for exchange ambassadors. Britney got expelled. She tried to apologize on her way out, rolling her suitcases past my new room. I didn't know about your leg when I first complained. I thought you were doing it on purpose. I looked at her. I didn't know about your live streams when I first got written up, but you kept filming anyway. Her mom, helping her move out, glared at me. You ruined her future over some stupid videos. I smiled. No, she ruined her future the moment she turned my disability into content. I just made sure everyone knew about it. The clicking of my prosthetic echoed down the hallway as I walked away. Nobody complained about the sound",UCFoyiKC-o9TkGhTVH-LgxXw,Soft Narrator 101,490373,21148,221,0,2026-03-20T05:00:00Z,,,,,PT2M41S,161,2d,hd,false,rectangular,True,public,youtube,True,True,False,,[],[],24,en-US,en-US,['https://en.wikipedia.org/wiki/Lifestyle_(sociology)'],[],https://i.ytimg.com/vi/ocZLbVezeDQ/default.jpg,https://i.ytimg.com/vi/ocZLbVezeDQ/maxresdefault.jpg,,,,,,Nicho 3 (Histórias/Denso)
1tahCOHi5QU,Die hatten keine Ahnung wer ich bin! #shorts #redditstories #satisfying #storytime,Die hatten keine Ahnung wer ich bin! #shorts #redditstories #satisfying #storytime,[],"Was ist dein? Die hatten ja keine Ahnung, wer ich bin. Moment, ich bin Notfallsanitäter und letzten Monat wollte ich mir nach einer brutalen 12 Stunden Nachtschicht in meiner normalen Kleidung noch schnell einen Kaffee holen. Ich war völlig erschöpft, trug alte zerrissene Jeans und einen zerknitterten Hoodie, der wahrscheinlich noch nach Krankenhaus roch. Ich wollte einfach nur meinen üblichen schwarzen Kaffee, bevor ich mich nach Hause schleppte, um ins Bett zu fallen. Da stand diese Frau komplett in die seiner Klamotten. Louis Vitontasche, Gucci Schuhe, das volle Programm. Sie fing an, die Jugendliche Barista wegen des Milchschaums auf ihrem Latte Regelrecht anzuschreien. Das ist absolut widerlich. Schau dir diese lächerliche Ausrede von Latteart an. Ich habe ausdrücklich ein Herz verlangt und das sieht aus wie überfahrenes Tier. Ich will sofort mit deinem Manager sprechen. Das arme Mädchen sah völlig verängstigt aus. Ihre Hände zitterten sichtbar. Sie war kurz vor den Tränen. Sie konnte nicht älter als 17 sein. Vermutlich ihr erster Job. Ich trat von hinten aus der Schlange vor. Hey, vielleicht ein bisschen runterfahren. Sie gibt hier offensichtlich ihr Bestes. Die Frau wirbelte herum, als hätte ich persönlich ihre gesamte Blutlinie beleidigt. Sie musterte mich von oben bis unten mit unverhoenem Ekel. Entschuldigung, kümmern Sie sich um ihren eigenen verdammten Kram. Sie absoluter Loser. Was sind Sie? Arbeitslos, obdachlos? Eigentlich bin ich. Lassen Sie mich raten, unterbrach sie mich noch lauter. Sie arbeiten im Einzelhandel, im Fastfood, McDonald's, Tacobell. Jetzt schrie sie praktisch und alle im Laden starten uns an. Genau deshalb werden Leute wie sie im Leben niemals irgendetwas Bedeutendes erreichen. Der ganze Coffeehop war totenstill, nur die Espressomaschine zischte im Hintergrund. Alle schauten, andere Kunden, der Manager, der aus dem Büro lugte, sogar Leute draußen blieben stehen und sahen durch die Fenster. Die Barista zitterte hinter dem Tresen und klammerte sich an die Kante, als hinge ihr Leben davon ab. Schauen Sie sich doch ihre absolut widerlichen Billigklamotten an, Fuhr sie in ihrem völlig entgleisten Monolog fort und gestikulierte wild. Diese abstoßenden alten Sneaker, die aussehen, als kämen sie direkt aus dem Müll. Sie können sich wahrscheinlich nicht mal einen echten Kaffee hier leisten. Hören Sie auf, Mindestlohnarbeiter zu verteidigen, wenn sie offensichtlich selbst einer sind. Sie erbärmliche Ausrede für einen Menschen. Ich versuchte krampfhaft ruhig und professionell zu bleiben. Gnädige Frau. Ich denke nur, wir sollten Servicekräften mit grundlegendem menschlichem Respekt und Anstand begegnen. Wagen Sie es nicht, mich gnädige Frau zu nennen, sie widerlicher Bauer. Ihre Stimme erreichte Karen Level, von denen ich nicht wusste, dass sie menschlich möglich sind. Ich verdiene sechsstellig im Jahr. Ich fahre einen nagelneuen BMW X5. Ich wohne in einer Villa in Westfield States. Sie fahren wahrscheinlich mit dem dreckigen Stadtbus herum wie irgendein Landstreicher. Andere Kunden holten inzwischen definitiv ihre Handys raus und filmten. Das würde innerhalb einer Stunde auf TikTok viral gehen. Garantiert. Menschen genau wie sie. Sie starch mit ihrem manikürten Finger direkt gegen meine Brust, sind das Grundproblem dieser ganzen Generation. Keine Ambition, keine Klasse, kein Geld, keine Zukunft. Sie wohnen wahrscheinlich mit 30 noch bei ihren Eltern im Keller wie so ein Versager. Die Barista flüsterte verzweifelt: ""Bitte, M, ich mache Ihnen das Getränk komplett neu, kostenlos. Ich will gar nichts neu gemacht haben und schon gar keine Lebensradschläge von diesem obdachlos aussehenden niemand, der offensichtlich seinen Höhepunkt in der Highschool hatte. Genau in diesem Moment knackte mein Funkkergerät in meiner Jackentasche, Kristallklar in der toten Stille."" Einheit 47: Wir haben einen Herznotfall, älterer Mann, Ecke Fifth und Mainstreet. Vermutlich massiver Herzinfarkt. Anrufer meldet Patient bewusstlos und ohne Atmung. Ich griff automatisch nach dem Funkgerät. Einheit 47 rückt sofort aus. Ankunft in maximal z Minuten. Man hätte eine Stcknadel auf Teppich fallen hören können. Karens Gesicht wechselte innerhalb von zi Sekunden von Knallrot zu Kreide bleich. Ich zog meine vollständig ausgestattete Notfalltasche hinter dem Tresen hervor, wo ich sie beim Reinkommen unauffällig abgestellt hatte. Ich hatte sie immer dabei, selbst offiziell außer Dienst, denn Notfälle warten nicht auf günstige Zeitpunkte. Oh mein Gott, warten Sie, flüsterte die Barista, ihre Augen weiteten sich. Die Adresse, das ist direkt nebenan. Das ist Mr. Peterson, der liebe ältere Herr, der jeden Morgen um genau 8:15 Uhr für seinen Kaffee und sein Blauberteilchen kommt. Ich war schon zur Tür unterwegs, als Karen plötzlich verzweifelt meinen Arm packte. Ihre Stimme war auf einmal klein und jämmerlich. Warten Sie, Sie sind Sie sind wirklich Notfallsanitäter. Ich rede mich ein letztes Mal um. Ja, bin ich. Und dank ihrer völlig entgleisten öffentlichen Show komme ich jetzt zu spät, um möglicherweise das Leben eines Mannes zu retten, den diese Barista tatsächlich kennt und dem sie wirklich etwas bedeutet.",UCYgqfRGlbTTGfMI082OP1OA,LevinLacht,536316,14407,33,0,2026-02-25T15:00:07Z,,,,,PT2M54S,174,2d,hd,false,rectangular,True,public,youtube,True,True,False,,[],[],23,de,de,['https://en.wikipedia.org/wiki/Lifestyle_(sociology)'],[],https://i.ytimg.com/vi/1tahCOHi5QU/default.jpg,https://i.ytimg.com/vi/1tahCOHi5QU/maxresdefault.jpg,,,,,,Nicho 3 (Histórias/Denso)
4rkOWkWvStM,Welches VERSPRECHEN haben deine ELTERN gebrochen?! #shorts #redditstories #satisfying #storytime,Welches VERSPRECHEN haben deine ELTERN gebrochen?! #shorts #redditstories #satisfying #storytime,[],"Was ist das größte Versprechen, dass deine Eltern je gebrochen haben? Als ich zehn war, versprach mein Dad nie wieder zu trinken. Ich erinnere mich noch genau an diese Nacht. M weinte in der Küche. Dad hatte mein Basketballmeisterspiel verpasst, weil er bei einem Freund ohnmächtig geworden war. Ich schwöre, bei meinem Leben, Kumpel, kein Alkohol mehr, nicht einen Tropfen. Zwei ganze Monate lang war alles großartig. Dad kam direkt nach der Arbeit nach Hause. Am Wochenende brachte er mir am See das Angeln bei. Mom fing wieder an zu lächeln. Sie ließ mich freitags sogar länger aufbleiben, damit ich mit ihm Filme schauen konnte. Dann kam mein Geburtstag. Ich wurde ter. Dad sagte, er plane etwas Besonderes. Am Morgen meines Geburtstags wachte ich total aufgeregt auf, rannte im Schlafanzug die Treppe runter. Kein Dad. Mom saß am Küchentisch und starrte auf ihr Handy. ""Wo ist Dad?"", fragte ich. Sie schüttelte nur den Kopf. ""Mine Geburtstagsparty war um 15 Uhr."" Um 14 Uhr war er immer noch nicht zu Hause. Mom rief ihn ständig an, hinterließ Nachrichten. Ich hörte, wie ihre Stimme jedes Mal zittriger wurde. Meine Freunde kam. M setzte ein tapferes Lächeln auf, bestellte Pizza, verteilte Partyhüte. Ich starrte die ganze Zeit zur Tür. Spätestens beim Kuchen wusste ich, dass er nicht kommen würde. Ich roch den Alkohol noch, bevor er um 19 Uhr zur Tür hereinkam, nachdem alle schon gegangen waren. ""Sorry, Kumpel, hab die Zeit vergessen."", leilte er. Sein ungeöffnetes Geschenk stand noch auf dem Tisch. Das wurde unsere neue Normalität. Dad verschwand tagelang. Manchmal kam er nüüchtern zurück, voller Entschuldigungen und Versprechen. ""Diesal ist es anders"", sagte er, war es nie. Als ich 13 war, brach ich mir beim Fahrradfahren den Arm. Mom war bei der Arbeit. Ich rief Dad fünf mal vom Telefon des Nachbarn aus an. Er ging nicht dran. Frau Klein von nebenan fuhr mich ins Krankenhaus. Am nächsten Morgen tauchte Dad auf, verkattert und panisch. ""Warum hast du mich nicht angerufen?"", fragte er. Ich starte ihn nur an, bis er wegsah. In der Highchool hörte ich auf, ihn bei Spielen oder Elternsprechtagen zu erwarten. M kam immer allein, sah müde aus, gab aber ihr Bestes. In der Nacht von meinem 16. Geburtstag tauchte der nüchtern auf. Er setzte sich an mein Bett. ""Ich habe morgen eine Überraschung"", sagte er. ""Ich nehme mir frei. Nur du und ich. Ich wusste es besser als mich zu freuen, aber ein kleiner Teil von mir hoffte trotzdem. Der Morgen kam. Kein Dad. Seine Bettseite war unberührt. M fand ihn mittags bewusstlos in seinem Truck in der Einfahrt. An diesem Abend, während er seinen Rausch ausschlief, fand ich alte Engelf Fotos von den zwei guten Monaten, als ich zehn war. Ich schnitt mich aus den Bildern heraus und legte sie auf seine Nachttisch. Mit 18 bekam ich eine Zusage für ein College drei Bundesstaaten entfernt, vollstippendium. Als ich es Mom sagte, umarmte sie mich fest. ""Ich bin so stolz auf dich"", flüsterte sie. In der Nacht vor meiner Abreise kam Dad in mein Zimmer. Nüchtern, rasiert, klare Augen. ""Ich weiß, dass ich Missgebaut habe"", sagte er. ""Aber ich hole mir Hilfe. Diesmal richtige Hilfe. Wenn du an Thanksgiving nach Hause kommst, wird alles anders. Ich nickte, aber ich hatte schon vor Jahren aufgehört ihm zu glauben. Zwei Monate nach Beginn des Studiums rief M an. Dad hatte sich selbst in eine Entzugsklinik eingewiesen. Er versucht es wirklich diesmal, sagte sie. Zging kam. Ich nahm den Bus nach Hause, innerlich auf Enttäuschung vorbereitet. Dad wartete am Bahnhof. Klare Augen. 90 Tage nüchtern. Das ganze Wochenende über wartete ich darauf, dass die Maske fällt. Sie fiel nicht. Er hatte Chips von seinen AA Treffen, einen Sponsor, der ihn täglich anrief. Er hatte mein altes Zimmer renoviert. Als es Zeit war zu gehen, umarmte er mich unbeholfen. ""Ich weiß, dass du mir nicht mehr glaubst"", sagte er. ""Ich kann es dir nicht verdenken, aber diesmal werde ich da sein."" Ich nickte. Ich traute meiner Stimme nicht. Von da an rief Dad jeden Sonntag an. Kein einziges Mal verpasste er es. Er bat nie um Vergebung. Er erzählte einfach von seinem Tag, fragte nach meinen Vorlesungen zu Weihnachten. 6 Monate nüchtern in den Springbreak. 9 Monate. Zu meinem 19. Geburtstag kam eine Karte mit einem Angelschein. Wenn du willst, stand in der Notiz. Ich ging in diesem Sommer nicht mit ihm angeln. Auch im nächsten nicht. Aber ich bewarte jede Karte auf, jeden Chip für seine Meilensteine. Letzten Monat machte ich meinen Collegeabschluss. Als ich über die Bühne ging, sah ich ihn in der Menge fünf Jahre nüchtern inzwischen. Nach der Zeremonie stimmte er nicht zu mir. Er wartete, bis ich zu ihm kam. ""Ich bin stolz auf dich, Sohn"", sagte er. ""Ich weiß, Dad"", antwortete ich. Und zum ersten Mal seit Jahren glaubte ich ihm. Manche versprechen brauchen ein Leben lang, um gehalten zu werden. Manche brauchen ein Leben lang, um gebrochen zu werden.",UCYgqfRGlbTTGfMI082OP1OA,LevinLacht,435787,11916,28,0,2026-02-26T07:00:07Z,,,,,PT2M54S,174,2d,hd,false,rectangular,True,public,youtube,True,True,False,,[],[],23,de,de,"['https://en.wikipedia.org/wiki/Food', 'https://en.wikipedia.org/wiki/Lifestyle_(sociology)']",[],https://i.ytimg.com/vi/4rkOWkWvStM/default.jpg,https://i.ytimg.com/vi/4rkOWkWvStM/maxresdefault.jpg,,,,,,Nicho 3 (Histórias/Denso)
Sl5YDxmuD28,"Principles, what situation made you realize the kid wasn't the problem?",#redditstories #shorts #storytime,"['reddit', 'askreddit', 'reddit posts', 'reddit stories', 'AITA', 'r/aita', 'shorts']","Principles, what situation made you realize the kid wasn't the problem? I've been a principal for 12 years, and you'd think by now I'd have seen everything. But Bryce was different. He was in my office every single day, sometimes twice. His teacher, Mrs. Daniels, would send him down with the same note every time, disrupting class, talking back, refusing to follow instructions. I'd sit him down, give him the usual talk, ask what happened, and every single time, Bryce was calm, respectful, apologetic even. He'd say, ""I don't know what I did wrong."" And genuinely seem confused. Most kids who end up in my office that often have an edge to them. You know, they're defensive. They argue. They've got excuses ready. Bryce never did. He'd just sit there, answer my questions, and leave. And then the next day, same thing. I started wondering if maybe he had some kind of issue at home or if he was acting out for attention. But none of it added up because literally every other teacher said he was fine. Math, no problem. Science, great kid. PE coach said he was one of the most cooperative students he had. Just Mrs. Daniels class, so I made a decision most principles don't have time for. I cleared my schedule one morning and sat in on her class. Not announced, not planned, just walked in with a clipboard and took a seat in the back. Mrs. Daniels looked surprised, but didn't say anything. Bryce was sitting in the far back corner, separated from the rest of the class by two empty desks. Weird setup, but okay. Class starts. She's going over a reading assignment. Bryce has his hand up. She calls on someone else. Fine. Maybe she didn't see him. 2 minutes later, same thing. Hand up. She skips him. Calls on another student. Then again and again. By the fourth time, I'm watching this kid's face and he looks like he's about to implode. He finally puts his hand down and says, ""Not yelling. Just says, ""Are you going to call on me or not?"" And Mrs. Daniel stops mid-sentence, gives him this look like he just spit on her desk, and goes, ""Bryce, we wait our turn. I almost stood up right then, but I stayed quiet, kept watching."" She goes back to teaching, moves on to the next section. Bryce puts his hand up again. She looks directly at him, makes eye contact, and calls on the kid sitting three seats away. Bryce drops his hand, shakes his head, mutters, ""You're kidding, right?"" And she snapped. ""Bryce, office now."" I watch this kid pick up his stuff, completely defeated, and walked toward the door. I got up, told him to wait in the hallway, and walked back into that classroom. I asked Mrs. Daniels to step outside. She followed me out, still holding her dry erase marker like a weapon. I said, ""I just watched you ignore that kid five times in a row and then sent him out for reacting to it."" She goes, ""He has an attitude problem."" I pulled out my phone, opened up the school system, showed her Bryce's record. Zero referrals from anyone else. Zero behavioral issues. Perfect attendance. Above average grade. I said he doesn't have an attitude problem.",UCmOv6mUj7ubA4BIDHM1N1_Q,Reddit Report,483140,10241,74,0,2026-02-27T01:47:59Z,,,,,PT2M1S,121,2d,hd,false,rectangular,True,public,youtube,True,True,False,,[],[],22,en-US,en-US,['https://en.wikipedia.org/wiki/Lifestyle_(sociology)'],[],https://i.ytimg.com/vi/Sl5YDxmuD28/default.jpg,https://i.ytimg.com/vi/Sl5YDxmuD28/maxresdefault.jpg,,,,,,Nicho 3 (Histórias/Denso)
m267woh81Yo,His phobia is more embarrassing than my job story 😂 #shorts #funny #couples,"Ever wondered about the weirdest secrets partners keep? This video, filled with funny clips, shares a reddit stories about a ""don't ask, don't tell"" rule between partners and a surprising phobia. It's a relatable look at the small, often amusing, anxieties people carry, making for some interesting movie scenes.

@Oddixa

shorts
reddit stories
asmr
the amazing digital circus
dandys world
aphmau
salish matter
storytime
songs
tadc
therian
lily love braids
stories
reddit
gacha life
katseye
story
music
tadc episode 
demon slayer
gacha
warrior cats
scary videos
bakudeku
sus
oddixa","['a for adley', 'relationship stories', 'reddit family drama', 'reddit stories', 'family drama reddit stories', 'try not to laugh', 'reddit', 'reddit revenge stories', 'spongebob', 'spongebob squarepants', 'aita stories', 'askreddit family drama', 'reddit stories aita', 'animation', 'askreddit stories', 'reddit revenge', 'reddit drama', 'fails', 'ask reddit stories', 'storytime with reddit', 'reddit family drama story', 'my family ignored me for years', 'funny clips', 'reddit funny', 'funny shorts', 'lol', 'oddixa', 'fresh']","What weird secret did your partner hide from you? My boyfriend and I have this rule. We each get one don't ask don't tell moment from our past. Something that happened before we met that we're allowed to just keep in the vault. No judgment, no excavation. Just respect the boundary and move on. I used mine on day one. Told him I got fired from my first job for accidentally setting off a sprinkler system during a team meeting. Soaked the CEO, ruined about $30,000 worth of equipment. He laughed so hard he had to sit down. Said that was the most harmless dark secret he'd ever heard and that he was relieved I wasn't hiding something actually weird. Then he told me his. He's afraid of butterflies. Not like, ""Oh, they're a little creepy. afraid like full body recoil will leave a garden party afraid. I watched this man see a monarch land on a fence post and physically flinch backward into a hedge. I thought that was as vulnerable as we were going to get. 2 years in, I genuinely believed we had the kind of relationship where we knew everything that mattered. There were no red flags, no strange gaps in his stories, nothing that didn't add up. But every single Saturday morning, same exact rhythm. He'd get up at 6:45 a.m., kiss me on the forehead, and say, ""Going for my run. Be back in an hour. I'm not a morning person."" I'd roll over, go back to sleep, and wake up to him in the shower an hour later like clockwork. 2 years every Saturday. I never even thought about it. Then one Saturday, I woke up early with a migraine. couldn't fall back asleep. Decided to get up, make coffee, maybe catch him before he left. I walked into the living room at 6:50 a.m. and froze. He was standing in front of the TV in full running gear, earbuds in, following along to a Zumba video, not jogging in place, not stretching. Full choreography, hip swivels, arm waves, grape vine steps. This man was committed to the routine. I must have made a noise because he whipped around, ripped the earbuds out, and went completely pale. His exact words, ""How long have you been standing there long enough?"" He tried to laugh it off at first, said it was just a warm-up, but I didn't buy it. The TV showed a playlist, 15 videos deep, all Zumba, all saved, all labeled by week. So, he sat down and told me the whole thing. In college, he took a Zumba class as a joke with his roommate. Thought it would be funny. Turns out he loved it. Actually got good at it. But his friend found out and roasted him so hard he never went back. He's been doing it in secret ever since. Alone at 6:45 a.m. every Saturday for 7 years. He said he thought if I ever found out, I think he was ridiculous, that I'd tell people, that it would become the thing. I told him I didn't care, that honestly I respected the discipline, that if Zumba made him happy, he should own it. He seemed to believe me. We hugged it out. He went back to his run. I went back to bed. Now, every single Saturday morning when he kisses my forehead and says, ""Going for my run,"" I lie there awake thinking about him grape vinding across the living room in our tiny apartment. And I don't say a word because we made a deal. Also, because last week I saw a butterfly near the trash cans and watched him sprint back inside so fast he left his keys in the",UC4Uu6a8rluwOBbXGR6Uaixw,Oddixa,442222,0,68,0,2026-03-27T20:35:00Z,,,,,PT2M4S,124,2d,hd,false,rectangular,False,public,youtube,True,True,False,,[],[],24,en-US,en-US,"['https://en.wikipedia.org/wiki/Food', 'https://en.wikipedia.org/wiki/Lifestyle_(sociology)']",[],https://i.ytimg.com/vi/m267woh81Yo/default.jpg,https://i.ytimg.com/vi/m267woh81Yo/maxresdefault.jpg,,,,,,Nicho 3 (Histórias/Denso)
-vXdBIzzGK8,Mein EHEMANN möchte allein sein! #shorts #redditstories #satisfying #geschichten,Mein EHEMANN möchte allein sein! #shorts #redditstories #satisfying #geschichten,[],"Mein süßer Ehemann möchte jeden Abend eine Stunde für sich allein haben, nachdem unser Sohn eingeschlafen ist, aber er weiß nicht, dass ich weiß, was er wirklich treibt. Wir haben im Juni unser erstes Baby bekommen. Alle haben uns vor den schlaflosen Nächten und dem Chaos gewarnt, aber nichts bereitet einen wirklich darauf vor. Versteht mich nicht falsch. Ich liebe es Mama zu sein, aber zwischen Fütterungszeiten, Windelwechseln und der ständigen Sorge haben mein Mann und ich kaum Zeit zum Atmen. Geschweige denn einen Moment nur für uns. Vor ein paar Wochen kam die Tante meines Mannes zu Besuch. Sie brachte unserem Sohn die wunderschönste grob gestrickte Decke mit. Sie hatte diese traumhafte cremefarbene Farbe und dicke weiche Maschen. In dem Moment, als ich sie berührte, war ich besessen. Jedes Mal, wenn ich das Baby hingelegt hatte, wickelte ich mich selbst darin ein. Mein Mann lachte dann immer und sagte, die ist nicht für dich. Und ich antwortete: ""Ist mir egal. Ich will genauso eine. Ich bin gerade ernsthaft eifersüchtig auf unseren sechs Monate alten Sohn."" Er lächelte nur und schüttelte den Kopf. ""Dan kam letzter Samstag. Mein Mann sagte, er müss ein paar Besorgungen machen, ganz normal, nur dass er komisch reagierte, als ich fragte, wohin er geht."" Er meinte nur, es seien Sachen und er sei bald zurück. Ich dachte mir nichts weiter dabei, bis ich später am Nachmittag Wäsche wegräumte und eine Plastiktüte vom örtlichen Bastelladen ganz hinten in seinem Kleiderschrank fand. ""Er geht wirklich nie in Bastelläden."" ""Nie, ich wurde misstrauisch,"" sagte aber nichts. Am Abend setzte er sich mit einem ernsten Gesichtsausdruck zu mir. Mein erster Gedanke war: ""Oh nein, was habe ich jetzt schon wieder gemacht?"" Er sagte: ""Also, ich habe nachgedacht. Ich würde gerne jeden Abend eine Stunde für mich haben, nachdem das Baby schläft. Ich blinzelte. Zeit für dich allein? Ja, nur eine Stunde. Ich verlasse nicht das Haus oder so, aber ich brauche dich, dass du mich in der Zeit nicht störst. Außer es ist ein echter Notfall. Du kannst schreiben oder anrufen, wenn du mich brauchst, aber sonst brauche ich einfach diese Zeit. Ehrlich gesagt, war ich erst ein bisschen verletzt. Wurde er unserer Familie überdrüssig, brauchte er Abstand von mir, aber dann wurde mir klar, dass wir beide völlig am Limit laufen. Wenn er eine Stunde zum Abschalten brauchte, konnte ich ihm das nicht verdenken. Ich stimmte zu. Also verschwand mein Mann an diesem Abend, nachdem ich unseren Sohn ins Bett gebracht hatte, im Gästezimmer. Ich saß allein auf der Couch, scrollte durch mein Handy und versuchte mich nicht seltsam zu fühlen. Die nächsten Abende liefen genauso ab. Jeden Abend wie ein Uhrwerk gab er mir einen Gute Nachtkuss und verschwand exakt für eine Stunde. Ich wurde immer neugieriger. Was macht er da drin? Spielte er? Schaute er Serien ohne mich? Ehrlich gesagt fühlte ich mich ein bisschen ausgeschlossen. Dann änderte sich gestern Abend alles. Gegen 20:30 Uhr hörte ich über das Babyphone, wie unser Sohn unruhig wurde. Ich nahm mein Handy, um die Kamera zu überprüfen, bereit hineinzugehen, falls er mich brauchte. Aber als ich die App öffnete, erstarrte ich: ""Unser Babyphone hat einen Weitwinkel. Es zeigt das Bettchen, erfasst aber auch einen Teil des Zimmers, einschließlich der Ecke neben dem Kleiderschrank. Und dort saß mein Mann im Schneidersitz auf dem Boden im schwachen Licht seines Handydisplays. Um ihn herum lag Kneul aus dickem cremefarbenem Garn. Ich blinzelte auf den Bildschirm. Was machte er da?"" Ich stellte den Ton lauter. Okay, also du nimmst das garn und legst es so über deinen Finger, dann ziehst du es durch. Er schaute sich ein YouTube Tutorial zum Fingersticken an. Ich saß auf der Couch, die Hand vor dem Mund und beobachtete den Mann, den ich geheiratet habe, wie er versuchte, einer fröhlichen Frau auf YouTube zu folgen, die ihm erklärte, wie man strickt. Er machte ständig Fehler. Ich sah, wie er die Stirn runzelte, ein Stück wieder aufribbelte und neu begann. Seine Finger kämpften mit den dicken Schlaufen. Einmal murmelte er: ""Wie machen Leute das?"" und ich musste mich zusammenreißen, nicht laut loszulachen. Er machte mir eine Decke. Dieser süße, etwas tollpatschige Mann hatte sich gemerkt, dass ich gesagt hatte, ich wolle auch so eine. Er war in den Bastelladen gegangen, hatte alles gekauft und verbrachte nun seine kostbare Stunde Freizeit, seine einzige Stunde Ruhe nach einem langen Tag auf dem Boden im Kinderzimmer unseres Sohnes, um sich selbst das Strecken beizubringen, nur um mich zu überraschen. Heute morgen, nachdem er zur Arbeit gegangen war, schaute ich noch einmal aufs Babyphon. Hinter dem Schaukelstuhl versteckt lag eine halbfertige Decke. Sie ist ein bisschen ungleichmäßig und etwas hubbelig, aber sie ist das Schönste, was ich je gesehen habe. Ich habe kein Wort gesagt. Jetzt beobachte ich ihn jeden Abend über das Babyphon. Er ist besser geworden. Die Maschen sind gleichmäßiger. Seit dem Anfang hat er ungefähr 8 cm geschafft. Gestern Abend betrachtete er sein Werk, lächelte vor sich hin und flüsterte. Sie wird das lieben und das tue ich jetzt schon. Er hat keine Ahnung, dass ich es weiß und ehrlich gesagt werde ich ihn weiter glauben lassen. Er ziehe hier die Überraschung des Jahrhunderts durch, denn ihm dabei zuzusehen, wie er sein Herz in dieses Projekt steckt, wie er seine einzige freie Stunde opfert, um mit seinen eigenen Händen etwas für mich zu machen, nur weil ich einmal erwähnt habe, dass ich es mir wünsche. Das war das eigentliche Geschenk. Ich werde überrascht tun, wenn er sie mir gibt.",UCYgqfRGlbTTGfMI082OP1OA,LevinLacht,398484,14760,64,0,2026-02-21T11:00:01Z,,,,,PT3M,180,2d,hd,false,rectangular,True,public,youtube,True,True,False,,[],[],23,de,de,"['https://en.wikipedia.org/wiki/Hobby', 'https://en.wikipedia.org/wiki/Lifestyle_(sociology)']",[],https://i.ytimg.com/vi/-vXdBIzzGK8/default.jpg,https://i.ytimg.com/vi/-vXdBIzzGK8/maxresdefault.jpg,,,,,,Nicho 3 (Histórias/Denso)
VBhk0lFRnN8,Nobody From My Family Came To My Husband’S Funeral Not Even My Parents Nor My Best Friend,"#emotionalreddit #redditstories  #aitareddit   #redditrelationship  #shorts 
They lowered my husband into the ground, and I stood there alone. The row of seats we’d reserved for my parents, my sister, and my childhood best friend stayed empty. They all chose my sister’s engagement party instead. As the first dirt hit the casket, my phone lit up: Mom — “We need to talk now.”","['emotional story', 'reddit story', 'stories', 'aita reddit', 'shorts', 'reddit stories']","They lowered my husband into the ground and I stood there alone. The row of seats we'd reserved for my parents, my sister, and my childhood best friend stayed empty. They all chose my sister's engagement party instead. As the first dirt hit the casket, my phone lit up. Mom, we need to talk now. I married a man my family never wanted. He was a working-class engineer with zero connections, which to my parents was basically a felony. At dinners, they'd nitpick our apartment, his job, our timeline for kids. 10 minutes later, they'd turn to my sister and praise her standards and her wealthy boyfriend. My best friend used to cringe at it until she didn't. Looking back, that quiet switch was the betrayal warming up in the background. 6 months before he died, he collapsed on a run. Stage 4 brain cancer. I called my mom shaking and she asked about second opinions, then pivoted to my sister, probably getting proposed too soon. That's when I realized my husband's terminal diagnosis was just inconvenient noise to them. Treatment chewed him up fast. I lived on hospital coffee and vending machine granola bars, sleeping in scraps, learning meds like a second language. My parents visited once for 30 awkward minutes. My sister never came. My best friend showed up twice, stayed under an hour, and kept checking her phone. Then my mom called thrilled. Country club caterer the whole performance. The engagement party date landed right in the hospice window. I kept wondering if they truly couldn't hear themselves or if they just didn't care. When I said he might have days, my mom replied, ""Your sister only gets engaged once. He died at 3:27 a.m. His parents and I holding his hands. My family sent texts like they were replying to a calendar invite. Sorry for your loss. Let us know about the funeral."" My best friend texted, ""Do you need me?"" And then I promised to help set up for the party. I scheduled the funeral for Tuesday, figuring the party would be over. I sent the details everywhere. Tuesday morning, the room filled with my husband's co-workers and friends. The reserved row for my family stayed blank, not even a card. After the service, my phone buzzed. My sister had posted photos, champagne smiles, my parents glowing, my best friend clinking glasses. The time stamp was yesterday, not Saturday. They'd stretched the celebration into days while I was picking an earn. That afternoon, one of my husband's co-workers emailed me a video he'd recorded at their hotel brunch. My sister, tipsy and grinning, toasted, family who shows up for the important things, then called my grief drama. My parents laughed, and my best friend laughed loudest and said, ""She's always been the queen of exaggeration."" I stopped the video, physically sick. I couldn't tell if I was numb or on fire. Then my mom texted again. They needed my signature to update the family trust. The day after my husband's funeral, a friend looped in her husband and a state attorney. He read the amendment and said, ""Don't sign. This cuts you out and reroutes everything to your sister."" At 11:00 a.m., my doorbell camera showed my parents, my sister, and my former best friend on my porch with a folder. They walked in acting concerned. ""We're worried about you. Let's just handle the paperwork."" My sister dropped onto my couch and said, ""People die every day."" I opened my phone and hit play. Then, my sister's voice filled my living room. Next, their laughter followed, sharp and proud. Then, my mom's smile froze mid- breath. After that, my dad stared at the carpet again. My best friend heard her own words. Then the silence landed, heavy and final. My dad cried, ""Out of context."" I pointed at the trust papers. ""You came here to erase me a day after you skipped his funeral."" My best friend started crying and whispered, ""I was just going along."" I said, ""Going along is a choice."" My sister snapped. ""Just sign it. You've got life insurance anyway."" That sentence flipped something in me. ""Get out,"" I said. My mom grabbed my arm and hissed. ""You'll regret this."" I peeled her hand off. ""No, I regret trusting you."" I held the door open until all of them left. The house was still unbearable, but it was honest. This was the moment I understood I'd been grieving two deaths, my husband and the illusion of a family that would ever choose me. I blocked them, kept my lawyer involved, and let the people who actually showed up become my new definition of",UCkkq81wYhUcXx00Wi3_fnzg,Emotional Reddit,417979,14171,88,0,2026-03-04T00:05:02Z,,,,,PT2M58S,178,2d,hd,false,rectangular,False,public,youtube,True,True,False,,[],[],22,en,en,['https://en.wikipedia.org/wiki/Lifestyle_(sociology)'],[],https://i.ytimg.com/vi/VBhk0lFRnN8/default.jpg,https://i.ytimg.com/vi/VBhk0lFRnN8/maxresdefault.jpg,,,,,,Nicho 3 (Histórias/Denso)
OXW0rG5Q6W0,WAS schlimmes ist an eurer SCHULE passiert? #shorts #redditstoriesdeutsch #satisfying,WAS schlimmes ist an eurer SCHULE passiert? #shorts #redditstoriesdeutsch #satisfying,[],"Was war die schlimmste Durchsage, die es je an eurer Schule gab? Es ist Mittwoch, zweite Stunde. Ich sitze im Chemieunterricht und starre Gedanken verloren auf mein Blatt, weil wir in der nächsten Stunde einen bei einen Test schreiben. Frau Schneider erklärt gerade irgendetwas über Atombindungen, als sie mitten im Satz verstummt. Sie schaut auf ihr Handy und wird Kreidebleich. So habe ich sie noch nie gesehen. Reiner Schrecken. Dann knackt die Lautsprecheranlage. Die Stimme von Direktor Müller klingt brüchig, als hätte er geweint. Alle Schülerinnen und Schüler begeben sich bitte sofort in ihren Klassenraum. Lehrkräfte überprüfen bitte umgehend ihre Notfall E-mails. Alle sehen sich verwirrt an. Es ist einfach nur ein ganz normaler Mittwoch. Mittwochs passiert nie etwas. Bestimmt eine Bombendrohung, flüstert Lukas neben mir. Doch Frau Schneider drängt uns schon zur Tür. Im Klassenraum angekommen, steht Herr Becker vorne am Pult. Seine Hände zittern, während er auf den Bildschirm startt. Er wirkt als würde ihm gleich schlecht werden. ""Packt bitte eure Sachen"", sagt er mit belegter Stimme. ""Der Unterricht wird für den Rest des Tages und auch morgen ausgesetzt."" ""Was? Warum?"", fragt Melissa entsetzt. ""Ich kann doch nicht einfach nach Hause gehen. Eure Eltern werden informiert. Draußen stehen mehrere Polizeiwagen auf dem Parkplatz. Außerdem ein großer weißer Transporter vom Gesundheitsamt. Menschen in Schutzanzügen gehen auf das Schulgebäude zu. Ich schreibe sofort meiner Mutter. Schule schließt früher. Wir werden alle nach Hause geschickt. Keine 10 Sekunden später ruft sie an. Wo bist du? Auf dem Heimweg. Was ist los? Komm direkt nach Hause. Bleib nirgendwo stehen. Rede mit niemandem. Ihre Stimme zittert. Meine Mutter klingt nie so. Ich renne fast den ganzen Weg. Zu Hause läuft sie in der Küche auf und ab, noch in ihrer Arbeitskleidung. Sie kommt sonst nie vor 17 Uhr heim. Setz dich, sagt sie. Ich muss dir etwas sagen, bevor du es online siehst. Mama, du machst mir Angst. Sie holt tief Luft. In der Schulküche wurde heute etwas gefunden. Was denn? Rattengift? Es wurde unter die Lebensmittel gemischt. Seit einem Monat werden Schülerinnen und Schüler absichtlich vergiftet. Mir wird eiskalt. Das meinst du nicht ernst. 15 Kinder liegen im Krankenhaus. Diese angebliche Magendarmgrippe? Es war keine. Mir wird schwindelig. Mein Freund Tim war letzte Woche vier Tage krank. Sarah fehlte eine ganze Woche. Markus hat sich am Montag im Unterricht übergeben. Wer macht so etwas? Meine Mutter wischt sich die Tränen aus dem Gesicht. Heute morgen wurde jemand verhaftet, kurz bevor die Schule geschlossen wurde. Mein Handy explodiert vor Nachrichten. Schau auf Instagram von Lukas. Unsere Schule ist in den Nachricht von Emma. Ich öffne die App. Unser Schulgebäude ist mit Abschwerband umgeben. Darunter steht: Mitarbeiterin der Schulmänser wegen systematischer Vergiftung von Schülerinnen und Schülern verhaftet. Mir stockt der Atem. Wer wurde festgenommen? Meine Mutter zögert. Frau Hoffmann, alles in mir erstarrt. Frau Hoffmann arbeitet seit meiner Grundschulzeit in der Mens. Sie kennt jeden beim Namen, fragt nach unseren Spielen. Gibt mir immer extra Brotstangen, weil sie weiß, dass ich sie liebe. Das ist unmöglich. Sie würde niemandem weh tun. Das Gift wurde in ihrem Spint gefunden"", sagt meine Mutter leise und eine Liste, eine Liste mit bestimmten Namen, Schülerinnen und Schüler mit Auszeichnungen, Mitglieder der Schülervertretung, Jugendliche mit Stipendien. Da trifft es mich. Ihr Sohn Daniel hat vor drei Jahren Abschluss gemacht. Er war nie Klassenbester, hat keinen Studienplatz bekommen, arbeitet jetzt an einer Tankstelle. Ich erinnere mich, wie sie manchmal sagte, dass die klugen Kinder heute so viele Vorteile hätten. Eine neue Nachricht von Tim. Ich wäre fast gestorben, nur weil jemand neidisch war. Ich denke an jedes Mittagessen in diesem Monat, an die Brötchen, an die Pizza, an die Salatbar, an der ich jeden Tag stand. Wir alle haben dieses Essen wochenlang gegessen und sie wusste genau, wen sie treffen wollte.",UCYgqfRGlbTTGfMI082OP1OA,LevinLacht,444931,11515,27,0,2026-02-15T15:00:39Z,,,,,PT2M27S,147,2d,hd,false,rectangular,True,public,youtube,True,True,False,,[],[],23,de,de,['https://en.wikipedia.org/wiki/Lifestyle_(sociology)'],[],https://i.ytimg.com/vi/OXW0rG5Q6W0/default.jpg,https://i.ytimg.com/vi/OXW0rG5Q6W0/maxresdefault.jpg,,,,,,Nicho 3 (Histórias/Denso)
Kbp7KlfMYDc,My mom promised the family house to “whoever takes care of me” after her kidneys failed,"#emotionalreddit #redditstories  #aitareddit   #redditrelationship  #shorts  
My mom promised the family house to “whoever takes care of me” after her kidneys failed. Three years later, on Christmas Eve, she looked me in the eye and said the deed was already in my sister’s name. That was the night I walked out with a half-empty suitcase. And it was the night they learned I wasn’t bluffing.","['emotional story', 'reddit story', 'stories', 'aita reddit', 'shorts', 'reddit stories']","My mom promised the family house to whoever takes care of me after her kidneys failed. Three years later on Christmas Eve, she looked me in the eye and said the deed was already in my sister's name. That was the night I walked out with a half empty suitcase and it was the night they learned I wasn't bluffing. I moved back home the day she started diialysis. My sister, Jenna, hugged her and said, ""You've got her. I won't fight you for the house."" Then she disappeared into her rich boyfriend's life. I quit my job to keep mom alive. Three times a week, I got her up at 4:00 a.m. drove her to treatment, tracked meds, and slept in hospital chairs when things went sideways. When mom hated the bland hospital food, I cooked and brought it in anyway. When bills came, I paid them. The clinic always had that fluorescent hum that crawled into my skull. Looking back, I was chasing something embarrassingly simple. Proof she loved me the same. I couldn't tell if I was caregiving or auditioning. On the third Christmas Eve, Jenna showed up sobbing at the door. Mom, he dumped me. I have nothing. Mom's voice turned soft in a way I barely recognized. It's okay, baby. If you lost everything, I saved something for you. The house is already in your name. My stomach dropped. Mom, what? She waved me off. Don't play innocent. You only took care of me for the house. It felt like ice water in my chest. I kept wondering how she could say that with my hands still smelling like sanitizer. I said. So, you won't need me covering treatment anymore, right? Jenna blinked. Wait, what are you saying? Mom snapped. The house is Jenna's. Stop dreaming. I laughed and it came out ugly. You made the deal. I did the work. You signed it away in secret. Mom's face hardened. A daughter caring for her mother is duty. Your sister is innocent. You're the calculating one. That was the moment I understood it didn't matter what I did. She'd already decided who was good and who was useful. I packed. Honestly, it was humiliating how little I owned after 3 years. I dragged my suitcase into the living room and mom didn't even look up. What took you so long? Hurry up and start dinner. Your sister's home. Jenna went pale when she saw the bag. Then mom finally looked at my suitcase. Next, her chair scraped hard against the floor. Then she pointed at the door like I was dirt. Next, she raised her voice so the walls seemed thinner. Then she hissed, ""Get out. I don't have a daughter."" Next, I nodded once and pulled the suitcase handle. Then Jenna whispered, ""I don't know how to do this."" Outside, the cold air burned my lungs. I slept on my friend Lena's couch, then rented a tiny one-bedroom and applied everywhere. Most places ghosted me over the three-year gap until one manager said, ""Caregiving takes discipline."" A week later, I had a paycheck again. I worked days and took freelance gigs at night, exhausted in a way that finally felt chosen. Then the hospital called. Mom's bill was unpaid and they'd found a donor match. Surgery would be $800,000. My fingers went numb on the phone, but my voice didn't. Please contact my mother or her other daughter about payments, I said. 10 minutes later, Jenna called crying. Please come back. I can't manage her. In the background, I heard groaning and it still hurt. Then mom grabbed the phone and sounded way too strong for someone too sick to decide. Have you become heartless? You'll cut me off. I said, ""You transferred the house. You transferred the responsibility."" Then I hung up and blocked her. A few days later, official mail arrived. The house had been in Jenna's name for over a year. Over a year. So Christmas wasn't a decision, just a reveal. That's when I realized the promise was never a promise. It was a leash. When mom later tried to offer half the house back, I just asked what changed. She said Jenna wasn't stable and I was. I told her I didn't want property as payment for my backbone. I left before she could call me selfish again. Months later, Jenna called near midnight. Mom collapsed. She's asking for you. I went once on my terms and sat by her bed while the machines clicked. She didn't apologize. She just admitted. I thought you'd come back. I know. I said you underestimated me. She died after the surgery. The house stayed with Jenna. I got one small envelope later. A shaky note admitting she knew I was strong and she didn't know how to say it. Too late. didn't rewrite the past, but it also didn't own me. I stopped waiting to be chosen.",UCkkq81wYhUcXx00Wi3_fnzg,Emotional Reddit,375447,11812,68,0,2026-03-02T23:07:00Z,,,,,PT2M58S,178,2d,hd,false,rectangular,False,public,youtube,True,True,False,,[],[],22,en,en,['https://en.wikipedia.org/wiki/Lifestyle_(sociology)'],[],https://i.ytimg.com/vi/Kbp7KlfMYDc/default.jpg,https://i.ytimg.com/vi/Kbp7KlfMYDc/maxresdefault.jpg,,,,,,Nicho 3 (Histórias/Denso)
eju-e_Y5Dz4,Has quick thinking ever saved your life? #shorts #story #reddit #viral,,[],"Has quick thinking ever saved your life? When I was 16, my parents went out of town for their anniversary weekend, leaving me home alone for the first time. My older brother, Jake, was supposed to check on me, but he was away at college. I was actually excited to have the house to myself. Saturday night around 10:00 p.m., I was in my pajamas watching Netflix when I heard our back door open. I figured it was my brother coming to check on me like he'd promised, so I called out, ""Jake, is that you?"" No answer. I muted the TV and listened. Footsteps in the kitchen, but they were too quiet, too. Jake would have just yelled back or come straight to the living room. These footsteps were deliberately trying to be silent. My heart started pounding. I grabbed my phone and crept toward the kitchen, thinking maybe I should call 911. But as I got closer, I heard a voice I recognized. She's definitely here. Her car's in the driveway and all the lights are on. It was my brother's best friend, Marcus. He'd been coming to our house since middle school. Practically lived here during high school. I'd known him for years. Then I heard another voice. You sure her parents aren't coming back tonight? Positive. They're 3 hours away at some fancy resort and Jake's not coming home until Sunday. I froze. Why was Marcus here with someone else? And why were they talking about my parents' schedule? I heard Marcus again. I've been planning this for months. Every time I'm over here, I've been figuring out the layout where her room is when she's usually alone. Tonight's perfect. My blood turned to ice. Marcus, who'd eaten dinner at our table hundreds of times, who my parents trusted completely, who Jake considered his best friend, had been planning something. The other voice said, ""What if she screams?"" She won't. She trusts me. I'll just tell her I came to check on her like Jake asked. By the time she realizes what's happening, it'll be too late. I was shaking so hard I could barely hold my phone. I had maybe 30 seconds before they came looking for me. The front door was too far, and they'd hear me running. I was trapped. That's when I remembered something my dad had taught me about home invasions. If you can't escape, make them think someone else is coming. I quickly called Jake's number and put it on speaker, praying he'd answer. It rang once, twice. Hey sis, what's up? I spoke loudly enough for them to hear. Jake, thank God you're here early. I heard you guys come in through the back door. Are you bringing Marcus up to my room now or should I come down? There was confused silence from the kitchen. Jake sounded puzzled. What? I'm not there. I'm still at school. What are you talking about? But I kept going with my act. Oh, perfect. Yeah, bring him up. I've been waiting for you guys to get here for the sleepover. I heard frantic whispering from the kitchen. Then Marcus' voice panicked. Jake's here. I thought you said he wasn't coming until tomorrow. The other guy, you said we had all night. Marcus, we need to go now. I heard them scrambling toward the back door. Meanwhile, Jake was yelling through the phone. What the hell is going on? Who's in the house? I'm calling the police. I heard the back door slam and a car speeding away. Jake drove 3 hours that night to get home. When the police arrived, they found that Marcus had disabled our security system using the code he'd watched my parents enter dozens of times. During the investigation, they found photos on his phone, pictures of me sleeping that he'd taken during sleepovers, screenshots of my social media posts about being home alone. He's serving three months now, but I still can't sleep when I'm home alone.",UCz65S2nuufOfhkbY_1twTMA,reading,420208,11758,37,0,2026-03-07T18:00:44Z,,,,,PT2M35S,155,2d,hd,false,rectangular,True,public,youtube,True,True,False,,[],[],22,en,en,['https://en.wikipedia.org/wiki/Lifestyle_(sociology)'],[],https://i.ytimg.com/vi/eju-e_Y5Dz4/default.jpg,https://i.ytimg.com/vi/eju-e_Y5Dz4/maxresdefault.jpg,,,,,,Nicho 3 (Histórias/Denso)
KLss5yelU2g,Wie ENTSCHEIDUNGEN wirken können! #shorts #redditstories #satisfying #geschichte,Wie ENTSCHEIDUNGEN wirken können! #shorts #redditstories #satisfying #geschichte,[],"Was ist dein? Ich kam um Kupfer zu suchen und fand Goldmoment. Als ich 13 war, ging ich durch einen Park, als ich einen Jungen in meinem Alter sah, der ganz allein Fußball spielte. Er sah wirklich traurig aus. Er schoss den Ball weit nach vorne und rannte ihm hinterher, als würde er so tun, als hätte er Freunde, mit denen er spielen könnte. Also beschloss ich zu ihm rüberzugehen und mit ihm zu spielen, um ihn ein bisschen aufzuheitern. Ich ging zu ihm und fragte, ob ich mitmachen dürfte und ich sah, wie seine Augen plötzlich aufleuchteten. Wirklich? Du willst wirklich mit mir spielen? Ich sagte ihm ja und bat ihn mir den Ball zu passen, damit ich ihm einen coolen Trick zeigen konnte. Er ging ein paar Schritte zurück und wollte mir gerade den Ball zuspielen, aber im letzten Moment stoppte er. Er hob seinen Ball auf und sagte: ""Beim letzten Mal, als jemand gefragt hat, ob er mit mir spielen darf, habe ich ihm den Ball zugespielt und er ist damit einfach weggerannt. Meine Eltern haben mich dumm genannt und gesagt: ""Dumme Kinder verdienen keinen neuen Ball. Ich musste meinen Onkel anbetteln, damit er mir einen neuen kauft. Ich bin nicht mehr dumm und ich passe nicht."" Er drehte sich um, hielt seinen Ball fest und mir brach ein bisschen das Herz für ihn. Ich ging wieder zu ihm zurück und versprach ihm mit einem Pinky Promise, dass ich seinen Ball nicht nehmen würde. Ich sagte ihm, ich mache den Trick direkt vor ihm, damit ich gar nicht wegrennen kann. Schließlich gab er mir den Ball. Als ich ihm den Trick zeigte, war er völlig fasziniert. ""Das ist so cool. Bring mir bei, wie das geht"", rief er. Er begann sofort es selbst zu versuchen. Am Anfang klappte es nicht, aber er war unglaublich entschlossen. ""Ich schaffe das noch. ""Pass auf"", sagte er und nach einer ganzen Stunde voller Versuche und Fehler machte er es schließlich perfekt. Als es ihm gelang, war er so aufgeregt, dass er mir sofort ein High Five gab und mich seinen coolen, neuen besten Freund nannte. Den Rest des Nachmittags wechselten wir uns damit ab, 11 Meter gegeneinander zu schießen. Als ich ihm sagte, dass ich nach Hause gehen müsse, fragte er mich, ob wir uns morgen zur gleichen Zeit wieder hier treffen und spielen wollen. Ich sagte ja. Als ich am nächsten Tag zurückkam, sah ich ihn schon dort stehen und den Trick üben, den ich ihm beigebracht hatte. Als er mich sah, rannte er zu mir und sagte, er sei extra früher gekommen, damit er üben und mir zeigen könne, wie viel besser er geworden ist. Er wurde schließlich mein bester Freund, war der Trauzeuge bei meiner Hochzeit und wenn ich damals nicht zu ihm gegangen wäre, wäre das alles nie passiert.",UCYgqfRGlbTTGfMI082OP1OA,LevinLacht,468263,11791,27,0,2026-03-14T07:00:28Z,,,,,PT1M33S,93,2d,hd,false,rectangular,True,public,youtube,True,True,False,,[],[],23,de,de,['https://en.wikipedia.org/wiki/Lifestyle_(sociology)'],[],https://i.ytimg.com/vi/KLss5yelU2g/default.jpg,https://i.ytimg.com/vi/KLss5yelU2g/maxresdefault.jpg,,,,,,Nicho 3 (Histórias/Denso)
aX2cM2HqiK8,Deine FAMILIE hat dich abgestoßen ! #shorts #redditstories #satisfying #geschichte,Deine FAMILIE hat dich abgestoßen ! #shorts #redditstories #satisfying #geschichte,[],"Mein Handy klingelte während meiner Schicht. Es war meine Mutter. Notfallfamilientreffen. Komm sofort nach Hause, sonst sind wir fertig mit dir. Ich dachte, jemand liegt im Krankenhaus oder ist gestorben. Ich sagte meinem Manager, es sei ein Notfall und raste nach Hause. Mein Herz hämmerte während der gesamten 20minütigen Fahrt. Ich fuhr in unsere Einfahrt und sah überall Autos. Der Honda meiner Tante, der Pickup meines Onkels, der verbollte Corolla meiner Cousine Stephanie, sogar der uralte Bick meiner Großeltern stand schief auf dem Rasen geparkt. Ich ging durch die Haustür und erstarrte. Unser Wohnzimmer war voll mit 15 Familienmitgliedern, die auf Stühlen saßen, die sie aus Küche und Esszimmer herangeschleppt hatten. Es sah aus wie ein Intervention Setup aus einer dieser Reality TV Shows. Meine Mutter stand auf und hielt einen dicken Stapel ausgedruckter Seiten in der Hand. Ihr Gesicht war steinern ernst. Wir wissen von dem Instagram Account. Mir rutschte das Herz in die Hose. Sie hatten meine Fitnessseite gefunden. Vor sechs Monaten hatte ich angefangen Workout Videos und Inhalte zu gesunden Mahlzeiten zu posten. Nichts Verrücktes, einfach ich in Sportkleidung, wie ich die richtige Ausführung zeige und Tipps teile. Ich hatte es komplett geheim von meiner ultra konservativen religiösen Familie gehalten, weil ich wusste, dass sie ausrasten würden. Die Seite explodierte schneller, als ich es mir je vorgestellt hatte. Ich habe jetzt 187 000 Follower und verdiene etwa 3200 $ im Monat durch Sponsoring mit Proteinpulverfirmen und Sportmarken. Ich habe jeden einzelnen Cent heimlich gespart, um auszuziehen und vielleicht mein eigenes Personal Training Business zu starten. Das ist absolut widerlich, fauchte meine Tante Martha und wedelte mit Ausdrucken meiner Posts: Halbnakte Fotos für völlig fremde Menschen im Internet. Das Gesicht meines Vaters war rot vor Wut. Du bringst Schande und Peinlichkeit über unseren Familiennamen. Was sollen die Leute in der Kirche denken, wenn sie diesen Müll sehen? Meine jüngere Schwester Madison, von der ich dachte, sie würde es vielleicht verstehen, dass sie erst 22 ist, schüttelte enttäuscht den Kopf. Ich kann nicht glauben, dass du dieses Doppelleben geführt hast. Das ist so falsch und aufmerksamkeitsheischend. Meine Großmutter, 84 Jahre alt und kaum in der Lage E-Mails zu verstehen, hatte es irgendwie geschafft, meine Inhalte zu finden. Zu meiner Zeit hatten junge Damen Anstand und Selbstachtung. Das ist reine Eitelkeit. Die Ironie brachte mich innerlich um. Das sind dieselben Leute, die mich ständig kritisieren, weil ich angeblich keine Richtung im Leben habe. Nicht genug Geld in meinem Teilzeitjob im Einzelhandel verdiene und nicht ehgeizig genug bin. Und jetzt, wo ich tatsächlich in etwas erfolgreich bin und gutes Geld verdiene, wollen sie es zerstören. Lösch diesen Account sofort, erklärte meine Mutter mit der Autorität einer Richterin, die ein Urteil spricht. Das ist Satans Werk und dieses sündige Verhalten wird unter unserem Dach nicht fortgesetzt. Mein Onkel Dan, der schon immer als moralische Instanz der Familie galt, stand auf. Wir haben das als Familie besprochen und wir sind uns alle einig. Entweder du entfernst diese Inhalte und bittest Gott um Vergebung oder du bist in diesem Haus nicht mehr willkommen. Was mich an der ganzen Sache wirklich wütend machte. Ich war buchstäblich drei Wochen davon entfernt, 200.000 Follower zu erreichen. Wenn ich diesen Meilenstein schaffe, qualifiziere ich mich für eine riesige Markenpartnerschaft mit einem großen Supplementunternehmen, das mir $ im Voraus für einen Jahresvertrag zahlen würde. 000 $, die mein Leben komplett verändern und es mir ermöglichen würden, sofort auszuziehen. Aber meine Familie wollte, dass ich diese unglaubliche Chance wegwerfe, weil es ihnen peinlich ist, dass jemand aus der Kirche mich vielleicht beim Kniebeugen machen in Sportkleidung sieht. Der Raum wurde totenstill, während alle mich anstarten und darauf warteten, dass ich zusammenbreche, mich entschuldige und verspreche, alles zu löschen, wie die gehorsame Tochter, die sie von mir erwarteten. Stattdessen sah ich in all ihre verurteilenden, enttäuschten Gesichter und etwas in mir riss. Wisst ihr was? Sagte ich ruhig. Ihr habt absolut recht. Ich sollte mich schämen. Ich sah, wie Erleichterung über ihre Gesichter huschte. Ich sollte mich schämen, dass ich meinen Erfolg vor Menschen verborgen habe, die behaupten, mich zu lieben. Ich sollte mich schämen, dass ich Angst hatte, euch zu sagen, dass ich mehr Geld verdiene, als die meisten von euch, tausenden von Menschen helfe, gesünder zu werden und mir etwas aufbaue, auf dass ich wirklich stolz bin. Die Augen meiner Mutter verengten sich. Wage es ja nicht, das umzudrehen und ich bin noch nicht fertig, unterbrach ich sie. Meine Stimme wurde stärker. Ihr wollt mich verstoßen, weil ich erfolgreich bin, weil ich meinen Körper auf positive Weise nutze, um andere Menschen zu inspirieren? Fein, aber ich lösche gar nichts. Ich griff nach meiner Handtasche und ging zur Treppe, um meine Sachen zu packen. ""Wenn du durch diese Tür gehst, bist du für uns tot"", schrie mein Vater. Ich blieb am Fuß der Treppe stehen und drehte mich ein letztes Mal zu ihnen um. Gut, für Menschen tot zu sein, die meinen Erfolg nicht feiern können, klingt für mich nach Freiheit. Ich packte alles, was ich besaß in zwei Koffer und zog noch in derselben Nacht zu meiner Freundin Alexis. Drei Wochen später erreichte ich 200.000 Follower und unterschrieb den 50.000$ Vertrag. Bestes Familientreffen aller Zeiten.",UCYgqfRGlbTTGfMI082OP1OA,LevinLacht,406238,12777,41,0,2026-03-03T15:00:01Z,,,,,PT3M,180,2d,hd,false,rectangular,True,public,youtube,True,True,False,,[],[],23,de,de,['https://en.wikipedia.org/wiki/Lifestyle_(sociology)'],[],https://i.ytimg.com/vi/aX2cM2HqiK8/default.jpg,https://i.ytimg.com/vi/aX2cM2HqiK8/maxresdefault.jpg,,,,,,Nicho 3 (Histórias/Denso)
S9z3aixNCuc,ICH habe die größte REBELLION zusammengestellt! #shorts #redditstorie #satisfying #geschichte,ICH habe die größte REBELLION zusammengestellt! #shorts #redditstorie #satisfying #geschichte,[],"Ich habe in der Grundschule eine Armee zusammengestellt und in der dritten Klasse die größte Rebellion in der Geschichte meiner Schule angezettelt. Meine Schule wurde von einer Gruppe berüchtigter Mobber geführt. Es waren ein paar Sechstklässlerinnen, die sich für unglaublich cool hielten und sie schubsten ständig die kleineren Kinder herum, stopften uns in Spinde und machten uns das Leben allgemein zur Hölle. Das Problem war, Mädchen sind in diesem Alter oft deutlich größer als Jungen. Wenn du also ein schmächtiger achtjähriger Junge bist, der etwa 1,27 m groß ist, dann fühlt sich der einhändige Schubs eines 1,57 m großen Mädchens an wie ein rechter Haken von Mike Tyson in Bestform. Eines Tages wurde ich ohne jeden Grund gnadenlos in einen Spint gestoßen und habe mir dabei den Kopf aufgeschlagen. In diesem Moment hatte ich genug. Ich stand auf, das Blut lief mir von der Stirn und ich sagte den Mädchen, dass wir alle die Nase voll von ihnen hatten. Und wenn sie einen Kampf wollten, dann würden sie einen bekommen. Das führte natürlich zu spontanem Gelächter. Eine von ihnen kam sogar zu mir und schubste mich zu Boden. Während ich am Boden lag, sagte ich ihr, sie solle mich nach dem Mittagessen hinter dem Hügel treffen, wo die Lehrer uns nicht sehen konnten. Ich sagte ihr sogar, sie solle all ihre Mobberfreundinnen mitbringen, denn sie würden alle ihr Fett wegkriegen. Sie spottete, nannte mich einen toten Mann und ging weg, während sie darüber redete, wie sie uns Schwächlinge gleich verprügeln würden. In der ersten Pause sprach ich dann mit meinen männlichen Klassenkameraden. Sie waren ebenfalls es leid, gemobbt zu werden und wollten kämpfen. Das Problem war nur, wir wussten, dass wir keine Chance hatten, wenn wir nicht mehr Unterstützung bekamen. Also schmiedeten wir einen Plan. Wir holten nicht nur meine Freunde dazu, nicht nur alle Jungen aus meiner Klasse oder sogar aus meiner Jahrgangsstufe, wir holten jeden Jungen aus der Schule, der in der dritten Klasse oder darunter war. Als schließlich die Mittagspause kam und wir mit dem Rekrutieren fertig waren, fühlte es sich an, als hätten wir eine riesige unaufhaltsame Armee von etwa 70 Kindern. Wir versammelten uns oben auf diesem Hügel und ich fühlte mich wie Alexander der Große auf dem Weg nach Babylon. Wir warteten alle darauf, dass die Mädchen auftauchten und zum Glück taten sie das auch. Sobald sie uns sahen, wurden sie Kreidebleich. Sie erstarrten regelrecht und starrten uns an. Ich sah, wie sie sich umdrehten, um zu gehen, aber wir gaben ihnen gar keine Chance. Stattdessen stürmten wir einfach mit voller Geschwindigkeit den Hügel hinunter. Sieb Kinder rannten mit voller Wucht auf sie zu. Einige gerade mal fünf Jahre alt, alle schreiend mit erhobenen Fäusten. Wir fühlten uns wie das Herz der französischen Revolution. Und in dem Moment, als wir die Mädchen erreichten, war es glorreich. Wir verlangsamten uns nicht und hielten auch nicht an, um zu kämpfen. Wir rannen einfach durch sie hindurch. Sie schrien, während sie wie Pingpongbälle von dem Strom kleiner Körper herumgeschleudert wurden, die sich auf sie warfen. Jede einzelne von ihnen wurde zu Boden gerissen und als ich über dem kreischenden Mädchen stand, das mich geschupst hatte und zusah, wie sie wieder und wieder von kleinen Fäusten und Füßen getroffen wurde, fühlte ich, wie mich ein Gefühl großer Triumphs durchströmte. Als die Schlacht vorbei war, fühlte ich mich wie ein Wikingeranführer, der zusieht, wie der Feind aufsteht und unter Tränen vom Schlachtfeld flieht. Leider war das Leben danach nicht nur Sonnenschein und Regenbögen. Alle Jungen aus meiner Klasse wurden ins Büro des Direktors gerufen und acht von uns bekamen eine Woche lang Nachsitzen. Zu unserem Glück war unsere Lehrerin aber extrem entspannt. Sie wusste von dem Mobbing und ließ uns einfach Snacks mitbringen und die ganze Zeit Filme schauen.",UCYgqfRGlbTTGfMI082OP1OA,LevinLacht,389964,11528,104,0,2026-03-20T11:00:53Z,,,,,PT2M27S,147,2d,hd,false,rectangular,True,public,youtube,True,True,False,,[],[],23,de,de,"['https://en.wikipedia.org/wiki/Food', 'https://en.wikipedia.org/wiki/Lifestyle_(sociology)']",[],https://i.ytimg.com/vi/S9z3aixNCuc/default.jpg,https://i.ytimg.com/vi/S9z3aixNCuc/maxresdefault.jpg,,,,,,Nicho 3 (Histórias/Denso)
MSQBXUm79DE,My Sister Is Pregnant and It’s Somehow Turning Into a Me Problem  Reddit Story,"#emotionalreddit #redditstories  #aitareddit   #redditrelationship  #shorts 
My sister announced she was pregnant at Sunday dinner, then stared at me like I was her backup plan. The table acted like I was supposed to clap, cry, and start paying. When I didn’t, I became the “monster” overnight. A few weeks later, she was in my grandma’s driveway watching me move out.","['emotional story', 'reddit story', 'stories', 'aita reddit', 'shorts', 'reddit stories']","My sister announced she was pregnant at Sunday dinner, then stared at me like I was her backup plan. The table acted like I was supposed to clap, cry, and start paying. When I didn't, I became the monster overnight. A few weeks later, she was in my grandma's driveway watching me move out. Sunday dinners at my parents house were a circus on a good day. My mom cooked and complained at the same time. My grandma barked orders like she owned the kitchen. My dad hid in his chair and pretended he heard nothing. I stayed quiet, ate fast, and tried not to get drafted into anyone's mess. Halfway through dinner, my sister pushed her plate away and cleared her throat. I have something to say. Nobody looked up, so she raised her voice. I'm pregnant. Mom gasped like she'd won the lottery and grandma started whisper praying. Dad just stared at his plate like it personally betrayed him. Then my sister locked onto me. Well, aren't you going to say anything? I kept chewing. What do you want me to say? Her smile tightened. Maybe congratulations. I finally looked up. Congrats on what? Making your life harder. She blinked like I'd slapped her. She snapped that I didn't get it. That this was a blessing. I said, ""A blessing while you're broke, living in a shoe box."" She rolled her eyes, so I kept going and the baby's dad is a dead beat. He doesn't even take care of the kid he already has. Mom tried to cut in, but I kept my eyes on my sister. What's the plan? She had none. My sister slammed her hands on the table. You're just jealous. At least I'm going to have a family. I laughed once. My pathetic little life comes with this perk. I pay my own bills. Mom snapped. That's enough. Like I'd cursed at church. The next morning, mom called four times before I was even upright. The second I answered, she said, ""You need to apologize."" I said, ""No."" She told me my sister was stressed and needed support. I told her, ""I'm not her babysitter. I'm not her bank. I'm not raising her kid."" Mom hung up. That was my whole family meeting. After that, it was a rotating guilt trip schedule. Grandma cornered me at the stove. She's hurting, she said. I said, ""She's always hurting and it's always someone else's job to fix it. Dad tried the calm voice. You've got a point, but you're not subtle, I said. Subtle doesn't work on someone who lives off handouts. He didn't argue. He just sigh. My sister showed up at my door unannounced. We need to talk. I tried to close it and she shoved her foot in the gap. You don't get to walk out on me. I stared at her. You walked out on yourself years ago. She paced my tiny living room and called me responsible like it was an insult, like it was a dirty word. So, I stopped being polite. I paid her rent when she couldn't keep a job. I gave her food stamps when she ran out. I let her crash with me when mom and dad kicked her out. She went quiet for 2 seconds, then stormed out anyway. The pressure only got louder. Grandma tried to volunteer me for her doctor appointment. Mom showed up uninvited and accused me of doing nothing. Even my aunt got recruited to lecture me about family coming together. I told her, ""Cool. Come together without my time, money, and sanity."" Then my sister left a note at grandma's house tucked under a bowl. ""You used to be there for me. Now you're mean."" 2 days later, mom cornered me and hissed, ""If you can't be part of this family, maybe you should leave."" I didn't argue. I just said, ""Maybe I should."" I applied for jobs in the next city over and took the first good offer. I packed my stuff in silence and ignored the voicemails. Dad sat with me on the porch one night and said, ""They're not going to let this go."" I said, ""I know."" He nodded once like that was permission. Move out day felt unreal in the best way. First, I slid the last box into my trunk. Then, I heard gravel crunch behind me. Next, I turned and saw my sister at the driveway edge. Her arms were crossed. Her eyes were wet. After that, she said, ""So, that's it. You're leaving?"" I shut the trunk and said, ""Yeah."" Then, she spat. You're so selfish. I opened the driver's door and said, ""Okay,"" she hissed. ""You'll regret this."" I paused with my hand on the wheel. I looked at her, steady. Maybe, I said, ""But not as much as you'll regret your choices."" Then I started the car and drove away. Now I live alone and my phone stays quiet. I work a job I actually like. My mom still texts to complain about how hard things are with my sister and the baby. I don't answer. My sister sent a group message with newborn pictures.",UCkkq81wYhUcXx00Wi3_fnzg,Emotional Reddit,386786,12408,107,0,2026-03-06T00:05:00Z,,,,,PT2M57S,177,2d,hd,false,rectangular,False,public,youtube,True,True,False,,[],[],22,en,en,['https://en.wikipedia.org/wiki/Lifestyle_(sociology)'],[],https://i.ytimg.com/vi/MSQBXUm79DE/default.jpg,https://i.ytimg.com/vi/MSQBXUm79DE/maxresdefault.jpg,,,,,,Nicho 3 (Histórias/Denso)
9CtF6jBfaNI,Vermeiden EINBRECHER wirklich Häuser mit HUNDEN?! #shorts #redditstories #satisfying #storytime,Vermeiden EINBRECHER wirklich Häuser mit HUNDEN?! #shorts #redditstories #satisfying #storytime,[],"Vermeiden Einbrecher wirklich Häuser mit Hunden? Mein Onkel dachte, er wäre besonders schlau, als er sich diese Vorsicht vor dem Hundschilder für seinen Vorgarten besorgte. Das Problem, er hatte gar keinen Hund. Er wollte nur potenzielle Einbrecher abschrecken, ohne den Aufwand eines Haustiers, Tierarztkosten oder sich tatsächlich um ein Tier kümmern zu müssen. Onkel Jim hatte das Ganze ziemlich ausgeklügelt aufgebaut. Er verteilte Hundespielzeug im Garten, stellte einen Wassernapf an die Haustür und klebte sogar so einen Warna Aufkleber für einen unsichtbaren Hundezaun ans Fenster. Die Nachbarn dachten alle, er hätte irgendeinen riesigen Wachhund, der einfach die ganze Zeit drinnen blieb. Letzten Monat beschloss jemand, diese Theorie zu testen. Der Typ hatte offenbar wochenlang die Nachbarschaft ausgekundschaftet, Häuser beobachtet und Zeitpläne analysiert. Ihm war aufgefallen, dass aus Onkel Jims Haus nie irgendwelche Hundegeräusche kamen. Kein Bällen bei Lieferwagen, kein Kratzen an Türen, nichts. Also beschloss dieses Genie an einem Dienstag um 2 Uhr morgens seinen Zug zu machen. Er sprang über den Zaun, sah all die Hundearnschilder, merkte aber schnell, dass irgendetwas nicht stimmte. Kein Bällen, keine Bewegung, keine leuchtenden Augen, die ihn aus der Dunkelheit anstarten, nur Stille. Er fühlte sich ziemlich sicher und dachte wohl, er hätte das System dieses gefälschten Hundeschutzes durchschaut, schlich Richtung Hintertür und gratulierte sich wahrscheinlich innerlich zu seiner Beobachtungsgabe. Und genau da schlug das Bewegungsmeldersprinklersystem meines Onkels an. Aber hier zeigt sich erst Onkel Jims wahres Genie. Er hatte das System so eingestellt, dass über draußen versteckte Lautsprecher aggressive Hundebellgeräusche abgespielt wurden, sobald Bewegung erkannt wurde. Ein furchteinflößender Mix aus Schäferhund, Rottweiler und Pitbullbällen, den er sich von irgendeiner Sicherheitswebsite heruntergeladen hatte. Der Einbrecher erstarrte, als plötzlich aus mehreren Richtungen Wasser auf ihn schoss. Gleichzeitig halte ein absolut erschreckender Chorwütender Hunde aus Lautsprechern, die überall im Garten versteckt waren. Er drehte sich panisch im Kreis klatschnass und versuchte herauszufinden, wo diese Angriffshunde herkam, aber Onkel Jims System sprühte nicht einfach einmal und hörte auf. Die Sprinkler waren so programmiert, dass sie Bewegungen verfolgten. Sie richteten sich bei jedem Schritt neu aus und hielten ihn ständig im Visier, während das Bällen immer lauter und aggressiver wurde. Der Schall prallte vom Haus, vom Zaun und von den Nachbarwänden ab, sodass es klang, als würde ihn ein ganzes Rudel wilder Hunde umzingeln. In seiner Panik rutschte er auf dem inzwischen völlig durchnästen Beton aus und schlitterte über die Terrasse wie auf der schlimmsten Wasserrutsche der Welt. Er fuchtelte wild herum, um wieder auf die Beine zu kommen, aber die Sprinkler ließen nicht locker. Jedes Mal, wenn er sich bewegte, passten sie sich an und hielten ihn weiter im Kreuzfeuer. Die Bellgeräusche wurden immer aggressiver. Onkel Jim hatte verschiedene Tonspuren nacheinander programmiert, sodass es tatsächlich klang, als würden die Hunde sich immer mehr in Ragebellen. Der Typ war überzeugt, gleich von einem Rudel unsichtbarer Kampfhunde zerfetzt zu werden. Die Nachbarn schalteten das Licht ein, weil sie dachten, in Onkel Jims Garten würde eine riesige Hundeschlägerei stattfinden. Frau Peterson von neben an rief sogar den Tierschutz, weil sie glaubte, mehrere Hunde würden sich bis aufs Blut bekämpfen. Schließlich schaffte es der Typ, sich wieder aufzuraappeln, immer noch komplett vom Wasser getroffen und rannte verzweifelt zum Zaun. Aber selbst als er darüber kletterte, verfolgten ihn die Sprinkler weiter und das Bällen begleitete ihn quer durch den Garten. Er rannte die Straße hinunter und hinterließ eine Spur aus Wasser wie eine matschige Brotromenspur. Das Ganze dauerte vielleicht 3 Minuten, aber für diesen armen Kerl fühlte es sich wohl wie eine Ewigkeit an. Onkel Jim verfolgte alles live auf seiner Sicherheitsamera und lachte so sehr, dass ihm die Tränen kam. Er hat das Video gespeichert und zeigt es jedem, der zu Besuch kommt. Am besten ist der Gesichtsausdruck des Typen, als ihm klar wird, dass das Wasser nicht aufhört und das Bällen scheinbar von überall gleichzeitig kommt. Die Hunde, die diesen möchte gern Einbrecher vertrieben haben, waren letztlich nur ein 50$ Bewegungsmelder Sprinklersystem von Home Depot und ein Bluetooth Lautsprecher in einer wetterfesten Box. Gesamtkosten vielleicht 20000 $ im Vergleich zu den Tausenden, die ein echter Wach und Anschaffung",UCYgqfRGlbTTGfMI082OP1OA,LevinLacht,376738,11983,14,0,2026-03-02T15:00:12Z,,,,,PT2M33S,153,2d,hd,false,rectangular,True,public,youtube,True,True,False,,[],[],23,de,de,['https://en.wikipedia.org/wiki/Lifestyle_(sociology)'],[],https://i.ytimg.com/vi/9CtF6jBfaNI/default.jpg,https://i.ytimg.com/vi/9CtF6jBfaNI/maxresdefault.jpg,,,,,,Nicho 3 (Histórias/Denso)
PbBDkATbwDI,Mi madre me ABANDONÓ cuando tenía 12 años para EMPEZAR su “vida PERFECTA” con su NUEVO ESPOSO y su,"📖 Historias impactantes inspiradas en Reddit, contadas de forma intensa y envolvente.

Algunos detalles como nombres, edades o situaciones pueden ser modificados para mejorar la narrativa.

⚠️ Este contenido se publica únicamente con fines de entretenimiento.

👀 Si llegaste hasta aquí, ya eres parte de la comunidad.

👉Suscríbete ahora y activa la campanita para no perderte la próxima.

💬 Déjame en comentarios qué harías tú en esta situación, quiero leerte en la próxima historia.

#historiasdereddit #historiasreales #reddit #redditespañol #shorts #youtubeshorts #historiass",[],"Mi madre me abandonó cuando tenía 12 años para empezar su vida perfecta con su nuevo esposo y su hijo favorito. La semana pasada apareció en mi puerta llorando, diciendo que su bebé necesitaba un riñón y que yo debía donárselo. Cuando le dije que no, intentó entrar a mi casa a la fuerza y terminó con seguridad del edificio escoltándola afuera. Mi madre me tuvo joven. Mi padre murió cuando yo era pequeño, así que durante varios años fuimos solo nosotros dos. No éramos una familia perfecta, pero al menos éramos una familia. Todo cambió cuando conoció a Marcus. Él tenía dinero, una casa grande en las afueras y lo más importante para esta historia, un hijo llamado Liam. Desde el principio quedó claro que Marcus no estaba interesado en criar al hijo de otro hombre. Nunca lo dijo directamente, pero lo insinuaba con comentarios sobre empezar de cero y construir una familia nueva. Mi madre se casó con él menos de un año después. Al principio trató de fingir que nada cambiaría, pero lentamente me convertí en un invitado incómodo en su nueva vida. La casa tenía habitaciones de sobra, pero siempre parecía que yo ocupaba un espacio que alguien más quería. Marcus hablaba constantemente de Liam. Era brillante, especial, destinado a grandes cosas. Yo era simplemente el hijo del pasado. Un año después del matrimonio, mi madre anunció que se mudarían. No conmigo. Me sentó en la mesa de la cocina de nuestra vieja casa y habló durante varios minutos sobre cómo Liam necesitaba estabilidad y cómo su nueva familia tenía que ser la prioridad. Luego dijo la frase que todavía recuerdo palabra por palabra. Eres lo suficientemente mayor para entender que no encajas en esa dinámica. Tenía 12 años. Terminé viviendo con mi tía. No tenía mucho dinero, pero sí algo que mi madre aparentemente había perdido. Responsabilidad. Al principio, mi madre prometía llamadas y visitas. Esas promesas duraron unos meses. Luego se redujeron a mensajes en Navidad. Después ni siquiera eso. Su nueva familia parecía funcionar perfectamente sin mí. Yo veía fotos ocasionales en redes sociales, vacaciones, coches nuevos, retratos familiares. En ninguno aparecía yo. Mi tía y yo seguimos adelante. Trabajé desde la prepatoria, conseguí una beca parcial y terminé la universidad con una mezcla de préstamos y turnos nocturnos. No era una vida glamorosa, pero era estable, un pequeño departamento, un trabajo decente y una rutina tranquila. Durante años, mi madre fue solo un recuerdo incómodo en historias familiares. Hasta hace tres semanas recibí un mensaje de un número desconocido. Hola, cariño. Soy mamá. No respondí. Dos días después estaba parada frente a mi puerta. Habían pasado más de 15 años. Sonrió como si nos hubiéramos visto la semana pasada y empezó a hacer preguntas sobre mi trabajo, mi departamento y mi vida, como si estuviera evaluando algo. Finalmente llegó a la verdadera razón de su visita. Liam estaba enfermo, una enfermedad renal grave. Había estado en diálisis durante meses y necesitaba un trasplante. Marcus no era compatible. Mi madre tampoco, pero yo podría hacerlo. Según ella, la familia debe ayudarse en momentos difíciles. La miré y pregunté. La misma familia que decidió que yo no encajaba. Intentó suavizar la historia. Dijo que todo había sido un malentendido. Luego soltó otra frase increíble. Liam siempre quiso conocerte. Le dije que no. No grité ni discutí. Simplemente dije que no. Su tono cambió inmediatamente. Pasó de suplicante a indignada. Es tu hermano dijo. Es el hijo de tu esposo respondí. Entonces empezó el discurso sobre sacrificio, familia y moralidad como si hubiera sido la madre del año toda mi vida. Le pedí que se fuera. Se negó. dijo que no se iría hasta que hiciera lo correcto. Así que abrí la puerta y señalé el pasillo. Cuando insistí otra vez, se levantó y trató de empujar la puerta para entrar de nuevo. Fue entonces cuando llamé a seguridad del edificio. Mientras el guardia la escoltaba hacia el elevador, seguía gritando que estaba condenando a mi hermano. Desde entonces me ha enviado varios correos. Algunos suplican, otros me llaman egoísta. Uno incluso decía que un buen hijo no dejaría morir a su familia. Lo curioso es que durante 15 años esa misma familia pareció vivir perfectamente sin mí. Mi tía dice que haga lo que me permita dormir tranquilo por la noche y honestamente duermo bastante bien porque la última vez que mi madre decidió cuáles eran sus prioridades familiares, yo tenía 12 años y una maleta. Esta vez la decisión es mía. Suscríbete al tipo de Reddit para más historias intensas y reales.",UCeoaydffQmwi5_lbmj3GO6A,El Tipo de Reddit,304338,25302,87,0,2026-03-13T21:30:07Z,,,,,PT2M52S,172,2d,hd,false,rectangular,True,public,youtube,True,True,False,,[],[],24,es,es,['https://en.wikipedia.org/wiki/Lifestyle_(sociology)'],[],https://i.ytimg.com/vi/PbBDkATbwDI/default.jpg,https://i.ytimg.com/vi/PbBDkATbwDI/maxresdefault.jpg,,,,,,Nicho 3 (Histórias/Denso)
dp4xAkUY-Us,Meine Frau bringt Männer ins HAUS! #shorts #redditstories #satisfying #comedy,Meine Frau bringt Männer ins HAUS! #shorts #redditstories #satisfying #comedy,[],"Meine Tochter schrieb: ""Papa, Mama bringt Männer ins Haus, während du im Einsatz bist."" Ich antwortete: ""Danke für deine Ehrlichkeit, Schatz."" Dann sorgte ich dafür, dass das Geheimnis ihrer Mutter keines mehr war. Charlottes Nachricht erreichte mich um 3 Uhr morgens im Ausland. Meine 16-jährige war immer direkt gewesen, aber das hier fühlte sich anders an. Dad, Mom hat jeden Mittwoch Buchclub, aber es kommt immer nur ein Mann vorbei. Sie trinken Wein und er geht erst morgens. Meine Frau Christina unterrichtete Englisch an einer Highchool. Ein Buchclub klang plausibel, nur dass wir seit 12 Jahren verheiratet waren und sie nie erwähnt hatte, Bücher besonders zu lieben. Schalette, bist du dir sicher, Dad? Ich bin nicht dumm. Sein Auto steht jede Woche hier. Immer derselbe blaue Honda. Gestern habe ich seine Kaffeetasse im Spülbecken gesehen mit Lippenstift dran. M trägt keinen Lippenstift zum Buchclub. Kluges Kind, ganz der Vater. Letzten Mittwoch bin ich gegen 23 Uhr runter, um Wasser zu holen. Sie saßen auf der Couch und schauten irgendeinen Liebesfilm. Als Mich sah, sprang sie auf und sagte: ""Mr. Hong wollte gerade gehen, aber sein Auto stand um 7 Uhr morgens immer noch hier."" Mr. Hang, das grenzte es deutlich ein. Charlotte, verhalte dich ganz normal. Lass Mom nicht merken, dass wir darüber gesprochen haben. Mache ich schon seit drei Wochen, Dad. Ich werde jetzt bestimmt nichts vermasseln. Anstatt Christina direkt zur Rede zu stellen, rief ich meinen Nachbarn Bruce an, einen pensionierten Marine, der zweimal täglich mit seinem Hund an unserem Haus vorbeigeht. Bruce, kannst du beim nächsten Mal ein Foto vom Nummernschild dieses blauen Hondas machen? Habe ich schon, Kumpel. Habe mich gefragt, wann du danach fragst. kam mir komisch vor. Eine schnelle Überprüfung des Kennzeichens über Militärkontakte ergab. Das Auto gehörte Stephen Hang. Ebenfalls Lehrer an Christinas Schule, verheiratet, zwei Kinder. Sein Facebookprofil war leicht zu finden. Fotos zeigten ihn mit seiner Frau Monika und ihren Zwillingsöhnen. Glückliche Familienbilder von Weihnachten ließen mir den Magen umdrehen. Statt auszurasten, schrieb ich Monika eine sorgfältig formulierte Nachricht. Hallo Monika, ich bin der Ehemann von Christina Mitchell und derzeit im Ausland im Einsatz. Meine Tochter erwähnte, dass Steven Mittwoch abends für einen Buchclub mit meiner Frau bei uns vorbeikommt. Ich wollte nur nachfragen, ob du von dieser Regelung weißt. Danke. Monica antwortete innerhalb einer Stunde. Welcher Buchclub? Steven sagt mir, dass er jeden Mittwoch bis spät abends Lehrerkonferenzen hat. Er kommt gegen 22 Uhr nach Hause. Ich hatte keine Ahnung, dass er bei ihnen ist. Volltreffer. Wir telefonierten. Wir Monika war scharfsinnig. Sie stellte die richtigen Fragen. Wie lange ging das schon? Was genau hatte meine Tochter gesehen? Ich erzählte ihr alles, was Charlotte berichtet hatte. Das Auto über Nacht, die Kaffeetasse, die Situation auf der Couch. Steven kommt in letzter Zeit nach Frauenparfümriechend nach Hause, sagte Monica leise. Er meinte das Kämme vom Umarmen weiblicher Kolleginnen. Ich komme mir verrückt vor, dass ich das geglaubt habe. Du bist nicht verrückt. Vertrau deinem Instinkt. Wir verglichen unsere Geschichten. Dieselben Lügen, derselbe Zeitrahmen, dieselben Ausreden. Monika und ich stimmten unser Vorgehen ab. Sie würde Steven am Donnerstag zur Rede stellen. Ich würde mich beim nächsten Buchclub um Christina kümmern. Donnerstagabend rief Monika an. Ich habe Steven gesagt, dass ich von den Mittwochaenden weiß, er ist sofort zusammengebrochen. Hat alles gestanden, zwei Monate lang. Wie gehst du damit um? Ich bin fertig, treffe morgen einen Anwalt, aber ich will sie erst noch auf frischer Tat ertappen für meinen Seelenfrieden. Am folgenden Mittwoch teamte ich meinen Videoanruf perfekt. Ich rief Christina um 20 Uhr an. Genau dann, wenn ihr Buchclub gemütlich werden dürfte. Christina ging ran und wirkte aufgelöst. Zerzaustes Haar, deutlich aufgetragen Lippenstift. Oh, du rufst heute früh an. Ich wollte nur meine wunderschöne Frau sehen. Sag mal, ist da jemand bei dir? Ich höre Stimmen. Nein, nur der Fernseher. Zeigst du mir das Haus ein bisschen? Ich vermisse es. Ihr dabei zuzusehen, wie sie in Panik versuchte, Steven zu verstecken, war unbezahlbar. Sie hielt die Kamera stur auf ihr Gesicht gerichtet. schwenkte sie kein Stück. Eigentlich Schatz, ich fühle mich nicht gut. Können wir morgen reden? Natürlich, ich liebe dich. Die Lüge schmeckte bitter durch das Telefon. 20 Minuten später schrieb Monica: ""Steven ist früh nach Hause gekommen, völlig durch den Wind."" Sagte: ""Christina, habe einen Anruf bekommen und ihr Abend sei unterbrochen worden."" Er schläft im Gästezimmer. Zwei Tage später schickte Monica die Scheidungspapere los. Steven wurde zugestellt. Sie handelte schnell. Ich wartete, bis ich nach Hause kam, um mich um Christina zu kümmern. Dienstagabend ging ich zur Tür herein. Christina, wir müssen über Steven Hang reden. Ihr Gesicht wurde gerade bleich. ""Ich weiß nicht, wovon du sprichst."" Charlotte hat mir von euren Mittwoch Buchclubs erzählt. Monika und ich stehen in Kontakt. Christina brach zusammen. Wie lange weißt du es schon? Lange genug. Steven hat bereits die Scheidungspapiere bekommen. Monica ist ausgezogen. Charlotte entschied sich bei mir zu bleiben.",UCYgqfRGlbTTGfMI082OP1OA,LevinLacht,384560,8872,16,0,2026-02-17T11:01:03Z,,,,,PT3M,180,2d,hd,false,rectangular,True,public,youtube,True,True,False,,[],[],23,de,de,['https://en.wikipedia.org/wiki/Lifestyle_(sociology)'],[],https://i.ytimg.com/vi/dp4xAkUY-Us/default.jpg,https://i.ytimg.com/vi/dp4xAkUY-Us/maxresdefault.jpg,,,,,,Nicho 3 (Histórias/Denso)
yxwX2HEOniQ,I told the cops where my brother was hiding. #shorts #story #reddit,,[],"I told the cops where my brother was hiding. My brother showed up at my door at 3:00 in the morning with a bag over his shoulder. ""I need to stay here,"" he said. ""Just until things blow over."" 2 days later, two officers knocked on my front door and asked if I'd seen him. I looked one of them in the eye and said, ""He's in my basement."" They walked past me and dragged him up the stairs in handcuffs. ""Why did you tell them?"" He kept screaming, ""I'm your brother."" His 9-year-old daughter was sitting on my couch watching cartoons. She turned around and saw her father getting shoved into the back of a squad car. She didn't cry or say anything. She just turned back to the TV like nothing happened. My mother called that night and the first thing she said was, ""I wish I'd drowned you in the bathtub when I had the chance."" I didn't respond. He told us what she's accusing him of. She said, ""You actually believe that little liar over your own brother? She's been making up stories since she could talk and you know it. You're not my child anymore. You're nothing to me."" She hung up before I could say a word. My other brother drove to my house the next morning and kicked my front door so hard it cracked the frame. Open this door right now, he screamed. I opened it and he grabbed me by the throat and shoved me against the wall so hard my head bounced off it. You actually [music] think he did that to her? He said, ""You actually think our brother is capable of something like that? She's 9 years old. Kids make things up all the time. You destroyed his entire life over a little girl's tantrum. He let go and spit in my face. If I ever see you again, I'll put you in the ground right next to dad. He got in his truck and peeled out of my driveway so fast he took out my mailbox. My mother called again on Sunday. I went to see him. She said he was sobbing in that cell. He said he doesn't understand why she's doing this to him. He said he's never laid a hand on that girl and I believe him. I told her she was wrong. That child is dead to me. [music] She said she's a liar and I don't have a granddaughter anymore. I'm not paying for therapy over something she made up for attention and I'm not paying for his lawyer because you should be the one paying for destroying this family. My brother's girlfriend showed up with her brother holding a baseball bat. He hasn't even been convicted and you already ruined his life, she said. Everyone in that jail knows what he's accused of. He can't even walk to the bathroom without someone spitting on him or worse. The guards let it happen because they think it's funny. Her brother stepped closer with the bat. You destroyed a good man over some brat's [music] lies. If I ever see your face again, I'll bash it in. I told them to get off my property. You're going to rot alone, his girlfriend said. That little girl is going to grow up and admit she made the whole thing up and you'll have thrown away your entire family for nothing. I hope it was worth it. I closed the door. My niece found me in the kitchen that night. She stood in the doorway twisting her hands together. Are you going to send me away? She asked. Grandma says I'm getting sent away because no one believes me. I got down on my knees and looked her in the eyes. I believe you, I said. She started shaking. Why? She whispered. Everyone else says I'm lying. I squeezed her hands and took a breath. Because your dad sat right where you're standing the night he got here. He thought I'd take his side and hide him. So, he told me what he'd been doing to you when everyone was asleep. Her whole body went stiff. He said it like it was nothing. He said you'd get over it. I felt my voice crack. That's when I called the cops. Tears were streaming down her face. He promised [music] you'd choose him, she said. He said, ""No one ever believes the kid."" I pulled her into my arms. I will choose you every single time. I said every time. My brother got 10 years and I adopted my niece.",UCnyWa2uMjAywHOKd76wBV6Q,Reddit-rina,416567,14924,130,0,2026-03-08T03:01:10Z,,,,,PT2M24S,144,2d,hd,false,rectangular,False,public,youtube,True,True,False,,[],[],24,en-US,en-US,['https://en.wikipedia.org/wiki/Lifestyle_(sociology)'],[],https://i.ytimg.com/vi/yxwX2HEOniQ/default.jpg,https://i.ytimg.com/vi/yxwX2HEOniQ/maxresdefault.jpg,,,,,,Nicho 3 (Histórias/Denso)
-wQXaL22njE,Gesetzes Lücke gnadenlos augesnutzt! #shorts #reddit,Gesetzes Lücke gnadenlos augesnutzt! #shorts #reddit,[],"Welche Gesetzeslücke hast du entdeckt und gnadenlos ausgenutzt? Als mein Wohnkomplex von einer neuen Firma gekauft wurde, schickten sie allen neue Mietverträge. In meinem fiel mir etwas Merkwürdiges auf. Sie hatten vergessen, die Kaution für Haustiere oder die monatliche Haustiergebühr für meinen Hund aufzuführen. Alle anderen Mieter mit Haustieren mussten 300 € einmalig plus 50 € monatlich zahlen. Ich unterschrieb den Vertrag schnell, bevor sie es bemerkten und parafierte jede Seite, damit sie später nicht behaupten konnten, es sei ein Fehler gewesen. Zwei Wochen später schoben sie mir einen Brief unter der Tür durch, in dem stand: ""Ich müsse die Haustiergebühren zahlen."" Ich zeigte Ihnen höflich meinen unterschriebenen Mietvertrag, in dem keinerlei Haustiergebühren erwähnt waren. Der Verwalter war genervt, meinte aber, man werde das bei der nächsten Verlängerung korrigieren und jetzt wird es richtig gut. Ich prüfte den Vertrag noch einmal und entdeckte einen weiteren Fehler. Sie hatten meinen Mietvertrag versehentlich auf fünf Jahre statt auf ein Jahr festgesetzt. Außerdem gab es keine Klausel zur vorzeitigen Kündigung für den Vermieter, sondern nur für Mieter. Ich zeigte, dass meinem Nachbarn der Anwalt ist. Er sagte, sie seien an diese Bedingungen bis 2028 gebunden. Das Beste daran, in unserem Bundesstaat erlauben die Mietpreisregeln bei langfristigen Verträgen nur eine Mieterhöhung von 3 % pro Jahr. Währenddessen stieg die Miete bei allen anderen letztes Jahr um 22%. Sie versuchten mir Geld anzubieten, damit ich einen korrigierten Vertrag unterschreibe. Zuerst 500 € dann 2000 €. Ich sagte nein. Ich hatte ausgerechnet, dass ich über 5 Jahre etwa 18 000 € an Haustiergebühren spare und zusätzlich die massiven Mieterhöhungen vermeide. Die Firma ließ sogar ihren Anwalt bei mir anrufen.",UCYgqfRGlbTTGfMI082OP1OA,LevinLacht,414724,7684,18,0,2026-02-09T15:00:01Z,,,,,PT1M19S,79,2d,hd,false,rectangular,True,public,youtube,True,True,False,,[],[],23,de,de,"['https://en.wikipedia.org/wiki/Food', 'https://en.wikipedia.org/wiki/Lifestyle_(sociology)']",[],https://i.ytimg.com/vi/-wQXaL22njE/default.jpg,https://i.ytimg.com/vi/-wQXaL22njE/maxresdefault.jpg,,,,,,Nicho 3 (Histórias/Denso)
loLvg6l1vlU,Was wie eine ADOPTION für dich? #shorts #redditstoriesdeutsch #satisfying,Was wie eine ADOPTION für dich? #shorts #redditstoriesdeutsch #satisfying,[],"Was war der schwierigste Teil daran, dein Kind zu adoptieren? Der schwierigste Teil waren nicht die Unterlagen oder die Hausbesuche. Es war meiner Tochter gegenüber zu sitzen, zusammen mit ihrer Pflegemutter in einem McDonald's und zu beobachten, wie Lilli Pommes mit der einzigen Mama teilte, die sie 14 Monate lang gekannt hatte. ""Sie mag Ketchup auf allem"", sagte ihre Pflegemutter mit geröteten Augen. Ich nickte und machte mir gedanklich Notizen, als hinge mein Leben davon ab, denn Lilli tat es. Ich hatte Monate darum gekämpft, meine Nichte zu adoptieren, nachdem mein Bruder und seine Freundin bei einem Autounfall gestorben waren. Die Eltern der Freundin wollten sie ebenfalls, obwohl sie Lilli vor der Beerdigung nie getroffen hatten. Der Richter entschied sich schließlich für mich, ihre Tante, statt für Fremde mit derselben Blutgruppe. Aber über diesen Teil sprach niemand. Die Übergabe, den Abschied. Lilli war erst 18 Monate alt. Zu jung, um zu verstehen, warum sich ihre Welt ständig veränderte. Zu klein, um zu begreifen, dass die Frau, die sich mit einer McDonald's serviette die Tränen abwischte, sie heute Abend nicht ins Bett bringen würde. Sie hat Albträume, flüsterte die Pflegemutter. Sie ruft nach jemandem namens KK. Ich glaube, das war der Spitzname ihrer Mutter. Mir rutschte das Herz in die Hose. Das wusste ich nicht. Ich wusste nicht, dass die Freundin meines Bruders Kaka genannt wurde. Was wusste ich sonst noch nicht über meine Nichte? Lilli quietschte und kleckerte Ketchup auf ihr Shirt. Ihre Pflegemutter griff automatisch nach einem Feuchtuch. Sie hatte eine ganze Tasche gepackt. Bindeln, Lieblingsbücher, das abgewetzte Häschen, ohne dass Lilli nicht schlafen konnte. ""Ich hatte sieben Pflegekinder"", sagte sie, als sie meinen Blick bemerkte. ""Fünf sind zu ihren Eltern zurückgekehrt. Eines wurde von jemand anderem adoptiert. Lilli ist mein siebtes."" Ich fragte mich, ob sieben für sie eine Unglückszahl war. Ich fragte mich, ob ich ihr etwas wertvolles wegnahm. ""Hast du mich?"", fragte ich plötzlich. Die Worte sprudelten einfach heraus. ""Sie sah erschrocken aus. ""Weil du sie zu dir nimmst?"" ""Nein, so soll es doch sein. Pflege ist nur vorübergehend."" Ihre Stimme brach. Normalerweise bekomme ich nur mehr Vorwarnung. Drei Tage sind nicht viel, um Abschied zu nehmen. Drei Tage. Das Gericht hat ihr drei Tage gegeben, um ein Kind abzugeben, dass sie seit dem vierten Lebensmonat großgezogen hatte. Das System war grausam zu allen. ""Sie mag das Mickey Maus Lied vor dem Schlafen gehen"", fuhr sie fort. Und wenn sie müde ist, hat sie diese lustige Angewohnheit. Sie zieht an ihrem Ohr und sagt: ""Bub!"" Ich lachte durch Tränen, von denen ich nicht einmal gemerkt hatte, dass sie liefen. Mein Bruder hatte das früher auch gemacht. 45 Minuten lang lout sie 14 Monate Mutter sein bei mir ab, welche Lebensmittel Lilli mochte, dass sie Angst vor dem Staubsauger hatte, Wasser liebte, aber Seife in den Augen hasst. Als es Zeit war zu gehen, schnallte die Pflegemutter Lilli in meinen Autositz, einen identischen wie ihren, damit Lilli nichts merkte. Sie küsste ihre Stirn und flüsterte etwas, dass ich nicht hören konnte. Dann drückte sie mir ein Fotoalbum in die Hand, damit sie sich erinnert. Nicht jetzt, aber irgendwann, wenn sie fragt. Ich erwartete, dass Lilli schreien würde, als wir losfuhren. Stattdessen schlief sie ein, das Häschen fest umklammert, das nach ihrem anderen zu Hause roch. Der eigentliche Zusammenbruch kam um 2 Uhr morgens, als sie in einem fremden Zimmer aufwachte und nach jemandem weinte, der nicht da war. Drei Wochen später bekam ich ein Paket, eine Decke, die Lilli zurückgelassen hatte und einen Zettel. Wie schläft sie? Sagt sie noch. Bob. Ich schickte ein Video zurück, indem Lilli zum Mickey Maus Lied tanzte. Ich hatte nicht erwartet, dass die Pflegemutter antworten würde, aber sie tat es. Ein Daumen hoch Emoji und drei Herzchen. Sechs Monate später zu Lilis zweitem Geburtstag lute ich sie ein. Sie brachte einen kleinen Kuchen mit und saß etwas unbeholfen bei meinen Eltern, die nicht verstanden, warum ich den vorübergehenden Babysitter meiner Tochter dabei haben wollte. Doch als Lilli sie sah, rief sie Mama und rannte auf sie zu, um sie zu umarmen. Der Raum verstummte. Ich dachte, ich würde eifersüchtig sein. Stattdessen war ich dankbar. Diese Frau hatte meine Nichte beschützt, als es sonst niemand konnte. Sie hatte sie so sehr geliebt, dass sie sie gehen ließ. Jetzt fünf Jahre später treffen wir uns immer noch zweimal im Jahr bei McDonald's auf Pommes. Lilli nennt sie meine andere Mama und mich, meine für immer Mama. Der schwierigste Teil der Adoption waren nicht die Kämpfe, nicht die Unterlagen und nicht einmal diese ersten schrecklichen Nächte. Es war zubegreifend, dass meine Tochter zu lieben bedeutete, ihr Herz mit jemandem zu teilen, der sie zuerst geliebt hatte. Wenn Leute fragen, ob ich Lillis richtige Mutter bin, sage ich ja, dann zeige ich ihnen das Foto auf meinem Handy. Lilli zwischen mir und ihrer Pflegemutter an ihrem siebten Geburtstag. Wir drei machen dasselbe alberne Gesicht, denn das wahrhaftigste, was ich je getan habe, war Platz zu machen für die Mutter, die einen Schritt zurücktrat, damit ich nach vorne treten konnte. Yeah.",UCYgqfRGlbTTGfMI082OP1OA,LevinLacht,350295,9553,28,0,2026-02-15T07:00:43Z,,,,,PT2M58S,178,2d,hd,false,rectangular,True,public,youtube,True,True,False,,[],[],23,de,de,['https://en.wikipedia.org/wiki/Lifestyle_(sociology)'],[],https://i.ytimg.com/vi/loLvg6l1vlU/default.jpg,https://i.ytimg.com/vi/loLvg6l1vlU/maxresdefault.jpg,,,,,,Nicho 3 (Histórias/Denso)
oRAEiNrS2zs,DEIN größter OH MEIN GOTT Moment?! #shorts #redditstorie #satisfying #geschichte,DEIN größter OH MEIN GOTT Moment?! #shorts #redditstorie #satisfying #geschichte,[],"Therapeuten, was war euer größter? Ich weiß, ich sollte nicht urteilen, aber oh mein Gott, Moment. Einmal kam eine ganze Familie in meine Praxis, weil ihre Tochter versucht hatte, sich umzubringen. Der Vater und die Mutter erklärten mir, dass sie schon lange, bevor sie überhaupt Kinder hatten, nur jungen wollten. Sie glaubten, dass die Erziehung von Jungen viel einfacher und risikofrei sei, weil sie nicht schwanger werden könnten. Ein Mädchen zu haben bedeutete für sie viel Aufmerksamkeit, Streit und zu viele Hormone, um die man sich sorgen müsste. Sie hatten also eigentlich großes Glück und bekamen drei Jungen bis zu ihrem letzten Kind. Da erfuhren sie, dass ihr viertes Kind ein Mädchen werden würde und versuchten sofort es abzutreiben. Die Abtreibungspille versagte jedoch und sie bekamen ein kleines Mädchen. Als ich die Eltern fragte, warum sie überhaupt versucht hatten, ihr Baby abzutreiben, was ja gegen ihre christlichen Werte verstoßen hätte, argumentierten sie, dass das Überleben des Babys ein Beweis dafür sei, dass es ein Teufelskind sei, das als Strafe für ihre Familie und die Welt geschickt wurde. Ihre Tochter hingegen war eigentlich das liebste Mädchen der Welt. Sie ist 10 Jahre alt und ist ihr ganzes Leben lang damit aufgewachsen zu wissen, was ihre Eltern von ihr denken. Sie hat nie Liebe gespürt und bekam immer gesagt, dass sie ein Fehler sei, der nicht rückgängig gemacht werden konnte. Sie hatte immer das Gefühl, dass sie nicht hätte leben sollen, also versuchte sie die Sache selbst in die Hand zu nehmen. Sie tat sich Dinge an, die ich lieber nicht näher beschreiben möchte, in dem Versuch, sich selbst aus der Gleichung zu entfernen. Als ihre Familie sie ins Krankenhaus brachte, sagte sie ihr während des gesamten Heilungsprozesses, dass sie nur bewiesen habe, dass die Aufmerksamkeit wolle. Seit diesem Vorfall ist sie komplett der Schule fern geblieben und hat sich geweigert, ihr Bett zu verlassen. Also sagte ihr Vater, sie würden sie zur Therapie bringen, worauf sie sich zunächst freute, bis sie merkte, dass die ganze Familie mitkommen würde. Ihr Vater und ihre Mutter weinen immer wieder vor mir und fragten, warum ihre Tochter so ein Versager sei und warum sie ihr Leben verschwende. Ich sagte ihnen, dass sie unerträglich Idioten sein und dass sie sofort dem Jugendamt gemeldet würden, dass ich persönlich dafür sorgen würde, dass sie verhaftet werden. Sie sagten mir, sie hätten gewusst, dass sie nicht zur Therapie hätten gehen sollen, da das alles nur hippi geschwätzt sei. Wenn es die gesetzlichen Regeln für Therapeuten nicht gäbe, hätte ich dieses arme Mädchen selbst adoptiert und sie aus diesem sektenartigen Familienumfeld gerettet. Nach ein paar Tagen wurde eine Sozialerin zu ihnen nach Hause geschickt und untersuchte die Situation. Dort fand sie unzählige Fotos ihrer Tochter. Ihr Zimmer war sauber und der Kühlschrank war mit ihren Lieblingsspeisen gefüllt. Die Sozialweiterin wurde misstrauisch, nahm das Mädchen beiseite und fragte, ob sie sicher fühle. Sie gab zu, dass ihre Eltern alles nur so verändert hätten, damit es gut aussieht und sie von ihrer Kirche nicht verurteilt werden. Dann bat sie darum, von dort wegzukommen und wurde kurz darauf in eine Pflegefamilie gebracht. Alzia, falls du das hier liest, ich hoffe, du wirst jetzt geliebt, Süße.",UCYgqfRGlbTTGfMI082OP1OA,LevinLacht,349858,9138,53,0,2026-03-22T13:01:30Z,,,,,PT1M42S,102,2d,hd,false,rectangular,True,public,youtube,True,True,False,,[],[],23,de,de,"['https://en.wikipedia.org/wiki/Hobby', 'https://en.wikipedia.org/wiki/Lifestyle_(sociology)']",[],https://i.ytimg.com/vi/oRAEiNrS2zs/default.jpg,https://i.ytimg.com/vi/oRAEiNrS2zs/maxresdefault.jpg,,,,,,Nicho 3 (Histórias/Denso)
JTEw8zgE8OQ,WIE wurdest du im Stich gelassen?! #shorts #redditstorie #satisfying #geschichte,WIE wurdest du im Stich gelassen?! #shorts #redditstorie #satisfying #geschichte,[],"Wie haben deine Eltern dich im Stich gelassen? Wie viele Kinder konnte ich in der Nacht vor Weihnachten nicht schlafen? Ich war zölf und klammerte mich immer noch an die Vorstellung, dass etwas Magisches passieren könnte, auch wenn ich nicht mehr an den Weihnachtsmann glaubte. Mein kleiner Bruder Max war sech und glaubte voll daran. Er legte wie jedes Jahr Kekse und einen Zettel für den Weihnachtsmann bereit. Meine Mutter brachte uns mit einem Lächeln ins Bett und sagte, dass uns am Morgen eine besondere Überraschung erwarten würde. Mein Vater küsste mich auf die Stirn und sagte, er müsse noch ein letztes Geschenk besorgen und sei bald zurück. Ich bemerkte, wie meine Mutter ihn ansah, als er das sagte. Ihr Lächeln zuckte kurz, als wollte es halten, schaffte es aber nicht ganz. Ich konnte nicht schlafen und blieb im Bett wach und las. Gegen elf hörte ich sie unten. Sie schrien nicht, aber ich merkte, dass es ernst war. Es ging um Geld und ich hörte die Worte schon wieder und du hast es versprochen. Dann öffnete und schloss sich die Haustür. Danach war es still. Um Mitternacht ging ich nach unten. Die Lichter am Baum waren an, aber es gab keine Geschenke, keine angeknabberten Kekse, nichts. Ich fand meine Mutter am Küchentisch, umgeben von Papieren, meistens Rechnungen. Zuerst bemerkte sie mich gar nicht. Sie saß einfach da, die Hände in den Haaren und starrte auf den Tisch, als hätte er ihr in den Magen geschlagen. Ich sagte nichts. Ich stand einfach da, bis sie schließlich aufsah. Ihre Augen waren rot. Sie zwang sich zu einem Lächeln und sagte mir, ich soll wieder ins Bett gehen. Ich tat es nicht. Stattdessen blieb ich wach und machte Geschenke für Max. Ich benutzte Papier, Karton, Klebeband und alte Wachsmalstifte. Ich bastelte ihm eine Superheldenmaske und eine Schatzkarte. Ich machte sogar aus einer meiner Socken eine Handpuppe. Irgendwann, als ich nach Geschenkband suchte, fand ich in einer Schublade hinten in Moms Zimmer einen Stapel Rechnungen, einen Ablehnungsbrief von einer Kreditfirma und einen Funschein für ihren Ehering. Da wusste ich, dass es hier nicht nur um Weihnachten ging. Am Morgen rannte Max die Treppe hinunter und blieb stehen. Für einen Moment hing alles in der Luft. Keine Geschenke, kein Dad, nur ich, Mom und das Zeug, dass ich in der Nacht zusammengebastelt hatte. Ich reagierte schnell und sagte ihm: ""Dad helfe dem Weihnachtsmann seinen Schlitten zu reparieren und komme bald zurück."" Max strahlte und glaubte es sofort. Mom sah mich an. Diesen Blick werde ich nie vergessen. Stolz und gebrochen zugleich. Ich hielt den ganzen Tag am Laufen. Wir spielten Spiele und bastelten. Ich sorgte dafür, dass alles weiterging, damit Max nichts merkwürdiges bemerkte. Trotzdem schaute ich ständig auf mein Handy. Alle 15 Minuten schickte ich der eine neue Nachricht. Es kam nichts zurück. Gegen 18 Uhr hörte ich Mom am Telefon. Sie flüsterte, aber ich verstand es. Casino. Da machte es Klick. Ich erinnerte mich, dass sie dieses Wort schon früher bei nächtlichen Streits benutzt hatte, die ich eigentlich nicht hören sollte. Ich setzte alles schnell zusammen. Ich nahm das Babysittergeld, dass ich monatelang gespart hatte, fuhr mit dem Bus in die Innenstadt und stieg in der Nähe des Casinos aus, dass ich aus ihren Streitigkeiten kannte. Ich hatte keinen Plan, nur dieses enge Gefühl in der Brust und das brennende Bedürfnis zu wissen, ob er wirklich dort war. Der Ort war laut, hell und roch nach auch. Ich ging hinein und wollte fast wieder umdrehen, weil ich mich fehl am Platz fühlte, aber ich ging weiter. Ich lief an Spielautomaten und Kartentischen vorbei, bis ich ihn sah. Er saß an einem Pokertisch über seine Karten gebeugt mit schweren Augen und einem lückenhaften Bart, als hätte er nicht geschlafen. Er trug dieselbe Jacke, in der er gegangen war. Ich stand einfach da und beobachtete ihn. Der Groupier bemerkte mich zuerst. Sein Gesicht veränderte sich. Er sah meinen Vater an und dann wieder mich, als wäre etwas furchtbar schiefgelaufen. Mein Vater sah zunächst nicht auf, dann tat er es. Unsere Blicke trafen sich und alles blieb stehen. Sein Gesicht veränderte sich, nicht dramatisch, eher langsam wie ein Einsinken, als wäre er bei genau dem erwischt worden, was er sich geschworen hatte. Nie wieder zu tun. Der Gruppier rief eine Pause aus und sagte meinem Vater, er solle gehen. Er meinte etwas darüber, dass er schon einmal von seiner Tochter erzählt habe. Mein Vater stand auf und sagte kein Wort. Wir gingen schweigend zum Auto. Auf dem Heimweg fragte ich ihn schließlich, warum? Warum er gegangen war, warum er das tat, obwohl wir nichts hatten, warum er Karten uns vorgezogen hatte. Diesmal wich er nicht aus. Seine Stimme war leise und brüchig, als er sagte, dass er es nicht wisse, dass er sich wie ein Versager fühle, dass er manchmal einfach das Gefühl haben wolle, irgendwo gewinnen zu können. Er sagte, er liebe uns, wisse aber nicht, wie er aufhören könne, alles zu vermasseln. Wir hielten an einem 24 Stunden Laden. Er kaufte Max einen Plastikdinosaurier und mir ein Skizzenbuchset. Er gab es mir und sagte: ""Du bist stärker als ich. Ich weiß nicht, wie du das bist, aber du bist es."" Ich sagte nichts. Ich nickte nur.",UCYgqfRGlbTTGfMI082OP1OA,LevinLacht,366791,7843,22,0,2026-03-22T09:00:33Z,,,,,PT2M58S,178,2d,hd,false,rectangular,True,public,youtube,True,True,False,,[],[],23,de,de,"['https://en.wikipedia.org/wiki/Hobby', 'https://en.wikipedia.org/wiki/Lifestyle_(sociology)']",[],https://i.ytimg.com/vi/JTEw8zgE8OQ/default.jpg,https://i.ytimg.com/vi/JTEw8zgE8OQ/maxresdefault.jpg,,,,,,Nicho 3 (Histórias/Denso)
hUJfTRdH0Lg,Wann hast du das Blatt gewendet? #shorts #redditstories,Wann hast du das Blatt gewendet? #shorts #redditstories,[],"Wann hast du bei der Arbeit das Drehbuch komplett umgedreht? Mein vorgesetzter Kevin hatte so einen Machtrip. Er drückte mir regelmäßig seine Wochenichten aufs Auge und kam dann Montag morgens hereinpaziert, als hätte ich das ganze Wochenende faul herumgesessen. Sechs Monate lang habe ich im Grunde seine komplette Abteilung am Laufen gehalten, während er für alles die Lorbeären kassierte. Das hatte sich über Monate aufgebaut. Kevin meldete unsere Abteilung freiwillig für unmögliche Deadlines an, delegierte dann alles an mich und ging währenddessen mit Kunden Golf spielen. Wenn alles gut lief, informierte er das Management über seinen Erfolg. Wenn etwas schiefging, war es plötzlich meine Schuld. Letzten Freitag bin ich nach einer brutalen Arbeitswoche endlich auf dem Heimweg. Da vibriert mein Handy um 23:47 Uhr. Natürlich Kevin. Notfall im Lager. Große Lieferkrise. Brauche dich morgen um Punkt 6 Uhr dort. Das könnte über den Henderson Account entscheiden. Versau das nicht. Am Samstagmorgen schleppe ich mich um 5:45 Uhr ins Lager. Ein Container ist beschädigt angekommen. Die Hälfte unseres Inventars für Handerson Industries liegt über die gesamte Laderampe verteilt. Wasserschäden, kaputte Paletten, Produkte überall. Ich verbringe die nächsten 14 Stunden damit, das Chaos zu sortieren, beschädigte Ware zu erfassen, mit Lieferanten Notfallersatzlieferungen zu organisieren und immer panischere Anrufe vom Einkaufsteam von Henderson zu managen, die bis Montag alles brauchten. Mein Handy hört nicht auf zu vibrieren. Nachrichten von Kevin. Statusupdate. Wie lange dauert das noch? Kannst du den Henderson Anruf übernehmen? Ich habe nicht alle Details. Währenddessen zeigen seine Instagram Stories, wie er mit seinen Kumpels bei Topgolf steht, wie in der Hand völlig ahnungslos gegenüber der Krise, die er mir aufgeladen hat. Um 21 Uhr habe ich den Account gerettet. Notfall über Nachtlieferungen sind organisiert, beschädigte Ware dokumentiert. Henderson ist mit unserer Reaktionszeit zufrieden. Ich bin völlig fertig, aber wir haben einen 200.000$ Vertrag gerettet. Montagmgen schlendert Kevin um 10:15 Uhr ins Büro. Erholt Kaffee in der Hand. Unser Regionalleiter Dave wartet bereits im Konferenzraum auf das wöchentliche Operationsupdate. Ich habe gehört, es gab am Wochenende ziemlichen Stress mit der Henderson Lieferung. Beginnt Dave. Kevin richtet seine Krawatte und schaltet in den Auftrittsmodus. Ja, das war ziemlich heftig. Ein echtes logistisches Chaos, aber ich bin sofort eingesprungen und habe das persönlich übernommen. Ich sitze keine 3 m entfernt und sehe das alles live. Der Container kam völlig zerstört an, fährt Kevin selbstbewusst fort. Produkte überall verstreut. Der Kunde saß uns im Nacken. Ich musste Notfallersatz organisieren und die komplette Krisenreaktion managen. Dave nickt und macht sich Notizen. Klingt als hättest du unter Druck wirklich Verantwortung übernommen. Das ist Führung, sagt Kevin. Manchmal muss man die Ärmel hochkreln. Das Team hatte mit der Komplexität zu kämpfen, aber ich habe sie dadurch geführt. Herson war anfangs stinksauer fügt Kevin hinzu. Aber mein schnelles Denken und die direkte Kommunikation haben die Beziehung gerettet. Sie haben unser Krisenmanagement sogar gelobt. Dave wirkt beeindruckt. Ausgezeichnete Arbeit, Kevin. Genauso eine Führungsinitiative brauchen wir. Da beschloss ich, dass ich genug gehört hatte. Kevin sagte ich ruhig und zog mein Handy hervor. Soll ich Dave unseren Textverlauf vom Samstag zeigen? Sein selbstsicherer Gesichtsausdruck flackerte kurz. Du weißt schon, die 47 Nachrichten, in denen du mich ständig nach Updates gefragt hast, weil du keine Ahnung hattest, was tatsächlich passiert. Ich scrollte. Hier ist eine gute. Samstag 14:30 Uhr. Kevin, wie ist der aktuelle Stand? Ich sortiere noch bestädigte Ware. Kevin, wie lange dauert das noch? Daes Augenbrauen gingen hoch. Oh, und hier ist mein Favorit, fuhr ich fort. Samstag 20:15 Uhr. Kevin, kannst du morgen den Händers Anruf übernehmen? Ich kenne die technischen Details nicht wirklich. Kevins Gesicht wurde knallrot. Das ist völlig aus dem Zusammenhang gerissen. Ist es das? Ich scrollte weiter. Denn hier ist auch der GPS Zeitstempel, der zeigt, dass du während der gesamten Krise bei Topgolf warst, während du behauptest, sie persönlich gemanaged zu haben. Ich rede mein Handy zu Dave und zeigte Kevins Instagram Story vom Samstag. Lachend mit Freunden auf der Driving Range, während ich Knietief in beschädigter Ware stand. Dave sah vom Handy zu Kevin, dann zu mir. Du hast also die gesamte Wochenendkrise allein bewältigt, 14 Stunden von Anfang bis Ende, während Kevin strategisch vom Golfplatz ausgemanaged hat. Der Konferenzraum wurde totenstill. Dave klappte sein Notizbuch zu und stand auf. Kevin, kommen Sie bitte sofort mit in mein Büro. Als sie hinausgingen, warf Kevin mir einen tödlichen Blick zu. Ich lächelte nur und begann meine eigentliche Arbeit zu organisieren. 25 Minuten später kam Dave allein zurück. Glückwunsch zur Beförderung, sagte er schlicht. Kevin wird sein Büro nicht mehr brauchen.",UCYgqfRGlbTTGfMI082OP1OA,LevinLacht,367560,8625,14,0,2026-02-12T11:01:18Z,,,,,PT3M,180,2d,hd,false,rectangular,True,public,youtube,True,True,False,,[],[],23,de,de,"['https://en.wikipedia.org/wiki/Food', 'https://en.wikipedia.org/wiki/Hobby', 'https://en.wikipedia.org/wiki/Lifestyle_(sociology)']",[],https://i.ytimg.com/vi/hUJfTRdH0Lg/default.jpg,https://i.ytimg.com/vi/hUJfTRdH0Lg/maxresdefault.jpg,,,,,,Nicho 3 (Histórias/Denso)
UpIz-vPXcpU,Mein CHEF bereute mich zu FEUERN! #shorts #redditstories #satisfying #geschichte,Mein CHEF bereute mich zu FEUERN! #shorts #redditstories #satisfying #geschichte,[],"Mein Chef feuerte mich, nachdem er herausgefunden hatte, dass ich während meines Urlaubstags ein Vorstellungsgespräch hatte und das, obwohl ich 2 Millionen Dollar an neuem Geschäft eingebracht hatte und mir dreimal eine Gehalserhöhung verweigert worden war. ""Das zeigt, dass sie unserem Team nicht verpflichtet sind"", sagte er und verlangte, dass ich sofort meinen Schreibtisch räume. Ich bedankte mich für die Gelegenheit und ging ruhig. Der Montag würde interessant werden. Lawrence Bennet lehnte sich in seinem Maß gefertigten Ledersessel zurück, gebräunt von seiner Geschäftsreise nach Miami, vier Jahre bei Dryfield Robotics, vier Jahre lang zusehen, wie Tyler Davis vor mir befördert wurde, obwohl meine Zahlen doppelt so hoch waren wie seine. Dann beanspruchte Tyler den Westbrook Deal für sich, an dem ich sechs Monate gearbeitet hatte. Danach bekam er einen Firmenwagen. Einladungen zu Meetings verschwanden aus meinem Posteingang, kleine Kommentare in Besprechungen. Sind Sie sicher, dass das der richtige Ansatz ist? Letzten Monat schloss ich Abbot Manufacturing ab. 2 Millionen Dollar, unser größter Vertrag des Jahres. Ich flog dreimal auf eigene Kosten nach Chicago, arbeitete jedes Wochenende, verpasste die Hochzeit meiner Cousine. Als der Vertrag zustande kam, Lud Lawrence das Team of Drinks ein, alle außer mir. Ich erfuhr davon über Instagram. Da fragte ich nach meiner Gehalserhöhung zum dritten Mal. ""Der Zeitpunkt ist nicht richtig"", sagte Lawrence. ""Wir strukturieren die Vergütung um. In dieser Nacht aktualisierte ich zum ersten Mal seit vier Jahren meinen Lebenslauf. Eine Woche später meldete sich Vanessa Mills über LinkedIn. Ehemalige Drivefield Kundin, jetzt bei Raven Publishing. Beim Kaffee erwähnte sie, dass sie jemanden suchten, der ihre Business Development Abteilung leitet, jemanden wie mich. Ich nahm mir einen Urlaubstag für das Vorstellungsgespräch. Jemand sah mich in der Raven Lobby und erzählte es Teiler. Nun saß Lawrence mir gegenüber und wartete darauf, dass ich betattelte. ""Ich verstehe"", sagte ich. Seine Augenbrauen zuckten. ""Sie sind mit sofortiger Wirkung entlassen. Räumen Sie ihren Schreibtisch?"" Ich stand auf und streckte ihm die Hand entgegen. Er zögerte, bevor er sie nahm. ""Danke für die Gelegenheit."" Der Weg zurück war still. Alle taten beschäftigt und warfen verstohlene Blicke. Ich holte mir einen Pappkarton aus dem Lagerraum, eine Kaffeetasse, ein paar Stifte, einen Kaktus, den ich drei Jahre am Leben gehalten hatte. Vier Jahre meines Lebens, kleiner als eine Mikrowelle. April schwebte in der Nähe und beobachtete mich, als könnte ich einen Taker stehen. Ich hatte 2 Millionen Dollar eingebracht und sie dachten, ich würde Büromaterial klauen. Tyler trat aus seinem Büro, als ich zum Aufzug ging. Der Mann, der mir versichert hatte, meine Gehalserhöhung sei in Bearbeitung. Er sah mir nicht in die Augen. Geben Sie ihren Ausweis beim Sicherheitsdienst ab. Im Aufzug sah ich mein Spiegelbild. Ich sah nicht aus wie jemand, der gerade gefeuert wurde. Ich sah erleichtert aus. Ich saß eine Stunde im Auto und starrte auf das Gebäude, in dem ich vier Jahre verbracht hatte. Im Glauben. Loyalität bedeute etwas. Mein Handy vibrierte. Eine Nachricht von Tyler. Tut mir leid, wie das gelaufen ist. Ich löschte sie. Dann noch eine Nachricht. Eine E-Mail von Vanessa. Können Sie morgen um 10 Uhr kommen? Das Team würde sie gerne kennenlernen. Ich antwortete: ""Ja, an diesem Abend sagte mein Vater, sie haben dir einen Gefallen getan. Sie haben dir genau gezeigt, wer sie sind."" Er hatte recht. Das Vorstellungsgespräch bei Ravon dauerte 20 Minuten. Sie hatten meine Referenzen bereits geprüft, bereits mit Abbert Manufacturing gesprochen. ""Wir möchten Sie als Regionaldirektor"", sagte Vanessa. Doppeltes Gehalt im Vergleich zu Drivefield plus Provision. Wann können Sie anfangen? Sofort. Sie gaben mir ein Büro mit Fenster, eine Firmenkreditkarte, ein Team von drei Mitarbeitern und etwas, das Dfield mir nie gegeben hatte. Einen klaren Weg nach vorn. ""Bauen Sie diese Abteilung von Grund auf auf"", erklärte Vanessa. ""Ihr Ruf ist der Grund, warum wir sie eingestellt haben."" Ich begann am folgenden Montag. Zwei Wochen lang lernte ich die Systeme und entwickelte eine Strategie. Dann machte ich meinen Zug. Ich schickte Linkin Anfragen an meine ehemaligen Driveeld Kollegen. Die meisten nahmen innerhalb weniger Stunden an. Dann kontaktiere ich jeden Kunden, mit dem ich je gearbeitet hatte. Beginnend mit Abot Manufacturing. Bis Freitag Nachmittag hatte ich drei Termine vereinbart. Alle mit den größten Kunden von Dryfield. Lawrence rief mich an. Ich ließ es auf die Mailbox gehen. Er rief wieder an. Dann rief Teiler an. Montag morgen ging ich in mein erstes Meeting. Der Einkaufsleiter von Abbot Manufacturing lächelte, als er mich sah. Jared, schön dich zu sehen. Wir haben uns schon gefragt, wann du dich meldest. Bis zum Ende der Woche hatte ich zwei der fünf wichtigsten Kunden von Dryfield für Raven unter Vertrag genommen. Lawrence schickte eine E-Mail und verlangte, ich soll aufhören, seine Kunden zu kontaktieren. Ich leidete sie mit einer einzigen Zeile an unser Rechtsteam weiter. Das sind meine Beziehungen, nicht seine. Drei Wochen nach meiner Kündigung schloss ich einen Deal über 3 Millionen Dollar ab. Vanessa beförderte mich zum Vizepräsidenten. Einen Monat später bekam ich einen Anruf von einem Headhunter. Drivefield suchte einen neuen VP of Sales.",UCYgqfRGlbTTGfMI082OP1OA,LevinLacht,343304,7438,13,0,2026-03-05T11:00:47Z,,,,,PT2M59S,179,2d,hd,false,rectangular,True,public,youtube,True,True,False,,[],[],23,de,de,"['https://en.wikipedia.org/wiki/Food', 'https://en.wikipedia.org/wiki/Lifestyle_(sociology)']",[],https://i.ytimg.com/vi/UpIz-vPXcpU/default.jpg,https://i.ytimg.com/vi/UpIz-vPXcpU/maxresdefault.jpg,,,,,,Nicho 3 (Histórias/Denso)
5MRsqkY2Adw,Größten RESPEKT vor GEFÄNGNIS  INSASSEN?! #shorts #redditstorie #satisfying #geschichten,Größten RESPEKT vor GEFÄNGNIS  INSASSEN?! #shorts #redditstorie #satisfying #geschichten,[],"Gefängniswerter, habt ihr jemals einen Insassen getroffen, vor dem ihr großen Respekt hattet? Der Insasse, den ich am meisten respektiert habe, war ein Mann in seinen späten 50ern, der sieben Menschen gnadenlos getötet hatte. Der Haken daran war, dass all diese Personen verurteilte Straftäter waren, die Frauen gegen deren Willen ihre Unschuld genommen hatten. Der Mann tat dies, weil er Vater war und seine 18-jährige Tochter etwas ähnliches durchmachen musste. Er spürte den Täter auf und setzte ihm so lange zu, bis er ihn schließlich unbeabsichtigt tötete. Nachdem er ihm das Leben genommen hatte, wurde ihm klar, dass er dafür bald ins Gefängnis kommen würde und er begann noch am selben Tag so viele von ihnen wie möglich zu töten. Innerhalb weniger Stunden wurde er gefasst. Im Gefängenis wurde er von anderen Insassen äußerst respektiert, so sehr, dass Mitgefangene persönlich zu ihm kamen, um sich bei ihm zu bedanken. Er und ich wurden gute Freunde, da einer der Männer, die er getötet hatte, zuvor meiner Tochter etwas angetan hatte. Ich schmuggelte ihm regelmäßig zusätzliches Essen hinein, gab ihm manchmal etwas von meinem eigenen Essen und setzte mich für ihn ein, wenn sein Name in Gesprächen fiel. Er sitzt bis heute im Gefängnis, aber ich arbeite leider nicht mehr dort. Zum Glück ist der Gefängnisleiter noch dort und weil er mir etwas schuldet, da ich einmal seine Karriere gerettet habe, kann ich bis heute ein paar Hebel in Bewegung setzen, damit dieser Mann bevorzugt behandelt",UCYgqfRGlbTTGfMI082OP1OA,LevinLacht,397696,7460,32,0,2026-03-31T06:00:02Z,,,,,PT52S,52,2d,hd,false,rectangular,True,public,youtube,True,True,False,,[],[],23,de,de,['https://en.wikipedia.org/wiki/Lifestyle_(sociology)'],[],https://i.ytimg.com/vi/5MRsqkY2Adw/default.jpg,https://i.ytimg.com/vi/5MRsqkY2Adw/maxresdefault.jpg,,,,,,Nicho 3 (Histórias/Denso)
t2rPrVZN_1Q,DEIN Geschwisterteil IST nicht NORMAL?! #shorts #redditstorie #satisfying #entspannung,DEIN Geschwisterteil IST nicht NORMAL?! #shorts #redditstorie #satisfying #entspannung,[],"Geschwister von Psychopathen, wann habt ihr gemerkt, dass euer Geschwister nicht normal ist? Als meine kleine Schwester Lena 8 war, fragte sie mich, warum man sich entschuldigt und warum Menschen einem dann verzeihen. Selbst wenn man es gar nicht so meint. Da hatte ich mit 13 zum ersten Mal das Gefühl, dass etwas nicht stimmt. Und ich hatte recht. Ein paar Jahre später waren wir zusammen im Park, als sie ein Kind von der Schaukel schubste. Es brach sich den Arm und ich musste seiner Mutter 300 € für die Behandlung geben. Ich wollte unserer Mutter eigentlich die Wahrheit sagen, aber als sie von der Arbeit nach Hause kam, brach sie in der Küche zusammen und fing an zu weinen, weil sie völlig erschöpft war. Sie arbeitete jede Woche rund 60 Stunden und das letzte, was ich wollte, war sie noch mehr zu belasten. Ein behiel ich es für mich. Doch bevor ich es merkte, wurde es zu meiner Hauptaufgabe, meine Mutter vor Lena zu schützen. Ich lehnte zwei Stipendien ab, beendete mehrere Beziehungen und wurde im Grunde zu einem dritten Elternteil nur, um meine unkontrollierbare Schwester im Griff zu behalten. Und das Schlimmste, ich hatte kaum noch eine Beziehung zu meiner Mutter, denn jedes Mal, wenn Lena etwas tat, nahm ich die Schuld auf mich. Mit 14 nahm sie das Auto meiner Mutter für eine Spritztour und kam zurück, als es kaum noch fahrbereit war. Ich behauptete, ich hätte den Unfall gebaut und zahlte fast 10 000 € für die Reparatur. Mit 16 legte sie ein Feuer in der Garage. Als ich es löschen konnte, war bereits ein Schaden von etwa 120.000 1000 € entstanden. Ich erzählte meiner Mutter, ich sei mit einem Heizgerät eingeschlafen. Doch mit 18 tat sie etwas, das selbst ich nicht mehr vertuschen konnte. Ich weiß nicht, ob es Langeweile war oder ob sie einfach sehen wollte, wie weit sie gehen kann, aber eines Tages verzockte sie die gesamten Ersparnisse unserer Mutter in einer online Glücksspielapp. Sie setzte alles auf rot und verlor. Dieses Mal sagte ich ihr, dass ich unserer Mutter die Wahrheit sagen würde, aber sie war schneller. Als ich nach Hause kam, saß sie schon am Küchentisch und weinte und erzählte eine völlig absurde Geschichte, dass sie seit Jahren Angst vor mir habe, dass ich sie gezwungen hätte über all die schrecklichen Dinge zu schweigen, die ich angeblich getan hätte. Und meine Mutter glaubte ihr. Sie sah mich an, als wäre ich ein Fremder, als hätte ich nicht 23 Jahre lang ihre Tochter mit groß gezogen. Das war mein Wendepunkt. Und ich ging einfach in mein Zimmer und packte meine Sachen. Als meine Mutter nicht hinsah, kam Lena rein und entschuldigte sich irgendwie. Sie meinte nur, es sei nichts persönliches gewesen und fragte dann, ob sie sich 10 € leihen könne. Als ich bereit war, mein Elternhaus für immer zu verlassen, wollte ich meiner Mutter noch eine letzte Chance geben, mir zuzuhören. Doch bevor ich etwas sagen konnte, sagte sie nur: ""Ich sei widerlich und solle verschwinden. Das ist jetzt einen Monat her. Und zum ersten Mal habe ich mein eigenes Leben in meiner eigenen Wohnung. Ich mache mir immer noch Sorgen um meine Mutter, aber ich weiß, dass sie mich anrufen wird, wenn sie mich braucht und ich werde immer für sie da sein.",UCYgqfRGlbTTGfMI082OP1OA,LevinLacht,350838,7845,30,0,2026-03-26T15:01:22Z,,,,,PT1M50S,110,2d,hd,false,rectangular,True,public,youtube,True,True,False,,[],[],23,de,de,"['https://en.wikipedia.org/wiki/Hobby', 'https://en.wikipedia.org/wiki/Lifestyle_(sociology)']",[],https://i.ytimg.com/vi/t2rPrVZN_1Q/default.jpg,https://i.ytimg.com/vi/t2rPrVZN_1Q/maxresdefault.jpg,,,,,,Nicho 3 (Histórias/Denso)
uolsQEHM3Us,Ich habe GEHEIM die FIRMA meiner SCHWESTER gekauft! #shorts #redditstories #satisfying #geschichte,Ich habe GEHEIM die FIRMA meiner SCHWESTER gekauft! #shorts #redditstories #satisfying #geschichte,[],"Meine Schwester hat beim Osteressen gepralt. Nicht jeder ist für eine echte Karriere in der Techbranche gemacht. Mein Opa drehte sich zu mir und fragte: ""Ist das der Grund, warum deine Firma gerade ihre gekauft hat? Osteressen im Haus meiner Eltern. Gleiches Chaos, anderes Jahr. Die gleichen Familiendynamiken, bei denen ich mich frage, warum ich überhaupt noch komme. Meine Schwester Naomi ist genau 20 Minuten da und schon dreht sie ihre Ehrenrunde durchs Esszimmer. Die seigner High HeiS klacken auf dem Pakett wie ein Metronom, das den Countdown bis zu meiner unvermeidlichen Demütigung zählt. Ich leite inzwischen praktisch drei Abteilungen"", sagt sie und schneidet ihren glasierten Schinken mit chirurgischer Präzision. ""Die Startup Welt ist nichts für jeden. Dafür braucht man einen besonderen Typ Mensch."" Ich sitze da in meinem ausgewaschenen Highschool Hoodie mit mysteriösen Flecken und sehe aus, als wäre ich gerade um 15 Uhr aus dem Bett gefallen, was ich auch bin. Naomi redet weiter. Ihre Stimme wird mit jeder Verkündung lauter. Manche denken programmieren sei leicht, aber wenn man echte Entwickler führt, echte Entscheidungen trifft, die das Leben realer Menschen und die gesamte Ausrichtung eines Unternehmens beeinflussen, sie wirft mir diesen Mitleidigen Blick zu. Nicht jeder ist für echte Führung gemacht. Manche sind einfach Mitläufer. Was Naomi nicht weiß, was keiner hier am Tisch weiß, ich arbeite seit zwei Jahren aus meinem Kinderzimmer. Pokémonp hängen noch an den Wänden. Dasselbe schmale Bett aus der Mittelstufe, Pyjamahosen als tägliche Uniform. Ich lebe von Energy Drinks und dem, was Momem Tablet bringt, weil sie Mitleid mit mir hat. M fragt ständig, wann ich mir endlich einen richtigen Job suche und aufhöre den ganzen Tag am Computer zu spielen, wie ein Teenager, der nie erwachsen geworden ist. Dad seufzt nur und wechselt das Thema, sobald meine nicht existierende Zukunft zur Sprache kommt. Neomi liebt diese Dynamik. Tag erfordert Vision, strategisches Denken, echtes Geschäftsgespür. Man kann nicht einfach in seinem Schlafzimmer mit zufälligem Code herumspielen und sich Unternehmer nennen. Dad nickt, als würde sie die tiefgründigste Businessweisheit aller Zeiten verkünden. Meine Cousins hängen an ihren Lippen, völlig fasziniert. Klassische Familienhierarchie in Echtzeit. Die erfolgreiche Schwester mit dem Eckbüro, der enttäuschende Bruder, der nie sein Kinderzimmer verlassen hat. Aber mein 87-jähriger Opa Bill war die ganze Zeit ungewöhnlich still. Er rührt nur in seinem Kaffee und lächelt dieses kleine verschmitzte Lächeln, das er bekommt, wenn er etwas weiß, was wir anderen nicht wissen. Naomi läuft jetzt zur Hochform auf. Meine Firma steht kurz vor dem Abschluss unserer Series B Finanzierungsrunde. Siebenstelliger Betrag, echte Investoren, echte Bestätigung. Sie macht eine dramatische Pause. Technische Gründerin zu sein und beide Seiten zu verstehen ist nicht einfach. Da stellt Opa Bill langsam seinen Löffel mit einem leisen Klirren ab. Ist das der Grund, warum deine Firma gerade ihre gekauft hat, Isaac? Der ganze Tisch verstummt. Totenstille. Man hätte eine Stecknadel fallen hören. Naomis Gesicht verliert komplett die Farbe. Mom lässt ihre Gabel klirrend fallen. Dad verschluckt sich fast an seinem Wein. Mein Onkel bleibt mitten im Kauen stehen. Die Augen meiner Cousins werden riesig und ich zucke nur mit den Schultern und greife ganz lässig nach einem weiteren Brötchen. Der Deal wird am Montag abgeschlossen sage ich und streiche Butter auf mein Brot. Deine KI Plattform ist ziemlich gut, Naomi. Wir brauchen genau das, was ihr gebaut habt. Es stellt sich heraus, dass mein Herspielen mit zufälligem Code genau das ML Framework hervorgebracht hat, dass ihr Startup brauchte. Die Stille zieht sich endlos. Naomi ist sprachlos. Warte. Bringt Dad schließlich hervor. Isaac, du hast Naomis Firma gekauft? Also meine Firma hat das. Ich habe nur gestern die Papiere unterschrieben. Naomi findet ihre Stimme wieder. Das Das ist unmöglich. Du hast doch nicht mal einen Job. Ich zeige Ihnen die unterschriebenen Dokumente. Anscheinend zahlt sich Arbeiten im Pyjama ganz gut aus. Naomis Gesicht war unbezahlbar. Mom durchbricht schließlich das Schweigen. Isaac, über wie viel Geld reden wir hier? Ich nehme noch einen bissen Schinken. Die Übernahme lag bei 47 Millionen Dollar. Naomis Team behält seine Jobs mit besseren Leistungen und einer ordentlichen Beteiligung, die sie fürs Leben absich hat. Naomi start mich immer noch an, als wäre ich ein Alien. Aber du wohnst in deinem Kinderzimmer. Du trägst jeden Tag denselben Hoodie. Du isst Cornflakes zum Abendessen. Mache ich immer noch. Socke ich mit den Schultern. Meine ML Algorithmen sind mehr wert als eure Bewertung. Der rechnet im Kopf. Also als du meintest, du arbeitest an einem Projekt für Next Jen KI Automatisierung 18 Monate viel Red Bull. Naomis Stimme wird leiser. Wir versuchen genau dieses Problem seit dre Jahren zu lösen. Ich weiß, deshalb haben wir euch gekauft. Euer UI ist genial. Ihr habt nur unser Backend gebraucht. Opa Bill sitzt einfach nur da und grinst. Er erinnert sich an seine Vorhersage. Also sage ich und greife nach dem Dessert.",UCYgqfRGlbTTGfMI082OP1OA,LevinLacht,349907,9920,25,0,2026-03-05T07:00:39Z,,,,,PT2M59S,179,2d,hd,false,rectangular,True,public,youtube,True,True,False,,[],[],23,de,de,"['https://en.wikipedia.org/wiki/Food', 'https://en.wikipedia.org/wiki/Lifestyle_(sociology)']",[],https://i.ytimg.com/vi/uolsQEHM3Us/default.jpg,https://i.ytimg.com/vi/uolsQEHM3Us/maxresdefault.jpg,,,,,,Nicho 3 (Histórias/Denso)
Ty-talKa6zo,HAT jemand dein KIND beobachtet?! #shorts #satisfying #entspannung #redditstorytime,HAT jemand dein KIND beobachtet?! #shorts #satisfying #entspannung #redditstorytime,[],"Hast du schon einmal bemerkt, dass jemand dein Kind beobachtet? Ich war fest davon überzeugt, dass diese ältere Frau im Park von meiner acht Monate alten Tochter Lina besessen war. Jedes Mal, wenn wir in den Park gingen, saß sie auf derselben Bank und beobachtete sie mit einem intensiven Blick, als würde sie in ihrem Gesicht nach etwas suchen. Der erste richtige Vorfall passierte, als Lina auf der Babyschaukel spielte. Die Frau kam direkt auf uns zu und streckte die Hand nach ihr aus. So ein wunderschönes Baby. Darf ich ihre Schulter sehen? Ihre Stimme zitterte und klang verzweifelt. Ich nahm Lina sofort aus der Schaukel und wich zurück. Als wir gingen, hörte ich sie flüstern. Das Muttermal. Ich muss sehen, ob sie das Muttermal hat. Zwei Wochen später sah ich sie wieder, diesmal in ihrem Auto vor unserem Wohnhaus. Sie stand einfach da, als wir von unserem Morgenspaziergang zurückkamen. Als sie bemerkte, dass ich sie ansah, fuhr sie hastig davon, doch ich hatte ihr Gesicht klar gesehen. Sie hatte geweint. Mein Mann Daniel meinte, ich würde übertreiben, war aber einverstanden, andere Wege zum Park zu nehmen. Es spielte keine Rolle. Sie fand uns auch im kleineren Park ein paar Straßen weiter. Diesmal hatte sie einen Teddybären dabei, den sie Lina geben wollte. Das Etikett war noch dran, aber er wirkte alt, als wäre er seit Jahrzehnten aufbewahrt worden. Ich begann alles zu dokumentieren, wie sie im Supermarkt auftauchte, wenn wir einkaufen waren, wie sie wusste, zu welchem Kinderarzt wir gingen. Einmal erwischte ich sie dabei, wie sie mit unserer Nachbarin sprach und Fragen über das Baby stellte. Später erzählte mir die Nachbarin, dass die Frau wissen wollte, ob Lina irgendwelche auffälligen Merkmale habe. Der Wendepunkt kam drei Wochen später. Ich schob Lina im Kinderwagen, als sie plötzlich von hinten kam und meinen Arm packte. Bitte, ich muss es einfach wissen. Das Muttermal hat sie ein sternförmiges Mal auf der linken Schulter. Ihr Griff war überraschend stark. Meine Enkelin hatte genau dasselbe. Bitte sagen Sie es mir. Ich riss mich los und drohte die Polizei zu rufen. Sie ließ mich gehen, folgte uns aber mit Abstand bis nach Hause. Am Abend rief ich tatsächlich die Polizei, doch ohne konkrete Drohungen oder Gewalt konnten sie wenig tun. Sie rieten mir nur eine einstweilige Verfügung zu beantragen. Am nächsten Morgen war sie wieder im Park, diesmal mit einer jüngeren Frau, vielleicht Mitte 40, die versuchte sie zu beruhigen. Ich hörte, wie sie stritten. Mama, du musst damit aufhören. Es sind 40 Jahre vergangen. Sophie ist tot. Bei diesem Namen brach die ältere Frau völlig zusammen. Sie ist nicht tot. Klaus hat sie mir weggenommen und ich weiß, dass sie irgendwo da draußen ist. Dieses Baby hat dieselben Augen, dieselben Haare. Wenn ich nur das Mutter mal sehen könnte, dann wüsste ich es. Ich hatte genug. Mit Lina auf dem Arm ging ich auf sie zu, bereit rechtliche Schritte anzudrohen. Doch als ich näher kam, sah ich ein Foto in ihren Händen. Ein altes Polarud, ein Baby, das Lina zum Verwechseln ähnlich sah. Dieselben runden Wangen, dieselben strahlend blauen Augen, sogar dieselbe kleine blonde Locke. ""Das ist meine Enkelin Sophie"", sagte sie mit zitternder Stimme. ""Mein Ex-Mann hat sie mir 1984 während unseres Sorgerechtsstreits weggenommen. Er hatte Geldbeziehungen. Der Richter glaubte seinen Lügen. Tränen liefen ihr über das Gesicht. Sophie hatte ein Muttermal, einen perfekten Stern auf der linken Schulter. Ich suche seit 40 Jahren nach ihr."" Meine Wut verschwand schlagartig. Die jüngere Frau legte sanft die Hand auf ihre Schulter. Mama, wir haben das schon so oft durchgesprochen. Papa ist seit 10 Jahren tot. Wir werden so viel nicht mehr finden. Aber dieses Baby sieht genauso aus wie sie, bestand die ältere Frau. Und sie lässt mich nicht sehen, ob sie das mal hat. Ich sah auf Lina hinunter. Sie schlief friedlich in meinen Armen und ja, sie hatte dieses Muttermal, einen kleinen Stern auf der linken Schulter. Mein Mann hatte das gleiche und sein Vater auch. Es lag in der Familie. ""Min Mann ist adoptiert"", sagte ich langsam. ""Er kennt seine leiblichen Eltern nicht."" Seine Adoptiveltern sagten, er sei als Baby abgegeben worden. Ich drehte Lina vorsichtig, sodass sie ihre Schulter sehen konnten. ""Dieses Muttermal liegt in seiner Familie."" Die ältere Frau sagte zusammen. Ihre Tochter fing sie auf, während sie unkontrolliert schluchzte. Ich wusste es. Ich wusste, dass ich sie eines Tages finden würde. Das ist Sophies Kind, mein Urenkel. Wir verbrachten die nächsten Stunden im Park und setzten alles zusammen. Die Daten passten. Der Ort der Adoption stimmte mit dem Ort überein, an dem ihr Ex-Mann geflohen war. Und das Muttermal war zu einzigartig, um Zufall zu sein. Sie war keine Stalkerin.",UCYgqfRGlbTTGfMI082OP1OA,LevinLacht,352622,8697,28,0,2026-03-25T09:00:51Z,,,,,PT2M54S,174,2d,hd,false,rectangular,True,public,youtube,True,True,False,,[],[],23,de,de,['https://en.wikipedia.org/wiki/Lifestyle_(sociology)'],[],https://i.ytimg.com/vi/Ty-talKa6zo/default.jpg,https://i.ytimg.com/vi/Ty-talKa6zo/maxresdefault.jpg,,,,,,Nicho 3 (Histórias/Denso)
OhOBdfl_6iE,Vom FAMILIENTREFFEN ausgeladen! #shorts #redditstories #satisfying #geschichten,Vom FAMILIENTREFFEN ausgeladen! #shorts #redditstories #satisfying #geschichten,[],"Meine Schwester hat mir gesagt, dass ich von unserem Familientreffen ausgeladen bin. Also habe ich meinen Grill und alle Getränke einfach mitgenommen. Um 6 Uhr morgens habe ich gerade Rippchen mariniert, als Lexi mir schrieb: ""Du bist ausgeladen, wir wollen dich hier nicht."" Keine Erklärung, nur eine kalte Abfuhr von der Person, die für diese Treffen nie einen Finger krumm gemacht hat. Seit 8 Jahren war ich das Rückgrad jedes Familientreffens. Ich brachte den Smoker mit, kaufte den ganzen Alkohol, koordinierte alles. Lexie tauchte einfach auf und strich die Lorbeären ein, während ich die eigentliche Arbeit machte. Sie stolzierte in irgendeinem Designerkleid herein, posierte für Fotos und tat so, als hätte sie alles organisiert, während ich schwitzend am heißen Grill stand. Ich starrte auf diese Nachricht, die Hände voller Marinade, und tippte zurück. Gut, dann nehme ich meinen Grill und die Getränke eben wieder mit. Eine Stunde später explodierte mein Handy. 15 verpasste Anrufe von Küsens Onkeln, alle in Panik. Moment, du kommst nicht. Was ist mit dem Essen? Lexi hat gesagt, du hast uns im Stich gelassen. Meine Mailbox war komplett voll. Eine Nachricht nach der anderen. Bitte sag, dass du scherzt. Das Treffen ist ohne dein Brisket nicht dasselbe. Was ist passiert? Da wurde mir Lexis fataler Fehler klar. Sie hatte niemandem gesagt, dass sie mich ausgeladen hatte. Sie hatte einfach verkündet, ich hätte abgesagt und ließ alle ohne Plan B zurück. Ganz typisch Lexi: Probleme schaffen und erwarten, dass andere sie lösen. Ich schrieb meinem Cousin Matthew: Lexi hat mich ausgeladen, aber bei mir seid ihr willkommen. Ich habe alles, was wir brauchen. Matthew rief sofort zurück. stinksauer. Sie hat was das ist völlig verrückt. Ich komme rüber und bringe so viele Leute mit, wie ich überzeugen kann. Innerhalb weniger Minuten entschied sich die Hälfte der Familie für meinen Garten statt für Lexies Disaster. Sogar die Nachbarn wollten dabei sein, als ich herumsprach, dass in meiner Straße spontan ein Grillfest stattfand. Mein Handy summte ununterbrochen mit Zusagen. Onkel Henk ist unterwegs mit den Cornholbrettern und meiner berühmten scharfen Soße. Cousine Lis bringt Kartoffelsalat und die guten Klappstühle. Sogar meine ältere Tante Diana sagte, sie komme lieber zu mir, weil das Mädchen nichts Wichtiges organisieren sollte. Um 10 Uhr morgens kamen schon die ersten, um beim Aufbau zu helfen. Mein Nachbar Jeff brachte seine Autor Lautsprecher und Lichterketten. Die Kinder aus der Straße fragten, ob sie meinen Pool benutzen dürften. Das Ganze wurde größer als jedes Familientreffen, dass wir je hatten. Gegen Mittag begann Lexi herum zu telefonieren, völlig panisch. Wo ist denn jeder? Es sind nur sechs Leute hier und ich habe Essen für 30 bestellt. Man hörte Verzweiflung und Wut in ihrer Stimme. Sie wollte mich ausschließen und hatte am Ende sich selbst von der echten Party ausgeschlossen. Um 13 Uhr waren 43 Leute bei mir. Die größte Feier, die ich je geschmissen hatte. Die Rippchen fielen vom Knochen, das Bier war eiskalt und alle bedankten sich, dass ich ihr Wochenende gerettet hatte. Die Kinder planschten im Pool, die Erwachsenen spielten Karten und die ganze Nachbarschaft roch himmlisch nach Barbecue. Inzwischen rief Tante Diana lachend an: ""Lexis Treffen ist ein komplettes Disaster. Sie hat Pizza für 30 bestellt und es sind nur sechs da, inklusive ihr selbst. Sie gibt allen anderen die Schuld und hat einen totalen Zusammenbruch vor dem Rest der Familie. Das Beste, drei weitere Familien tauchten unangemeldet auf, weil sie über den Buschfunk der Nachbarschaft vom legendären Barbecue in der Maple Street gehört hatten. Sogar Leute, die gar nicht zur Familie gehörten, wollten mitfeiern. Mein Briefträger kam nach Feierabend vorbei. Gegen 15 Uhr schrieb Lexi wieder: ""Das ist alles deine Schuld. Du hast alles ruiniert. Alle reden über deine bescheuerte Party."" Ich zeigte die Nachricht Matthew. Er schüttelte nur den Kopf. Sie kapiert es immer noch nicht, oder? Das hat sie sich selbst eingebockt. Ich antwortete. Ich habe nichts ruiniert. Ich habe nur meine Beiträge mitgenommen, wie du es wolltest. Hoffe, euer sechs Personen treffen ist alles, wovon du geträumt hast. Die Party ging fast bis Mitternacht. Die Leute fragten schon, wann die nächste Stadt findet. Mein Nachbar Jeff meinte, es sei das beste Straßenfest seit Jahren gewesen. Selbst die Kinder wollten nicht aus dem Pool. Drei verschiedene Leute fragten mich, ob ich Events caterte. Lexi hat sich nie entschuldigt, aber sie hat auch nie wieder ein Familientreffen geplant. Und ratet mal, wer gefragt wurde, Weihnachten auszurichten. Der lustigste Teil kam zwei Wochen später. Lexi versuchte ein Wiedergutmachungstreffen zu organisieren und schickte eine Gruppennachricht, dass jeder Essen und Getränke mitbringen solle. Die Antworten waren gnadenlos. Nein, danke. Wir warten auf das nächste bei deinem Bruder. Warum sollten wir ein Downgrade machen? Danke, aber wir wissen schon, wo die guten Partys sind. Schließlich rief sie mich weinend an und fragte, was sie tun müsse, um alles wieder in Ordnung zu bringen. Ich sagte ihr die Wahrheit: ""Man kann 8 Jahre, in denen man sich mit fremder Arbeit schmückt, nicht mit einer einzigen Entschuldigung reparieren. Vielleicht solltest du nächstes Mal nicht die Hand beißen, die die Familie füttert.",UCYgqfRGlbTTGfMI082OP1OA,LevinLacht,310225,9117,21,0,2026-02-27T15:00:45Z,,,,,PT2M59S,179,2d,hd,false,rectangular,True,public,youtube,True,True,False,,[],[],23,de,de,['https://en.wikipedia.org/wiki/Lifestyle_(sociology)'],[],https://i.ytimg.com/vi/OhOBdfl_6iE/default.jpg,https://i.ytimg.com/vi/OhOBdfl_6iE/maxresdefault.jpg,,,,,,Nicho 3 (Histórias/Denso)
iZLxX6fg9GM,Meine SCHWETSER wurde immer BEVORZUGT! #shorts #redditstories #satisfying #storytime,Meine SCHWETSER wurde immer BEVORZUGT! #shorts #redditstories #satisfying #storytime,[],"Geschwister des Goldkindes, wann kam die Bevorzugung eurer Eltern auf sie zurück? Meine Zwillingswester Isabelle war die Kluge, während ich die sportliche war. Klingt fair, oder falsch? Dieses Etikett wurde zu einem Gefängnis, das unsere Familie zerstörte. Von Anfang an konnte Isabelle nichts falsch machen. Als wir 12 waren, gewann ich die regionale Leichtathletikmeisterschaft und Isabelle bekam eine zwei plus in einer Mathearbeit. Ratet mal, was beim Abendessen gefeiert wurde. Sie verbrachten 20 Minuten damit, Isabels brillante Problemlösungsstrategie zu analysieren, während meine Trophäe auf der Küchent Staub sammelte. In der Highchool wurde die Beorzugung lächerlich. Isabelle wollte ihren Nebenjob in der Bibliothek kündigen, um sich auf ihre AP-Kurse zu konzentrieren. Sofort zahlten unsere Eltern ihr monatlich 400$ für akademische Exzellenz. Als ich um Benzingeld bat, um zum Basketballtraining am anderen Ende der Stadt zu kommen, sagte Dad: ""Vom Sport könne man keine Rechnungen bezahlen und ich müsste Verantwortung lernen."" Isabelle bekam im vorletzten Schuljahr ihr eigenes Auto, einen zuverlässigen Honda, damit sie nicht von ihrem Studium abgelenkt würde. Ich fuhr zwei Jahre lang mit dem Fahrrad durch den Regen zum Training, bis ich mir von meinem Bademeistergehalt ein heruntergekommenes Motorrad leisten konnte. Der College Bewerbungsprozess war ein Albtraum. Isabelle bewarf sich bei 15 Eliteunis, während ich mich auf staatliche Universitäten mit guten Sportprogrammen konzentrierte. Bei jedem Abendessen ging es um Isabels Bewerbungsaufsätze, ihre Empfehlungsschreiben, ihre Interviewvorbereitung. Meine Rekrutierungsschreiben von Division 2 Schulen wurden mit höflichem Nicken und schnellem Themenwechsel abgetan. Als Isabelle ein Vollstippendium für Stanford PME bekam, dachte ich ehrlich, unsere Eltern würden vor Stolz explodieren. Das Feierabendessen kostete mehr als meine monatlichen Ausgaben. Mein Teilchippendium an einer staatlichen Uni wurde zwischen Vorspeise und Hauptgang nebenbei erwähnt. Plötzlich existierte ich nicht mehr. Jedes Familientreffen, jedes Telefonat, jeder Social Media Post drehte sich um ihre zukünftige Ärztin. Isabelserfolge im ersten Studienjahr wurden detailliert besprochen, während meine Konferencemeisterschaft nicht einmal erwähnt wurde. Ich kämpfte mich durch mein BWL-studium und arbeitete nachts in einem Lagerhaus. Für meine eigene Familie völlig unsichtbar. Aber was sie nicht wussten, Isabelle ging unter. Der Druck, die Erwartungen, das ständige Rampenlicht hatten sie zerbrochen. Sie hasste organische Chemie, kam mit Anatomie nicht zurecht und bekam jedes Mal Magenschmerzen, wenn jemand nach dem Medizinstudium fragte. Doch unsere Eltern zu enttäuschen war keine Option. Im dritten Studienjahr begann Isabelle durch Prüfungen zu fallen, konnte es aber nicht zugeben. Sie spann über zwei Jahre hinweg ein aufwendiges Lügenkonstrukt. Sie tat so, als würde sie zu Vorlesungen gehen, arbeitete stattdessen in einem Starbucks außerhalb des Campus und nutzte Studienkredite, um ihren Lebensstil aufrecht zuerhalten und ihre Lügen zu decken. Ich erfuhr davon durch einen betrunkenen Anruf um 2 Uhr morgens, bei dem sie schluchzend erzählte, dass sie exmatrikuliert worden war, sich aber nicht traute es unseren Eltern zu sagen. Sie hatte die Fassade monatelang aufrecht erhalten, sogar ein Forschungspraktikum vorgetäuscht, indem sie Tage in der Bibliothek verbrachte und Selfies im online gekauften Laborkittel machte. Währenddessen hatten unsere Eltern ihr Pralen noch verstärkt. Mom postete wöchentlich Isabels erfunden Erfolge auf Facebook. Dad erzählte seinen Golfkumpels von Isabels Bahnbrechender Forschung, die es nie gegeben hatte. Sie hatten die gesamte Verwandschaft zu Isabels Abschlussfeier eingeladen und angekündigt, sie würde dort ihre Zusage fürs Medizinstudium verkünden. Der Lagerhausjob, für den ich mich geschämt hatte, führte zu einem Logistikpraktikum, dann zu einer Führungsposition und schließlich zu Kontakten, die mir halfen, mein eigenes Versandunternehmen zu gründen. Mit 24 beschäftigte ich 12 Mitarbeiter und verdiente im sechsstelligen Bereich, aber Isabelle war immer noch ihre Erfolgsgeschichte. Die Abrechnung kam bei Isabels angeblicher Abschlussfeier. 50 Familienmitglieder drängten sich in unserem Garten, um die erste Ärztin der Familie zu feiern. Isabelle sollte eine Rede über ihre Aufnahme ins Medizinstudium halten. Stattdessen erlitt sie einen völligen Zusammenbruch. Vor allem gestand sie alles. Die Exmatrikulation, die Lügen, das gefälschte Praktikum. Zwei Jahre Arbeit bei Starbucks. Die Stille war Ohren betäubend. Ich sah zu, wie 25 Jahre Goldkindverehrung in Echtzeit zerfielen. Oma begann zu weinen. Onkel Rick sah körperlich krank aus. Unsere Eltern saßen wie erstart da. Die Geschichte von ihrer perfekten Tochter implodierte vor all Menschen, vor denen sie gepralt hatten. Isabelle arbeitet jetzt im Einzelhandelsmanagement, endlich frei von ihren unmöglichen Erwartungen. Sie ist tatsächlich glücklicher, hat einen tollen Freund und besucht abends Kunstkurse. Und ich aus dem Lagerhausjob wurde ein Logistikimperium im siebenstelligen Bereich. Rat mal, wen Sie jetzt anrufen, wenn die Hypothek fällig ist. Die Ironie ist wunderschön.",UCYgqfRGlbTTGfMI082OP1OA,LevinLacht,333455,8747,24,0,2026-02-27T07:00:36Z,,,,,PT3M,180,2d,hd,false,rectangular,True,public,youtube,True,True,False,,[],[],23,de,de,['https://en.wikipedia.org/wiki/Lifestyle_(sociology)'],[],https://i.ytimg.com/vi/iZLxX6fg9GM/default.jpg,https://i.ytimg.com/vi/iZLxX6fg9GM/maxresdefault.jpg,,,,,,Nicho 3 (Histórias/Denso)
Hta4erUlGXE,AITA for Telling My Dad’s Wife I Didn’t Care What Happened to Her Baby and Refusing to Babysit?,#redditstories  #aitareddit   #redditrelationship  #shorts #reddit,"['reddit content', 'AITA stories', 'reddit stories', 'reddit drama', 'AITA drama', 'AITA narration', 'AITA reddit', 'reddit recap']","My stepmom barged into my bedroom with a whining toddler and demanded I babysit. I refused and when she tried to guilt me with family, I said the line that set the house on fire. I didn't care what happened during her 10 minutes. Days later, my dad called to apologize and admitted she'd lied about him ordering it. When I was 16, I lived a split life. One week at my mom's, where I felt safe, the next at my dad's, where every hallway reminded me why my parents weren't together anymore. He'd cheated with a woman who knew he had a wife and kid. She got pregnant, the divorce finalized, and suddenly she was my new family. My dad paid for my private school, so I was stuck going over there, counting the days. They had a toddler and another baby on the way. I didn't hate the kids. I just didn't feel attached. My stepmom kept trying to force it anyway, like persistence could erase history. She pushed me to bond, then acted shocked when I stayed cold. Just 10 minutes. 10 minutes never stayed 10 minutes. So, I stopped saying yes. That Tuesday, I had a friend over and we were grinding on a huge history project due the next morning. My room was my only sanctuary in that house. Knock. Then the door opened. Anyway, my stepmom walked in looking frazzled, toddler on her hip. Watch her for a bit, she said. I need a quick shower. I didn't look up. No, I'm working. She snapped. It's 10 minutes. Go get my dad, I said. He's her father. She shot back. He's on a conference call. He can't be interrupted. I said, ""I can't be interrupted either. Figure it out."" Her face went red. She's your sister. I do everything for you. You live under my roof for free. I'm pregnant. I finally looked up. You do things for my dad and your kids, not for me. Then she started crying. Loud, dramatic, perfectly timed. He told me to ask you, she sobbed. He pays for your life and you can't help for 10 minutes. What if something happens to her? That's when I snapped. She stood in my doorway holding the toddler like a prop. Then she took one step closer like I was the help. Next, she said family. Like it erased what she did. After that, she tried to hand the toddler to me anyway. So, I backed up in my chair and didn't reach out. Then, I pointed down the hall toward my dad's office and I said, ""If anything happens because you walked away, that's on you again."" I said, ""That would make you negligent, not me."" Her tears shut off. The screaming started, spoiled, hateful, ungrateful. She kept going like volume could rewrite history. My friend stared at the floor. I stood up. ""Pack your stuff."" We grabbed our boards and laptops and left. We finished the project at the library in actual peace. That night, my dad was waiting in the kitchen, furious. ""I can't believe you said you don't care if something happens to your sister."" He barked. ""After everything I do for you,"" I said. You pay for school because it was in the settlement and you're not asking me to be human. You're asking me to be free child care. He threatened my school. He lectured me about gratitude. I kept my voice flat. If you're so worried, I said, ""Stop working for 10 minutes and watch your own kid."" After that, the house turned petty. Cold shoulders from him, missing dinner plate from her, toys dumped in my room. One night, I heard her hiss. She's just like her mother. And my dad whispered, ""She'll grow out of it."" I went back to my mom's house and finally breathed. She said my boundary was fair, but my wording was harsh. I knew that. I didn't want the toddler hurt. I just didn't want her safety dumped on me like a trap. A few days later, my dad called. I'm sorry for yelling, he said. Then I never told her to ask you. If she'd asked, I would have watched her. So the sobbing, your dad told me speech was a lie. He said he'd confronted her. He said she crossed a line. He said she'd be apologizing next time. I told him I wasn't apologizing for refusing to babysit. I apologized for the I don't care line because it came out wrong. What I meant was simple. I'm not her nanny. I'm not the buffer for their bad choices, and I'm not going to pretend this family happened normally. He didn't fight me. He just said quietly, ""You don't have to appreciate her."" And I'm sorry. I asked to see my therapist more for a while. He agreed. Nothing is magically fixed. I'm still going to be civil and distant. I'm still counting down until I'm old enough to leave. But for once, my boundary didn't get brushed off as a phase.",UCyA0We4YIUVBCMSvoF8TNwg,Reddit Zephys,287013,9344,58,0,2026-01-24T16:21:50Z,,,,,PT3M,180,2d,hd,false,rectangular,False,public,youtube,True,True,False,,[],[],22,en,en,['https://en.wikipedia.org/wiki/Lifestyle_(sociology)'],[],https://i.ytimg.com/vi/Hta4erUlGXE/default.jpg,https://i.ytimg.com/vi/Hta4erUlGXE/maxresdefault.jpg,,,,,,Nicho 3 (Histórias/Denso)
bDrvAWBbOgs,MEIN Bruder zerstöre seinen RUF! #shorts #redditstories #satisfying #geschichte,MEIN Bruder zerstöre seinen RUF! #shorts #redditstories #satisfying #geschichte,[],"Ich sah voller Entsetzen zu, wie mein autistischer Bruder seinen Ruf völlig ruinierte und ich war noch nie so stolz. Mein Bruder hat Autismus und deshalb hat unsere Mutter ihn während seiner gesamten Kindheit und Jugend stark behütet. Er durfte keine Filme sehen, die ab 13 Jahren freigegeben waren. Er durfte keine Freundschaften mit normalen Kindern schließen und wurde im Allgemeinen gezwungen in seiner eigenen kleinen abgeschotteten Welt zu bleiben. So kam er ins Erwachsenenalter wie ein großes Kind, das nicht richtig funktionieren konnte. Er war kein schlechter Mensch, aber er verstand einfach nicht, wie die Welt funktioniert. Er hatte nie einfache Dinge gelernt, z.B. wie man putzt, kocht oder die Waschmaschine einschaltet. Ich weiß bis heute nicht, warum unsere Mutter plötzlich entschied, er sei reif genug, allein zu leben, aber sie merkte sehr schnell, dass das eine schlechte Idee war. Schon an seinem ersten Tag allein in der Wohnung hätte er beinahe ein Feuer verursacht, weil er einen Karton auf dem eingeschalteten Herd liegen ließ. Und am zweiten Tag wäre er fast verhaftet worden, weil er in den Blumentopf seines Nachbarn urinierte. Er erklärte, er habe gehört, dass Pflanzengießen gut sei. Und weil er immer darauf achtete, genug Wasser zu trinken, dachte er: ""Sein Urin wäre eine gute Bewässerung."" Noch am selben Tag zog er wieder zu uns nach Hause, wo unsere Mutter ihn erneut überbehütete. Obwohl er schon 20 war, hatte er immer noch eine feste Schlafenszeit und sogar eine Mittagsruhe. Und wegen dieser extrem kontrollierenden Art unserer Mutter wurde er irgendwann völlig verrückt. Als sie ihm sagte, er bekomme erst dann Chicken Nuggets, wenn er sein Gemüse gegessen habe, rastete er aus. Er schrie sie an, dass er genug habe, dass er kein geistig zurückgebliebenes zweijähriges Kind sei und dass der Grund, warum er heute so sei, nicht sein Autismus sei, sondern sie. Sie begann zu weinen. Er ging nach oben, knallte die Tür zu und fing an, seine Sachen zu packen. Noch in derselben Nacht verließ er das Haus. Unsere Mutter versuchte sogar die Tür zu blockieren, aber ohne Erfolg. Wir versuchten alle ihn zu erreichen, aber er antwortete nie. Er sagte uns nicht, wo er war oder was er tat. Etwa ein Jahr später sahen wir seinen Namen in den Nachrichten. Er wurde zu 5 Jahren Gefängnis verurteilt, weil er einen Verkäufer in einem Kiosk mit einer Waffe bedroht hatte, um seine M und MS umsonst zu bekommen. Danach hörten wir ungefähr 10 Jahre lang nichts mehr von ihm bis zum letzten Weihnachten. Er schrieb mir eine E-Mail mit einer Entschuldigung. Er sagte, es tut ihm leid für alles, was er früher getan hatte. Er erzählte mir, dass das Gefängnis ihn verändert habe und er fragte, ob er dieses Jahr das Weihnachtessen der Familie an Heilig Abend ausrichten dürfe. Wir sprachen alle darüber und beschlossen ihm eine letzte Chance zu geben. Als wir bei ihm ankamen, waren wir völlig überrascht. Er hatte eine wunderschöne Freundin. Seine Wohnung war blitz sauber und er zeigte soziale Umgangsformen, wie wir sie bei ihm noch nie gesehen hatten. Er nahm uns die Jacken ab und führte uns ins Esszimmer. Dort stand ein riesiger Tisch mit elf verschiedenen Gerichten. Seine Freundin ist nämlich Litaauerin. Und in Litaauen ist es Tradition, an Heiligabend elf Gerichte zu servieren. Sie hatten alles gemeinsam für uns gekocht und sie waren den ganzen Abend über unglaublich freundlich und höflich. Ich konnte ihn kaum wieder erkennen. Doch dann passierte etwas, das seinen Ruf endgültig veränderte. Meine Schwester verschluckte sich an einem schlecht gekauten Stück Burger. Niemand in der Familie bemerkte es, außer meinem Bruder. Er sprang sofort auf und begann den heimlichen Handgriff bei ihr anzuwenden. Sie wirkte und erst dann bemerkten wir anderen, was gerade passierte. Das Stück Burger schoss aus ihrem Mund heraus und landete direkt auf dem Weihnachtskleid unserer Mutter, wodurch es einen Fleck bekam. Unsere Mutter wollte sich tatsächlich darüber aufregen, aber meine Schwester fuhr sie sofort an. Er hat gerade deiner Tochter das Leben gerettet und du bist sauer wegen eines Kleides. Ich spürte, dass gleich ein Streit ausbrechen würde. Doch mein Bruder entschärfte die Situation sofort. Er sagte zu unserer Mutter, dass er die Reinigungskosten bezahlen würde, weil er mehr als genug Geld habe. Dann umarmte er meine Schwester und sagte, er sei froh, dass es ihr gut gehe. An diesem Tag stellte er uns alle bloß und bewies uns, dass wir uns völlig in ihm geirrt hatten.",UCYgqfRGlbTTGfMI082OP1OA,LevinLacht,314060,9633,26,0,2026-03-16T11:00:59Z,,,,,PT2M23S,143,2d,hd,false,rectangular,True,public,youtube,True,True,False,,[],[],23,de,de,['https://en.wikipedia.org/wiki/Lifestyle_(sociology)'],[],https://i.ytimg.com/vi/bDrvAWBbOgs/default.jpg,https://i.ytimg.com/vi/bDrvAWBbOgs/maxresdefault.jpg,,,,,,Nicho 3 (Histórias/Denso)
GEcaWYhezsI,How did your parents fail you? #shorts #story #reddit #viral,,[],"How did your parents fail you? Like many kids growing up, I couldn't sleep the night before Christmas. I was 12 and still clinging to the idea that something magical might happen, even if I didn't believe in Santa anymore. My little brother Max was six and totally bought into it. He left out cookies and a note for Santa like he did every year. My mom tucked us in with a smile and told us we'd have a special surprise in the morning. My dad kissed my forehead and told me he had one last gift to pick up and would be back soon. I noticed the way mom looked at him when he said that. Her smile twitched for a second like it was trying to stay in place, but didn't quite make it. I couldn't sleep, so I stayed up reading in bed. Around 11:00, I heard them downstairs. They weren't yelling, but I could tell it was serious. Money came up. So did the words again and you promised. Then the front door opened and closed. It stayed quiet after that. At midnight, I went downstairs. The tree lights were on, but there were no presents. No cookies eaten. Nothing. I found mom at the kitchen table surrounded by papers. Bills mostly. She didn't even notice me at first. She was just sitting there with her hands in her hair and her eyes staring at the table like it had punched her in the stomach. I didn't say anything. I just stood there until she finally looked up. Her eyes were red. She forced a smile and told me to go back to bed. I didn't. Instead, I stayed up making gifts for Max. I used paper, cardboard, duct tape, and some old crayons. I made him a superhero mask and a treasure map. I even turned one of my socks into a puppet. At some point, while looking for ribbon, I found a drawer in the back of mom's room with a stack of bills, a rejection letter from a loan company, and a pawn ticket for her wedding ring. That's when I knew this wasn't just about Christmas. In the morning, Max ran down the stairs and stopped. There was a beat where everything just hung in the air. No gifts, no dad, just me, mom, and the stuff I had thrown together during the night. I stepped in fast and told him dad was helping Santa fix his sleigh, that he'd be back soon. Max lit up and believed it without hesitation. Mom gave me a look I'll never forget. Proud and broken at the same time. I ran the whole day. We played games and did crafts. I kept things moving so Max wouldn't notice anything weird. I kept checking my phone though. Every 15 minutes I sent another message to dad. Nothing came back. Around 6:00 that night, I overheard mom on the phone. She was whispering, but I heard it. Casino. It clicked. I remembered her saying that word before. Late night fights I wasn't supposed to hear. I put it all together fast. I grabbed the babysitting money I'd been saving for months. Took the bus downtown and got off near the casino I remembered from their arguments. I had no plan, just a tight feeling in my chest and a burning need to know if he was really there. The place was loud and bright and smelled like smoke. I walked in and almost turned around because I felt like I didn't belong. But I kept going. I wandered past slot machines and card tables until I saw him. He was at a poker table, hunched over his cards, eyes heavy, beard patchy like he hadn't slept. He was wearing the same jacket he left in. I just stood there watching him. The dealer noticed me first. His face shifted. He looked at my dad and then back at me like something had gone horribly wrong. Dad didn't look up right away. Then he did. Our eyes met and everything stopped. His face changed. Not in a dramatic way. Just this slow sinking look like he had been caught doing the one thing he swore he wouldn't do again. The dealer called a break and told my dad he should leave. Said something about how he talked about his daughter before. My dad stood up and didn't say a word. We walked to the car in silence. On the way home, I finally asked him why. Why he left, why he did this when we had nothing, why he picked cards over us. He didn't dodge it this time. His voice was low and cracked when he said he didn't know. That he felt like a failure. That sometimes he just wanted to feel like he could win at something. He said he loved us but didn't know how to stop messing things up. We stopped at a 24-hour store. He bought Max a plastic dinosaur and got me a pack of sketchbooks. He handed it to me and said, ""You're stronger than me. I don't know how you are, but you are."" I didn't say anything. I just nodded. I knew he meant it and I knew it didn't fix anything.",UCcH-c_1rUsMpgFUbmw0ohgA,Reddit,291068,9161,72,0,2026-03-16T17:00:23Z,,,,,PT2M58S,178,2d,hd,false,rectangular,True,public,youtube,True,True,False,,[],[],22,en,en,['https://en.wikipedia.org/wiki/Lifestyle_(sociology)'],[],https://i.ytimg.com/vi/GEcaWYhezsI/default.jpg,https://i.ytimg.com/vi/GEcaWYhezsI/maxresdefault.jpg,,,,,,Nicho 3 (Histórias/Denso)
p7qWnznoadA,AITA for Telling the Man Who Raised Me He’s NOT My Dad,#redditstories  #aitareddit   #redditrelationship  #shorts #reddit,"['reddit content', 'AITA stories', 'reddit stories', 'reddit drama', 'AITA drama', 'AITA narration', 'AITA reddit', 'reddit recap']","I called my stepdad, Tom, at the dinner table, and the whole house went silent. A few days later, I was packing a bag for my aunt's place. Everyone kept saying I was throwing away 95% of a dad, like the missing part didn't matter. I was 16. On paper, we looked normal. My mom, my stepdad, me, my stepbrother, same age, and my little halfsister. My stepdad married my mom when I was one, and my biological father was gone before I could remember him. Still, there was always an invisible line, and I was on the wrong side of it. My mom kept things equal on paper. Same rules, same gifts, same chores, but you can't budget affection. When my stepdad got home, he'd scoop up my stepb brotherther and sister, asking questions and laughing. With me, it was a head pattern. Hey, bud. Like I was a neighbor's kid. So, I tried harder, better grades, no trouble, his hobbies. Instead, about a year and a half ago, the line became a wall. He started doing weekend trips with the kids, and I was never included. Fishing trips, hikes, cabin weekends. I'd hover near the door with my bag half-packed. He'd barely glance at me and say, ""Maybe next time, pal."" Last week, while they loaded the truck, I asked him why I was never invited. He pulled me near the garage and said, ""This is bonding time for me and my children, just us."" I said, ""I'm your kid, too."" He gave me a polite smile. You're a great kid and I love you, but bringing you along dilutes it. Then he patted my shoulder and drove off. That night, I told my mom, expecting her to take my side. She just sighed and said, ""That's how he feels and I've made sure you're treated fairly."" I asked, ""So, I'm supposed to accept being left out?"" She said, ""He's 95% of a father. Don't throw it away over the 5% he can't give."" So, I accepted it. When they came back Sunday, they were loud and happy, laughing about inside jokes I wasn't part of. My stepdad said his keys on the counter like nothing happened. I walked into the kitchen and kept my voice steady. Slow motion went like this. ""Hi, Tom,"" I said, loud enough for everyone to hear. His hand froze above the counter like it forgot gravity. He turned slowly, blinking like he misheard on purpose. ""What did you say?"" he asked. And nobody breathed. ""I said, ""Hi, Tom."" I repeated flat and calm. My mom's eyes shot to me like warning lights. My sister stopped chewing, staring at her plate. My stepbrother didn't look up once. At dinner, he finally said, ""What was that about?"" ""The Tom thing."" The table went quiet, so I kept it simple. ""You told me I'm not your child like they are."" I said, ""You said I dilute your bonding time."" I nodded toward my siblings, ""So, I'm keeping dad for your real kids. I'm just following your lead."" His face went red. My mom snapped. Go to your room now. upstairs. She came in shaking with anger. She called me cruel and demanded I apologize. I said, ""I didn't invent the boundary. I just stopped pretending it wasn't there."" She took my phone. She grounded me. Then she threatened my driver's license paperwork unless I fixed it. Meanwhile, my stepdad didn't speak to me at all. He talked around me like I was furniture. My mom kept insisting he cared, but his silence proved my point. My stepbrother tried once. He shouldn't have said that. He admitted, but calling him Tom was a low blow. I said, ""You get a dad who wants you. I get a guy who thinks I ruined the vibe. He went quiet."" A few nights later, I walked past the garage with groceries. My stepdad looked right at me and still said nothing. So, I stopped. ""You can ask me directly if you need help,"" I said. He didn't look up. I asked your mother, ""That's enough."" I asked, ""Do you actually want me here?"" He rubbed his temples. I didn't say, ""I want you gone."" I said, ""That's not what I asked."" He tightened a bolt and said, ""I want peace in my house. Peace? Not me."" That night, I called my aunt, my mom's older sister. I told her everything, the trips, the dilute comment, the punishments, the peace line. She said, ""Come stay with me."" The next day, she showed up and said it plain. If he was honest enough to say, ""You aren't his child. He needs to live with the consequences."" My mom cried and called it temporary. My stepdad stood in the doorway when I left and said nothing. Not goodbye. not my name. At my aunt's house, the quiet felt different. It didn't require me to disappear. She asked how my day was and actually listened.",UCyA0We4YIUVBCMSvoF8TNwg,Reddit Zephys,318230,8417,92,0,2026-01-19T15:57:09Z,,,,,PT3M,180,2d,hd,false,rectangular,False,public,youtube,True,True,False,,[],[],22,en,en,['https://en.wikipedia.org/wiki/Lifestyle_(sociology)'],[],https://i.ytimg.com/vi/p7qWnznoadA/default.jpg,https://i.ytimg.com/vi/p7qWnznoadA/maxresdefault.jpg,,,,,,Nicho 3 (Histórias/Denso)
WcskEVIIkKU,Meine ELTERN haben mich um 15.000 Euro bestohlen! #shorts #redditstories #satisfying #storytime,Meine ELTERN haben mich um 15.000 Euro bestohlen! #shorts #redditstories #satisfying #storytime,[],"Beim Abendessen sagte meine Großmutter zu mir: ""Wie war eigentlich die Reise, die ich dir geschenkt habe?"" Ich sah sie verwirrt an. ""Welche Reise? Ich habe nichts bekommen."" Ihr Gesicht verfinsterte sich, als sie sich zu meinen Eltern umdrehte. ""Die 15 000 € Abschlussreise nach Amerika, die ich vor drei Monaten für Diego überwiesen habe."" Die Stille war ohren betetäubend. Meine Mutter begann nervös mit ihrer neuen Designer Handtasche zu spielen, die die letzten Monat plötzlich aufgetaucht war. Zusammen mit den passenden Schuhen. Die goldene Kette meines Vaters schien auf einmal schwerer, um seinen Hals zu hängen. Und zum ersten Mal fiel mir seine teure Uhr auf. ""Wir dachten, es wäre besser, wenn"", stammelte meine Mutter. Ihre frisch gemachten Nägel klopften nervös auf den Tisch. ""Wenn was?"" Großmutters Stimme war eisig. In diesem Moment machtte es klick. Die plötzlichen Shoppingtouren jedes Wochenende, das neue iPhone, iPad und MacBook meiner Schwester, der Familienurlaub nach Kanun, zu dem ich nicht eingeladen war, die renovierte Küche, Papas neues Motorrad in der Einfahrt. Sie hatten mein Abschlussgeschenk gestohlen und das Geld für sich selbst ausgegeben, als wäre Weihnachten. Meine Schwester Eser, die noch nie in ihrem Leben gearbeitet hatte, trug Ohrringe, die mehr kosteten als mein Monatslohn von der Tankstelle. Diamantstecker, die im Licht des Restaurants funkelten. Sie starr auf ihren Teller und bewunderte lieber ihre frische Maniküre. ""Ihr habt ihnen ihr ganzes Leben lang alles gegeben"", sagte ich leise. Meine Stimme zitterte vor Jahrelang unterdrückter Wut, und sie haben mir das eine genommen, das für mich bestimmt war. Das einzige, dass ich mir wirklich verdient habe. Großmutter stand auf. Ihr Stuhl kratzte laut über den Boden, so dass andere Gäste sich umdreten. Seit 20 Jahren sehe ich, wie ihr Eser bevorzugt und Diego behandelt, als wäre er unsichtbar. Ich habe das Geld ausdrücklich für ihn geschickt mit einem Brief, in dem ich jede Einzelheit der Reise erklärt habe. Das Gesicht meiner Mutter wurde Kreidebleich. Wir haben nie einen Brief bekommen. Ich schwöre doch ihr habt ihn weggeworfen, nachdem ihr den Check eingelöst habt, auf dem sein Name stand. Das Restaurant fühlte sich trotz der anderen Gästetoten still an. Selbst die Kellner schienen die Spannung an unserem Tisch zu spüren. Ich konnte mich nicht mehr zurückhalten. Das erklärt alles, warum plötzlich Geld für Mamas Botox Termine und öffentliche Spartage da war, warum Papa sich die Harley Davidson gekauft hat, die er seit Jahren wollte. Warum Eser ihre Nasen OP bekommen hat und jede Woche Fotos aus fünf Sterne Hotels auf Instagram gepostet hat. Großmutters Augen wurden mit jeder Enthüllung größer. Nasenop, Instagram Fotos. Zeig her. Ich zog mein Handy heraus und zeigte ihr AS Beiträge. Poolfotos aus Luxusressorsorts in Miami. Designer Shoppingtouren am Rode Drive. First Class Sitze mit Champagnerläsern. Teure Restaurantbesuche, die mehr kosteten, als ich in einer Woche verdiente. Alles datiert auf die letzten drei Monate direkt nach meinem Abschluss. ""Ich arbeite 70 Stunden pro Woche an der Tankstelle, nur um Miete und Lebensmittel bezahlen zu können,"" sagte ich. Meine Stimme wurde fester. Ich esse abends Instrahmen, während sie wie König schweisen. Ich dachte, vielleicht hast du meinen Abschluss vergessen oder warst enttäuscht von mir, aber die ganze Zeit haben sie von meinem Geld gelebt. Großmutter scrollte durch die Fotos. Ihr Gesicht wurde mit jedem Wischen Röter. Dieses Hotel kostet 800 € pro Nacht. Ich weiß das, ich war letztes Jahr dort und in diesem Restaurant beginnen die Vorspeisen bei 50 €. Mein Vater lockerte nervös seinen Kragen. Mama, wenn du uns nur erklären lassen würdest, erklären was, Nelson, wie du die Unterschrift meines Enkels auf Bankdokumenten gefälscht hast, wie ihr seine Post abgefangen habt, wie ihr mich monatelang belogen habt, während ihr sein Geld ausgegeben habt. Sie zog einen dicken Umschlag mit juristischen Unterlagen aus ihrer Tasche. Ich habe Kopien von allem. Die Überweisung mit Jegos Namen, die Hotelreservierung, die Flugbestätigung, den detaillierten Reiseplan. Ich habe Wochen damit verbracht, sein Abschluss geschenkt zu planen. Meine Mutter begann zu weinen, aber nicht aus Reue. Es war wütendes trotziges Weinen. Sie wusste, dass ihr Spiel vorbei war. Du mochtest ihn sowieso immer mehr als, fauchte sie. Schon als Kinder, weil er für alles arbeitet, was er hat. Großmutter knallte den Umschlag auf den Tisch. Die Weingläser klirten, während ihr eine verwöhnte Prinzessin großgezogen habt, die denkt, die Welt schulde ihr alles nur, weil sie existiert. Ester sprach schließlich: ""Ihre Stimme klein und zittrig."" ""Ich wusste nicht, dass es Diegos Geld war. Ich dachte, es wäre einfach Familiengeld. ""Du wusstest ganz genau, was du getan hast"", sagte ich ruhig, als du diese Fotos gepostet und ""liing my best life"" dazu geschrieben hast, während ich Doppelschichten geschoben und vier Stunden pro Nacht geschlafen habe. Die anderen Gäste starten längst, aber es war mir egal. Jahre, in denen ich in meiner eigenen Familie unsichtbar gewesen war, gingen gerade zu Ende. Großmutter zog ihr Handy heraus. Ich rufe morgen früh meinen Anwalt an. Jeder Cent wird innerhalb von 30 Tagen zurückgezahlt. Sonst erstatte ich Anzeige wegen Diebstahls und Betrugs. Meine Eltern begannen zu betatteln, ihre Stimmen überschlugen sich, doch sie war bereits auf dem Weg zum Ausgang. Auf dem Parkplatz umarmte sie mich zum Abschied und flüsterte: ""Park heute Abend deine Sachen. Du ziehst zu mir und machst den Masterabschluss, den du wolltest und ich kaufe dir diese Europareise noch einmal."" Und diesmal wirst du sie auch antreten.",UCYgqfRGlbTTGfMI082OP1OA,LevinLacht,313935,9632,45,0,2026-03-04T11:00:49Z,,,,,PT3M,180,2d,hd,false,rectangular,True,public,youtube,True,True,False,,[],[],23,de,de,['https://en.wikipedia.org/wiki/Lifestyle_(sociology)'],[],https://i.ytimg.com/vi/WcskEVIIkKU/default.jpg,https://i.ytimg.com/vi/WcskEVIIkKU/maxresdefault.jpg,,,,,,Nicho 3 (Histórias/Denso)
6tgy3KGbrm8,"Parents Didn't Want Me At Our Family Vacation, Because I'm In A Wheelchair Now And Said I Would","#emotionalreddit #redditstories  #aitareddit   #redditrelationship  #shorts 
My parents left me home alone for our annual family vacation because I’m in a wheelchair now, and they said I’d embarrass them. A few hours later, I told my grandma the truth. By that night, she had dragged them in front of the whole family and threatened to throw them out of the house.","['emotional story', 'reddit story', 'stories', 'aita reddit', 'shorts', 'reddit stories']","My parents left me home alone for our annual family vacation because I'm in a wheelchair now and they said I'd embarrass them. A few hours later, I told my grandma the truth. By that night, she had dragged them in front of the whole family and threatened to throw them out of the house. Before I got sick, I was the kid my parents loved showing off. Sports, hiking, awards, all of it. Then I got diagnosed with a terminal illness, lost a lot of mobility, and my life flipped fast. I'm still me, but now I use a wheelchair, and apparently that changed how they see me. Every year, my mom's side gathers at my grandma's vacation house. I have never missed it. My cousins and I are close, and it's one of the few times everyone is together. So, when my parents started gently asking if I wanted to skip this year, I knew something was wrong. At first, they called it concern. My dad said I should rest. My mom said I'd be bored and moody. They suggested I stay home, watch movies, maybe see friends, and offered to hire someone to check on me while they were gone. They kept calling it practical, but it felt like they were trying to quietly erase me. I finally asked why they were pushing me out of a trip I had never missed. They stalled. They looked at each other. Then, they admitted they didn't want me there. I cried, and that somehow made them angry. My mom said I was trying to make them feel guilty. My dad said I was too emotional. Then, he said the part I can't unhear. He looked at my chair. Then, he looked at me. Then he said, ""We don't want the family seeing you like this."" I just stared. Next, he said I'd need too much attention. After that, he said he didn't want to spend the trip running after me. Then, like it was nothing. He said my wheelchair would hurt the family's image. My mom didn't stop him. She added that if I kept insisting on going, she'd resent me. Then, they told me to lie to my cousins later and say I just chose not to come. That was when I realized this was never about my comfort. It was about their embarrassment. And the wild part, they were never even my main caregivers. We had full-time professionals after my diagnosis. We can afford help. My parents kept working while trained people handled the hardest parts. But once I became more independent, they started acting like I was some burden ruining their lives. They still left the next morning. My dad said he felt a little guilty at the door. My mom handed me emergency numbers like that fixed anything. Then they drove off to my grandma's house without me. I sat there trying not to fall apart. I've never felt so disposable. That night, my cousins, aunts, and uncles started texting. Where are you? Are you okay? My parents had already told everyone I chose to stay home. I ignored most of it because I couldn't even type without shaking. Then my grandma called. I tried the lie once. I said I chose to stay home. She got quiet and said, ""No, that's not your voice. Tell me what happened."" I broke and told her everything, including the comments about my wheelchair and their precious reputation. She went nuclear. Later, my parents called me furious. Grandma had confronted them in front of everyone, called them cruel, and told them if they cared so much about appearances, they could leave her house and protect their image somewhere else. My mom said I betrayed them. My dad said I was causing drama. Funny how the truth becomes drama only when other people hear it. I almost felt guilty for a minute. Then I remembered they left me, wanted me hidden, and expected me to lie for them. I was done carrying shame that belonged to them. The next morning, my doorbell started ringing non-stop. I wheeled over, half asleep, opened the door, and froze. My grandma was there, my cousins were there, aunts, uncles, snacks, sleeping bags, board games. Basically, the whole family. Grandma hugged me and said, ""If you couldn't come to the gathering, we brought the gathering to you."" I lost it. My cousins took over my house like a happy invasion. People cooked. Someone set up a movie night. My uncles moved furniture so I could roll around easier without even asking. For the first time in days, I felt included instead of managed. My parents came back with them, too. Later, my mom apologized and admitted she cared more about appearances than my feelings. She said leaving me behind would never happen again. Maybe she meant it. Maybe she just got caught. I don't know yet. But I know this. My wheelchair didn't ruin the family gathering.",UCkkq81wYhUcXx00Wi3_fnzg,Emotional Reddit,259116,9599,55,0,2026-02-24T17:10:55Z,,,,,PT2M56S,176,2d,hd,false,rectangular,False,public,youtube,True,True,False,,[],[],22,en,en,['https://en.wikipedia.org/wiki/Lifestyle_(sociology)'],[],https://i.ytimg.com/vi/6tgy3KGbrm8/default.jpg,https://i.ytimg.com/vi/6tgy3KGbrm8/maxresdefault.jpg,,,,,,Nicho 3 (Histórias/Denso)
UKbwpwuN1wQ,"During Hurricane Season, My Parents Evacuated The Whole Family - But Left Me Behind With The Pets",#redditdraw #redditstories #aitareddit #redditrelationship #shorts,"['reddit content', 'AITA stories', 'reddit stories', 'AITA reddit', 'reddit drama', 'reddit recap', 'reddit channel']","My parents evacuated a category 4 hurricane and left me behind. They took my brother and my aunt to a hotel. They left me with three dogs and two cats. Nine years later, I stood in a public meeting and made them admit it. Before they pulled out of the driveway, my dad boarded up my bedroom window from the outside. I asked why. He said, ""So you don't get ideas about leaving when the wind picks up."" Then he cut the breaker to save money on AC. I said, ""I'm still here."" He said, ""You know what I mean."" My phone died around hour 6. The storm didn't care. Trees snapped. Power lines popped. Something slammed the roof so hard I tasted panic. I sat in the hallway closet with five shaking animals pressed into me and waited out 19 hours of darkness. That night didn't make me emotional. It made me honest. I finally understood my place in that family. I wasn't a son. I was an inconvenience they didn't know what to do with. My grandma was the one person who treated me like I mattered. She lived two streets over and raised me more than my parents did. My brother got new clothes and praise. I got hand-me-downs and be grateful. When my aunt moved in, she fed the same dynamic. My brother was golden. I was background. After the hurricane, I tried to talk about it. My mom called me dramatic. My dad told me to stop bringing it up. My brother said I should be grateful they trusted me. So, I stopped talking and started planning. I applied to colleges out of state in secret, full scholarship. I left the day after graduation with one bag and never moved back. The only person I stayed close to was my grandma. We talked every week. Before she died, she told me the truth. My parents had lived in her house rentree for 20 years. They assumed it would become theirs by default. She said, ""When I'm gone, it's yours, only yours."" I asked her not to because I knew the explosion it would cause. She said, ""That's why I'm doing it."" 2 weeks after the funeral, the will got read. My phone blew up calls, texts, essays about family loyalty. I waited 3 days and sent one message. I received the inheritance and I'd contact them about next steps. My next step was a lease at market rent. They screamed, called me heartless, then signed anyway. 3 years later, they were behind on rent and suddenly wanted peace. My dad called with that soft voice people use before they asked for a favor. He offered $50,000 to buy the house back like it was theirs to reclaim. I told him I'd think about it and drove down in person. They tried every line. Grandma would want unity. Family should help family. Sacrifice, tears, guilt. I asked one question. Do you remember boarding up my window during Hurricane Marcus? My mom blinked like I was talking about someone else. My dad stared at the carpet. Then I told them I wasn't selling to them at all. I'd accepted an outside offer. They had to move. That's when I learned they'd been hiding my aunt in the house the whole time, violating the lease. They were also telling neighbors I was extorting them and organizing opposition to block the sale. So I did what they never expected from me. I went public. The zoning board meeting was packed. My mom stood up and performed heartbreak. After that, I stood up as the property owner. First, I played the video of my aunt living there. Next, I read my dad's text threatening the permits. Then I held up the hurricane report. Category 4, mandatory evacuation. After that, I said they evacuated and left me. Then I repeated his exact words about my boarded window. Next, the board asked my dad if it was true. He hesitated and the room heard everything he wouldn't say. The permits got approved unanimously. 6 days after the eviction deadline, I showed up with my attorney and a sheriff's deputy. My mom begged for two more weeks. My dad tried to stay inside until the deputy told him to leave. The next morning, my phone exploded again. Relatives who'd been silent for years, calling me a monster. So, I sent one group text. What happened when I was 17? The boarded window. The power cut. 19 hours in the dark holding five terrified animals while my family drove to safety. Nobody replied, not one person. The house sold a few weeks later. After fees and taxes, I cleared a little over $300,000. My parents ended up in a small one-bedroom far from that neighborhood. My brother asked if I felt guilty. I told him, ""No."" ""What would you have done? Cut them a deal or finish",UCgC92EMRrMG4Z4HeHZjwYSQ,Reddit Draw,262517,9601,60,0,2026-02-03T16:10:31Z,,,,,PT3M,180,2d,hd,false,rectangular,False,public,youtube,True,True,False,,[],[],22,en,en,['https://en.wikipedia.org/wiki/Entertainment'],[],https://i.ytimg.com/vi/UKbwpwuN1wQ/default.jpg,https://i.ytimg.com/vi/UKbwpwuN1wQ/maxresdefault.jpg,,,,,,Nicho 3 (Histórias/Denso)
z6XZcz4m1x4,HAST du jemals dein eigenes KIND gehasst?! #shorts #redditstorie #satisfying #geschichte,HAST du jemals dein eigenes KIND gehasst?! #shorts #redditstorie #satisfying #geschichte,[],"Hast du jemals dein eigenes Kind gehasst? Als meine Frau und ich unsere Kinder bekam, waren wir überglücklich. Wir hatten das Gefühl, etwas Solides aufgebaut zu haben, etwas echtes. Ethan war unser Erstgeborener und er war so ein Junge, der einfach alles leichter machte. Er hörte zu, kümmerte sich und bemerkte immer, wenn es jemandem in seiner Umgebung schlecht ging. Schon als kleines Kind hielt er im Supermarkt die Hand seiner Mutter und fragte, ob sie müde sei, einfach weil er es ihr ansah. Dann kam Lilli. Sie war vom ersten Moment an laut. Sie hatte dieses wilde Funkeln in den Augen, das die Leute zum Lächeln brachte, wenn sie einen Raum betrat. Wir sagten immer, sie würde eines Tages berühmt werden, vielleicht als Anwältin oder Schauspielerin, weil sie jedes Gespräch an sich riss. Am Anfang war es lustig, es machte uns sogar stolz. Die Erziehung fühlte sich leicht an, zumindest in den ersten Jahren. Klar, Lilli hatte ein Temperament und wollte immer ihren Willen durchsetzen, aber Kinder machen eben Phasen durch. Das sagten wir uns zumindest. Selbst wenn sie bei kleinen Dingen log, taten wir es ab. Wenn sie Dinge kaputt machte und anderen die Schuld gab, dachten wir, vielleicht hätte sie Schwierigkeiten, sich auszudrücken. Wir warteten darauf, dass sie da herauswächst, aber das tat sie nicht. Als sie in die Mittelstufe kam, war alles anders. Ihre Lehrerin rief uns an, nicht mit Sorgen, sondern mit Beschwerden. Lilli erzählte ausgeklügelte Geschichten über andere Kinder, die einfach keinen Sinn ergaben. Einmal beschuldigte sie einen Jungen, sie bedroht zu haben und er wurde daraufhin suspendiert. Wir glaubten ihr, wir wollten uns nicht vorstellen, dass unsere Tochter über so etwas Ernstes lügen könnte, aber dann passierte es wieder und wieder. Jedes Mal, wenn sie bei etwas falschem erwischt wurde, hatte sie eine Geschichte parat, in der sie als Opfer da stand. Zu Hause wurde es schwieriger. Sie wurde auf subtile Weise grausam. Sie stichelte gegen Ethan, lachte vor seinen Freunden über ihn, verdrehte seine Worte so lange, bis er aufhörte sich zu wehren. Er kämpfte nie gegen sie an. Er wurde einfach still. Er verbrachte immer mehr Zeit in seinem Zimmer mit Kopfhörern, versuchte unsichtbar zu sein. Wir probierten alles aus. Therapie, Regeln, mehr Aufmerksamkeit, weniger Aufmerksamkeit. Nichts machte einen Unterschied. Sie wusste genau, wie sie alles umgehen konnte. Sie war süß, wenn jemand zusah, aber es war, als würde ein Schalter umgelegt, sobald sie allein mit Ethan oder mit uns war. Und dann kam der Tag, der alles zerstörte. Sie kam von der Schule nach Hause, ihr Gesicht blass, die Hände zu Fäusten geballt. Sie sagte uns, Ethan habe sie unsittlich berührt. Sie behauptete, das würde schon länger so gehen. Mir schnürte es die Brust zu. Meine Frau setzte sich hin, als hätte ihr jemand die Luft aus den Lungen geschlagen. Ethan war oben und faltete Wäsche. Daran erinnere ich mich noch genau. Er sah auf, als wir hereinkamen, sah unsere Gesichter und ich konnte in seinen Augen erkennen, dass er schon wusste, dass etwas schreckliches passiert war. Er schüttelte nur den Kopf, als wir ihm sagten, was Lilli behauptet hatte. Immer wieder sagte er, dass er nichts getan habe. Kein Schreien, kein Weinen, nur dieses leise gebrochene Unverständnis. Wir wollten ihm glauben, aber wir konnten auch nicht ignorieren, was Lilli sagte. Wir wussten nicht, was wir tun sollten. Sie erzählte es ihrem Schulberater. Sie erzählte es ihren Freunden. Die Geschichte verbreitete sich schnell. Innerhalb einer Woche flüsterten die Kinder in der Schule. Eltern zogen ihre Kinder zurück und Ethans Ruf war zerstört. Er hörte auf rauszugehen. Er verließ kaum noch sein Zimmer. Es war als würde man dabei zusehen, wie jemand langsam verschwindet. Monate vergingen. Dann meldete sich eine von Lillis Freundinnen. Sie hatte Screenshots, Nachrichten, in denen Lilli damit prallte, dass sie endlich das Leben ihres Bruders zerstört habe. Sie schrieb: ""Sie sei es leid gewesen, immer nur die zweitbeste zu sein. Sie wollte, dass sich endlich einmal jemand um sie kümmerte. Sie wollte Aufmerksamkeit."" Ich starrte auf diese Nachrichten und spürte, wie etwas in mir zusammenbrach. Wir konfrontierten sie. Sie stritt nichts ab. Sie entschuldigte sich nicht. Sie sah uns nur an und sagte, es sei keine große Sache. Ethan würde schon darüber hinwegkommen. In diesem Moment wusste ich, dass wir sie nicht mehr in unserem Zuhause behalten konnten. Wir sagten ihr, sie solle ihre Sachen packen. Wir sagten ihr, sie können nicht zurückkommen. Sie ging zur Haustür hinaus, ohne sich umzudrehen, ohne ein einziges Wort des Bern. Wir haben den Kontakt vollständig abgebrochen. Keine Anrufe, keine Nachrichten, nichts. Die Leute fragen uns noch immer, wie wir so etwas unserer Tochter antun konnten. Aber diese Menschen haben nicht gesehen, wie ihr Sohn zu einer leeren Hülle seiner Selbst wurde. Sie haben nicht gehört, wie still es jede Nacht in unserem Haus war. Sie haben nicht gesehen, was es uns gekostet hat. Wir haben nicht aufgehört, ihre Eltern zu sein, weil wir aufgehört haben, sie zu lieben.",UCYgqfRGlbTTGfMI082OP1OA,LevinLacht,279039,8706,55,0,2026-03-20T15:01:43Z,,,,,PT2M51S,171,2d,hd,false,rectangular,True,public,youtube,True,True,False,,[],[],23,de,de,['https://en.wikipedia.org/wiki/Lifestyle_(sociology)'],[],https://i.ytimg.com/vi/z6XZcz4m1x4/default.jpg,https://i.ytimg.com/vi/z6XZcz4m1x4/maxresdefault.jpg,,,,,,Nicho 3 (Histórias/Denso)
qmp091KDJgQ,"Mi hermano mayor me llamó ""ARROGANTE"" por HUMILLARLO con el REGALO DE JUBILACIÓN de nuestro padre.","📖 Historias impactantes inspiradas en Reddit, contadas de forma intensa y envolvente.

Algunos detalles como nombres, edades o situaciones pueden ser modificados para mejorar la narrativa.

⚠️ Este contenido se publica únicamente con fines de entretenimiento.

👀 Si llegaste hasta aquí, ya eres parte de la comunidad.

👉Suscríbete ahora y activa la campanita para no perderte la próxima.

💬 Déjame en comentarios qué harías tú en esta situación, quiero leerte en la próxima historia.

#historiasdereddit #historiasreales #reddit #redditespañol #shorts #youtubeshorts",[],"Mi hermano mayor me llamó arrogante por humillarlo con el regalo de jubilación de nuestro padre, así que ahora voy a duplicar la apuesta. Perdí mi empleo como analista de sistemas en marzo, cuando la empresa recortó al 40% de la plantilla. Mi padre, que estaba a solo meses de jubilarse tras 40 años como mecánico, no lo dudó. Me dejó mudarme a su casa y usó parte de sus ahorros para que no me hundiera en deudas mientras yo enviaba cientos de currículums. Él pospuso sus propios planes de descanso para asegurarse de que yo tuviera un plato de comida. Nunca me pidió un centavo, solo me decía, ""Concéntrate en volver a levantarte."" En septiembre finalmente conseguí un puesto senior con un bono de firma de contrato importante. Sabía exactamente qué quería hacer. Mi padre siempre soñó con restaurar un viejo motor clásico que tenía en el garaje, pero nunca tuvo el dinero para las piezas originales. Gasté $1,000 en importar los componentes exactos y contratar a un especialista para que lo ayudara. Cuando se lo entregué en su fiesta de jubilación, mi padre lloró frente a todos. Dijo que era el mejor reconocimiento a su vida de trabajo. Mi hermano mayor, que tiene un puesto ejecutivo y siempre ha sido el exitoso de la familia, le regaló a mi padre un kit de herramientas genérico de oferta. Durante la fiesta se limitó a darme palmaditas en la espalda, pero el veneno llegó dos días después. Me envió un mensaje larguísimo diciendo que yo era un arrogante sin clase por intentar comprar el afecto de nuestro padre. Me acusó de usar el dinero de mi nuevo empleo para restregarle en la cara que ahora gano más que él. Dijo que mi regalo fue una falta de respeto hacia su posición como hermano mayor y que ahora su esposa lo estaba presionando porque su regalo parecía basura al lado del mío. Le mostré el mensaje a mi padre. No guardamos secretos y él, que es un hombre de pocas palabras, pero mucha firmeza, llamó a mi hermano. La discusión fue tensa. Mi hermano tuvo el descaro de decir que yo era un derrochador y que la familia estaba mejor cuando yo estaba desempleado porque conocía mi lugar. Mi padre simplemente le dijo, ""Tu hermano agradeció mi sacrificio. Tú solo estás contando los billetes en el bolsillo ajeno."" Y le colgó. Mi cuñada me escribió después para decirme que ella no está de acuerdo con mi hermano y que el regalo fue increíble, pero mi hermano se niega a disculparse. Así que aquí es donde decido no retroceder. Ya reservé un viaje de pesca de una semana para mi padre y para mí en las cabañas que siempre quiso visitar. Otros $800. Mi hermano puede seguir contando sus herramientas de oferta. Yo voy a seguir devolviéndole a mi padre cada gramo del apoyo que me dio cuando no tenía nada.",UCeoaydffQmwi5_lbmj3GO6A,El Tipo de Reddit,271316,16900,28,0,2026-03-21T20:00:36Z,,,,,PT1M48S,108,2d,hd,false,rectangular,True,public,youtube,True,True,False,,[],[],24,es,es,['https://en.wikipedia.org/wiki/Lifestyle_(sociology)'],[],https://i.ytimg.com/vi/qmp091KDJgQ/default.jpg,https://i.ytimg.com/vi/qmp091KDJgQ/maxresdefault.jpg,,,,,,Nicho 3 (Histórias/Denso)
dEAb5sL0L_M,WAS hat dein Kind gesagt?! #shorts #redditstorie #satisfying #geschichte,WAS hat dein Kind gesagt?! #shorts #redditstorie #satisfying #geschichte,[],"Eltern, was ist das verrückteste, was euer Kind je gesagt hat? Meine Tochter ist einmal zu einem völlig fremden Mann gegangen und hat ihm gesagt, dass sie unbedingt noch ein Baumhaus haben möchte, bevor sie in den Himmel kommt. Ich wusste das schon seit etwa einem Jahr, dass meine kleine Lena sterben würde. Sie war sechs. Es war etwas, dass ich kaum laut aussprechen konnte. Die Ärzte erklärten uns alles auf ihre Art. viel Fachsprache, viele Details, aber egal, wie sie es formulierten, es bedeutete immer dasselbe. Mit jeder Woche wurde sie schwächer. Mit jedem Tag hatte ich das Gefühl, ein Stück von ihr zu verlieren. An diesem Nachmittag waren wir einfach nur im Baumarkt, um Glühbirnen und Farbe zu kaufen. Ich drehte mich vielleicht 30 Sekunden um, etwas aus einem Regal zu holen. Als ich wieder hinsah, war Lena verschwunden. Ich fand sie schließlich in der Holzabteilung. Sie stand dort und unterhielt sich mit einem Handwerker. Er war ein großer Typ, staubige Jeans, rauhe, vielleicht Mitte 40. So jemand, dem man sofort zutraut, dass er dir die Terrasse baut oder das Dach repariert. Dann hörte ich Lena ganz klar sagen: ""Ich möchte ein Baumhaus, bevor ich in den Himmel muss."" Direkt, ehrlich, genauso wie sie immer gesprochen hat. Der Mann erstarrte. Zuerst wirkte er verwirrt, dann wurde sein Gesicht ganz weich. Er sah mich an, dann wieder Lena und ohne zu zögern sagte er: ""Okay, dann bauen wir dir eins."" Ich dachte ehrlich gesagt, das wäre so eine höfliche Floskel, so wie wenn man einem Krankenkind sagt, es kann später Astronaut werden. Nett gemeint, aber ohne echte Konsequenz. Doch zwei Tage später stand der Mann vor unserer Haustür in mit Skizzen in der Hand. Lena ist komplett ausgeflippt vor Freude. Ihre Augen leuchteten. So hatte ich sie seit Monaten nicht mehr gesehen. Sie schnappte sich die Zeichnungen, zeigte auf alles, stellte tausend Fragen und er beantwortete jede einzelne. Ich begann mich fast genauso auf seine Besuche zu freuen wie sie. Er war ruhig, zuverlässig und unglaublich freundlich, aber ich merkte, dass ihn etwas belastete, als wäre dieses Baumhaus auch seine eigene Therapie. Manchmal kam er völlig erschöpft vorbei. Irgendwann machte ich mir Sorgen. Eines Abends ging ich nach dem Essen bei seiner Werkstatt vorbei und brachte ihm Kaffee. Ich fand ihn schlafend auf dem Boden. Die Werkstatt war fast leer. Ich weckte ihn vorsichtig und er gab zu, dass es schlecht lief. In 30 Tagen würde er seine Werkstatt verlieren, n, weil er die Miete nicht mehr zahlen konnte. Er wirkte beschämt, als er das sagte und starrte auf den Boden. Dann meinte er leise: ""Ich will das nur noch für Lena fertig machen."" Ein paar Tage später hörte ich zufällig ein Telefonat von ihm. Es klang angespannt. Er hatte ein Jobangebot bekommen. Gutes Geld, sichere Arbeit, der Haken. Er hätte für sechs Wochen wegziehen müssen. Zu lange. Lena hätte ihr Baumhaus vielleicht nicht mehr rechtzeitig bekommen. Er lehnte ab, ohne zu zögern und arbeitete weiter. Dann kam die nächste Nachricht der Ärzte. Lena hatte noch weniger Zeit, als wir dachten, vielleicht nur noch ein paar Wochen. Ich fuhr nach Hause, die Hände taub am Lenkrad. An diesem Abend fragte Lena ganz leise: ""Papa, wird mein Baumhaus rechtzeitig fertig? Es hat mir das Herz gebrochen. Ich wusste, ah, ich musste etwas tun. Ich griff zum Handy und begann zu telefonieren. Freunde, Nachbarn, Leute aus dem Krankenhaus. Ich erzählte ihnen von Lena, von dem Handwerker, von dem Baumhaus und davon, dass dieser Mann alles riskierte, nur um ihren Wunsch zu erfüllen. Die Leute hörten zu. Eine Krankenschwester stellte unsere Geschichte online, nachdem Lena während einer Behandlung davon erzählt hatte. Dann ging alles ganz schnell. Nachrichten, Anrufe, Hilfe von überall. Und dann passierte das Schlimmste. Am nächsten Morgen wurde der Handwerker aus seiner Werkstatt geworfen. Er rief mich an, völlig am Boden zerstört. ""Sie haben meine Werkzeuge mitgenommen, mein Holz. Ich kann es nicht fertig bauen. Ich sagte ihm: ""Halte durch, Hilfe ist schon unterwegs."" Und tatsächlich, am Nachmittag rollten die ersten Transporter an. In erst einer, dann noch einer. Und plötzlich war die ganze Straße voll. Handwerker, Bauarbeiter, Nachbarn, sogar völlig fremde Menschen. Sie brachten Holz, Werkzeuge, Leitern, alles. Das ganze Wochenende wurde durchgearbeitet. Lena saß eingekuschelt in Decken und beobachtete alles. Sie lächelte so groß wie seit Monaten nicht mehr, feuerte jeden an. Als es endlich fertig war, halfen wir ihr hinaufzuklettern. Sie nannte es meine Himmelsparty. Alle standen zusammen, lachten und freuten sich mit ihr. Es war magisch. Ich stand unter diesem Baumhaus, Tränen in den Augen und sah meine kleine Tochter, wie ihr letzter Wunsch wahr wurde.",UCYgqfRGlbTTGfMI082OP1OA,LevinLacht,267587,9156,35,0,2026-03-28T11:00:44Z,,,,,PT2M57S,177,2d,hd,false,rectangular,True,public,youtube,True,True,False,,[],[],23,de,de,"['https://en.wikipedia.org/wiki/Food', 'https://en.wikipedia.org/wiki/Lifestyle_(sociology)']",[],https://i.ytimg.com/vi/dEAb5sL0L_M/default.jpg,https://i.ytimg.com/vi/dEAb5sL0L_M/maxresdefault.jpg,,,,,,Nicho 3 (Histórias/Denso)
fj_yDrG4YKo,AITA for Refusing to Be My Dad’s “Emergency Babysitter” After He Cheated and Started a New Family?,#redditstories  #aitareddit   #redditrelationship  #shorts #reddit,"['reddit content', 'AITA stories', 'reddit stories', 'reddit drama', 'AITA drama', 'AITA narration', 'AITA reddit', 'reddit recap']","My dad hadn't talked to me in two years. Then he called like I was his emergency babysitter. I said no, hung up, and he rang me nine times in a row. Months later, an ICU nurse left me a voicemail because he'd listed me as his emergency contact. I was 17 when my mom learned he wasn't having an affair. He had a whole second life, a partner, an 18-month old kid, and another baby on the way. Mom kicked him out and filed for divorce. The judge said I was old enough to choose contact. I chose none and stayed with my mom. Dad didn't respect that for a single day. He spammed texts, emails, and showed up at our door like a salesman who wouldn't take no. His favorite line was always, ""They're innocent. You need to know your half siblings. It was emotional blackmail wearing a diaper. Mom changed my number and for a while I finally breathed. Then an unknown number lit up my phone. I answered because I was waiting on a job call back. His voice hit my ear like a siren. She's in the hospital and the daycare is closing. Go pick up the kids and stay with them. Slow motion hit the second I said no. I heard him inhale through his teeth. Then his voice got sharp and ugly. This is an emergency. You have to next. He started shouting right into my ear. After that, I hit end call with one thumb. Then my phone buzzed again over and over. Nine times like a drill boring through my skull. The text came right after. panic, rage, blame, [music] and this constant implication that I was a monster. I went straight to my mom, shaking like I'd been robbed. She looked me dead in the eye and said, ""Block him. Those kids aren't your responsibility."" So, I did, and I told myself that was the end of it. A few days later, a new number appeared. Same dad, new script. Now, his partner had cancer, and he needed real help with the kids long-term. True or not, it didn't change the math. He blew up our family and built a new one. I wasn't the support beam for his house of lies. I found out how he got my number when my grandma called and skipped the hello. Your father is drowning. Call him back and help. I kept my voice calm because it was the only thing I still controlled. Did you give him my number? She paused. It was an emergency. He's our son. That betrayal landed cleaner than his cheating, so I blocked both grandparents. He kept cycling numbers anyway. I stopped answering anything private or unfamiliar, but the harassment still seeped in. I slept with my phone on silent, face down on my nightstand. One night, I forgot, answered on reflex, and heard a kid crying in the background. Please, my dad rasped. Just talk to me. I hung up and sat there fighting for air. 3 weeks later, a nurse called from the ICU about a critical admission. She said my dad had listed me as a secondary emergency contact. She asked if I could come support him with child care. He volunteered me like consent. Didn't matter if you shared DNA. When I told my mom, she went pale and very calm. We're fixing this legally. It didn't stop the circus. My grandparents showed up at our door while I was at work and told my mom she was poisoning me. Mom, who never yells, finally snapped, ""You don't get to rewrite reality just because you missed the version of your son that never existed."" They left after she threatened to call the police. Then CPS called my mom for a kinship inquiry because my dad had named us as emergency placements. I took the phone and said, ""No, I have no contact with him and I will not take those children."" The social worker didn't guilt me or lecture me. She just said, ""Thank you for being honest. We won't contact you again. I almost cried from the relief of hearing a boundary respected. By month four, the messages turned hollow, just decayed. I can't do this. I don't sleep. Maybe you'll care when it's too [music] late. Then his partner sister found me after work. Eyes red, hands shaking, and whispered, ""He's drowning."" I said, ""I'm not involved."" And walked away. A month ago, everything went silent. No new numbers, no voicemails, just a heavy quiet in my gut, and my chest stayed tight. Anyway, silence should feel like relief, but I still flinch at every buzz. I keep my phone face down, volume off like it's a live wire. Part of me thinks social workers finally stepped in. Part of me thinks the next contact will [music] be worse. People ask if I feel guilty and the answer is still no. An emergency doesn't erase a betrayal.",UCyA0We4YIUVBCMSvoF8TNwg,Reddit Zephys,259600,7403,55,0,2026-01-28T16:00:36Z,,,,,PT2M59S,179,2d,hd,false,rectangular,False,public,youtube,True,True,False,,[],[],22,en,en,['https://en.wikipedia.org/wiki/Lifestyle_(sociology)'],[],https://i.ytimg.com/vi/fj_yDrG4YKo/default.jpg,https://i.ytimg.com/vi/fj_yDrG4YKo/maxresdefault.jpg,,,,,,Nicho 3 (Histórias/Denso)
RIiFIXWgwpM,"Move the Wedding or Don’t Expect Us There, My Parents Said—Years Later, At My Wedding...","My parents tried to cancel my wedding behind my back, then showed up just to walk out and “teach me a lesson.” So at 8:00 p.m., in front of 178 guests, I taught them one instead.
#redditstories  #aitareddit   #redditrelationship  #shorts #reddit","['reddit drama', 'reddit stories', 'AITA stories', 'AITA narration', 'reddit reading', 'reddit recap', 'reddit narration']","My parents tried to cancel my wedding behind my back, then showed up just to walk out and teach me a lesson. So, at 800 PM, in front of 178 guests, I taught them one instead. I'm 33. I married my wife, Claire, last October. When I got engaged, my parents suddenly acted supportive. They even dangled the $120,000 trust my grandparents set aside for the first grandchild to marry me. My sister has always been their main character. When I graduated with honors, my dad said, ""Good job."" While checking his phone, when she hit 50K followers, they threw a catered dinner and called it entrepreneurship. So, when she booked a luxury networking retreat in Bali the same week as my wedding, I already knew how this would go. My mom called like it was nothing. Can you move the wedding? I said, ""No, we had deposits down. Contract signed. 200 saved. The dates already out."" My mom kept repeating, ""It's just a date."" I said, ""It's my wedding."" My dad went full corporate calm. ""Your sister has momentum. Don't be selfish."" I said, ""I'm not moving it."" He said, ""Choices have consequences."" The next morning, he texted me, ""Don't expect financial support. The trust doesn't apply."" I still called, still texted. Read receipts. No answers. My parents liked every Bali post my sister made. My dad even commented, ""Proud of you, princess."" 8 days before the wedding. Our venue coordinator emailed me. She'd received conflicting instructions from someone claiming to be my mom asking to move the wedding to 2026. Attached were three emails from my mother escalating from discuss penalties to this event should not proceed. Help us stop this. Clare didn't cry. Clare opened her laptop. She's a forensic accountant. After my dad threatened the trust, she started digging. Public filings linked disclosures enough to spot a pattern. Then she looked at me and said, ""They already moved the money."" 5 days before my parents demanded an in-person compromise. $80,000 left the trust. Recipient. My sister memo. Advanced distribution. My sister wasn't engaged. The trust language was clear. First grandchild upon marriage, for wedding or marital start. That was me. My parents were the trustees. So, what is this? I asked. Clare tapped the screen. Breach of fiduciary duty. And suddenly the Bali fight made sense. If I moved the wedding, there'd be no trigger event, no payout, no questions, just me still chasing approval while they quietly covered their tracks. Claire asked, ""Private confrontation or public receipts?"" I stared at my mom's emails trying to cancel our wedding. ""Turn on the lights,"" I said. ""Wedding day came."" My parents sat in the back like they were at a stranger's funeral. Then the officient asked if anyone objected, and my dad stood up. He didn't whisper. He projected. ""We cannot support this. He's disrespecting this family."" Then he turned and walked out. My mom followed, dabbing her eyes like she was the wounded one. The room froze. Dead silence. I looked at Clare. She squeezed my hands once. We kept going. Reception. Toasts. People pretending they didn't just watch my parents abandon their kid. in public. I kept checking my watch. 759. At 8, I took the mic. The screen went black. White text. The cost of loyalty. First slide. The trust clause highlighted. Next, the trust balance. $120,000. Next. July 18 transfer. $80,000 to my sister. Next, my mom's emails to the venue. Next, my dad's text saying I'd receive nothing. Chairs creaked. A fork hit a plate. Someone whispered, ""No way."" I said one sentence and let the documents do the damage. My parents didn't skip my wedding for Bali. They skipped it to hide what they stole. Silence. Then my uncle started a slow clap. One table joined, then another. Not cheers. A verdict. By the next morning, clips were circulating. A local reporter left a voicemail asking for comment. My dad's business started eating one-star reviews from strangers who'd seen the slides. My father finally texted me, ""You've gone too far."" I didn't reply. A trust attorney reached out after seeing the receipts and told us we had a strong case. We filed. My parents demanded mediation fast. They paid back the full amount plus damages and fees. Total sent Nuron to Theres. Zero. They also signed a written apology admitting favoritism and a breach of duty. I read it once. No tears, just relief. The money didn't fix my family. It did end the leverage. 6 months later, Claire and I bought a modest house. She's pregnant now. We haven't spoken to my parents since. My sister's brand got a lot quieter once the internet saw the time stamps. So yeah, I went nuclear at my own reception. Would you have exposed them to or kept it in the family?",UCerzJ1Y2iS8rS1-6YL9cgKQ,Reddit Shin,212902,8380,83,0,2026-03-16T01:15:01Z,,,,,PT2M59S,179,2d,hd,false,rectangular,False,public,youtube,True,True,False,,[],[],22,en-US,en,[],[],https://i.ytimg.com/vi/RIiFIXWgwpM/default.jpg,https://i.ytimg.com/vi/RIiFIXWgwpM/maxresdefault.jpg,,,,,,Nicho 3 (Histórias/Denso)
gyDTsMLluR4,Rechacé TODAS las propuestas de nombres de mi esposo para NUESTRO BEBÉ durante seis meses seguidos.,"📖 Historias impactantes inspiradas en Reddit, contadas de forma intensa y envolvente.

Algunos detalles como nombres, edades o situaciones pueden ser modificados para mejorar la narrativa.

⚠️ Este contenido se publica únicamente con fines de entretenimiento.

👀 Si llegaste hasta aquí, ya eres parte de la comunidad.

👉Suscríbete ahora y activa la campanita para no perderte la próxima.

💬 Déjame en comentarios qué harías tú en esta situación, quiero leerte en la próxima historia.

#historiasdereddit #historiasreales #reddit #redditespañol #shorts #youtubeshorts",[],"He rechazado todas las propuestas de nombres de mi esposo para nuestro bebé durante seis meses seguidos y lo volvería a hacer sin dudarlo. Mi esposo, Mike y yo supimos que íbamos a tener un niño en octubre y desde ese momento su obsesión por el nombre se volvió una guerra fría dentro de la casa. Al salir de la ecografía, antes siquiera de quitarnos los abrigos, sacó su teléfono con una lista que parecía haber preparado durante años. Leo, Sebastian, Michael. Le dije que no a todos. No porque fueran feos, sino porque algo en su insistencia me incomodaba. Se mostró confundido, casi ofendido, pero siguió. Ralph, Robert, Cristian. No, no y no. Dejó el teléfono sobre la mesa y me preguntó qué nombres me gustaban. Me encogí de hombros y le dije que lo sabría cuando lo oyera, que buscaba una conexión que él no estaba ofreciendo. Ese se volvió nuestro patrón durante todo el segundo trimestre. Cada noche él sugería nombres. Cada noche yo los rechazaba sin dudar. Empezó a ponerse creativo, héroes literarios, constelaciones, personajes de películas que supuestamente ambos amábamos. Yo descartaba todo con una frialdad que lo estaba desesperando. Para diciembre, la frustración de Mike era evidente. Una noche, en la cama, se giró hacia mí con los ojos cansados y dijo que había contado 62 nombres rechazados. Se sentó de golpe y me acusó de querer borrarlo de la vida de nuestro hijo antes de que naciera. Le respondí que solo era exigente, que esta era la decisión más importante de nuestras vidas y que no pensaba conformarme con algo mediocre. Aceptó la respuesta, pero algo en su expresión dejó claro que se había quebrado. La semana siguiente, su hermana Clara vino a cenar y la tensión explotó. Ella ya sabía de nuestras discusiones y con una sonrisa tensa, mencionó que Mike le había dicho que el bebé debía llamarse Thiago. Mi tenedor se detuvo en el aire. No dije con firmeza. Clara insistió en que era un hombre precioso. Repetí que no era el adecuado y Mike, alterado, se levantó de la mesa sin decir palabra. Clara se inclinó hacia mí y en voz baja dijo que después de años de conocerme sabía que estaba ocultando algo. Empecé a llorar frente a los platos a medio terminar mientras ella acercaba su silla. Respiré hondo y le conté la verdad que me llevaba meses consumiendo. Le hablé de Vanessa, la exnovia de Mike, que no podía tener hijos y que desde que anunciamos el embarazo le enviaba mensajes diarios. Le conté como no solo sugería nombres, sino que estaba diseñando la habitación del bebé por chat, enviando fotos de cunas y colores que Mike luego me presentaba como ideas suyas. Leo, Sebastian, Michael, todos salían de la lista de Vanessa. La cara de Clara se volvió gris cuando le mostré el mensaje más perturbador. No puedo esperar a que mi pequeño príncipe use la ropita que le compré. Mike estaba permitiendo que su ex viviera una fantasía de maternidad a través de mí. Clara se levantó tan rápido que la silla golpeó la pared. Gritó el nombre de Mike con una furia que nunca le había visto. Cuando él volvió confundido, ella le exigió el teléfono. Intentó resistirse hablando de privacidad, pero terminó cediendo. Clara revisó los mensajes apenas unos segundos antes de quedarse rígida. Le mostró la pantalla y le exigió una explicación. La cara de Mike se descompuso. Dijo que solo sentía lástima por Vanessa, que estaba deprimida y que no pensó que fuera grave dejarla participar un poco. Me puse de pie sintiendo una claridad que no había tenido en meses. Le grité que cada nombre, cada color y cada detalle venían de ella. Le confesé que lo sabía desde hacía tiempo y que solo estaba esperando ver hasta dónde llegaría su descaro de mentirme mientras yo llevaba a su hijo. Él tartamudeó que no era una mentira real, que solo intentaba mantener la paz con su pasado, mantener la paz dejando que tu exn nombre a nuestro hijo. Clara tomó su bolso, le dijo que sus padres lo habían educado mejor y se marchó dejándonos en un silencio pesado. Mike intentó arreglarlo durante horas, pero el daño ya estaba hecho. Le mostré el mensaje donde Vanessa ya llamaba al bebé por el nombre que había elegido, como si le perteneciera. Esa misma noche embqué sus cosas y le puse un ultimátum legal. Bloqueo a Vanessa. Sí, pero la confianza ya no existía. Al final elegí el nombre yo sola mientras firmaba los documentos de nuestra separación. Mi hijo se llama Arthur. El nombre del abuelo que Mike siempre detestó. Ahora, cada vez que lo escuche, tendrá que recordar que perdió a su familia por intentar complacer a un fantasma.",UCeoaydffQmwi5_lbmj3GO6A,El Tipo de Reddit,261354,21307,116,0,2026-03-27T00:00:00Z,,,,,PT2M50S,170,2d,hd,false,rectangular,True,public,youtube,True,True,False,,[],[],24,es,es,['https://en.wikipedia.org/wiki/Lifestyle_(sociology)'],[],https://i.ytimg.com/vi/gyDTsMLluR4/default.jpg,https://i.ytimg.com/vi/gyDTsMLluR4/maxresdefault.jpg,,,,,,Nicho 3 (Histórias/Denso)
rBRBdwT8G8U,WANN wurde euer KIND richtig erzogen?! #shorts #redditstorie #satisfying #geschichte,WANN wurde euer KIND richtig erzogen?! #shorts #redditstorie #satisfying #geschichte,[],"Eltern, wann wusstet ihr, dass ihr euer Kind richtig erzogen habt? Der größte Traum meines achtjährigen Sohnes war schon immer, einen Welpen zu adoptieren. Zu seinem Geburtstag in diesem Jahr haben wir ihn deshalb in ein Tierheim gebracht. Dort entdeckte mein Sohn einen Pitbull namens Frank und verliebte sich sofort in ihn. Das Besondere an Frank war, dass er einen unglaublich traurigen Gesichtsausdruck hatte und es brach mir das Herz, ihn so zu sehen. Die Tierpflegerin erzählte uns, dass er in der Vergangenheit schwer misshandelt worden war und große Angst vor Menschen hatte. Mein Mann und ich waren uns nicht sicher, ob es eine gute Idee war, einen traumatisierten Pitbull zu adoptieren. Doch unser Sohn blieb standhaft und sagte uns, dass er ohne Frank nicht von hier weggehen würde. Also kam Frank noch am selben Tag mit uns nach Hause. Anfangs war er sehr schüchtern und hatte Angst vor uns. Er knurte meinen Mann sogar an, wenn dieser versuchte sich ihm zu nähern. Doch je mehr Leckerlies wir ihm gaben, je öfter wir mit ihm spazieren gingen und je mehr mein Sohn mit ihm spielte, desto mehr begann Frank aufzublühen. Frank schlief nachts im Zimmer unseres Sohnes und jeden Morgen begann unser Sohn den Tag damit, mit ihm spazieren zu gehen. Nach ein paar Monaten war Franks trauriger Gesichtsausdruck völlig verschwunden und er war nun ein glücklicher und liebevoller Pitbull. Er ist ein fester Bestandteil unserer Familie geworden und wir würden ihn um nichts in der Welt eintauschen.",UCYgqfRGlbTTGfMI082OP1OA,LevinLacht,309013,5582,35,0,2026-03-26T07:00:43Z,,,,,PT52S,52,2d,hd,false,rectangular,True,public,youtube,True,True,False,,[],[],23,de,de,"['https://en.wikipedia.org/wiki/Hobby', 'https://en.wikipedia.org/wiki/Lifestyle_(sociology)']",[],https://i.ytimg.com/vi/rBRBdwT8G8U/default.jpg,https://i.ytimg.com/vi/rBRBdwT8G8U/maxresdefault.jpg,,,,,,Nicho 3 (Histórias/Denso)
FO7vjFn2pWc,I Was Left Out Of My Brother’s Wedding—He Made The Guest List And Smirked “Special People Only”,"I found out my own brother got married through a text message. No invite. No warning. Just “We got married yesterday,” followed by, “Special people only.” A week later, detectives met him outside probate court, and my parents learned I was done.
#redditstories  #aitareddit   #redditrelationship  #shorts #reddit","['reddit drama', 'reddit stories', 'AITA stories', 'AITA narration', 'reddit reading', 'reddit recap', 'reddit narration']","I found out my own brother got married through a text message. No invite, no warning, just we got married yesterday, followed by special people only. A week later, detectives met him outside probate court and my parents learned I was done. I texted Kevin on a Tuesday morning asking about his wedding date. He replied fast. We got married yesterday. Then couldn't wait, just for special people. I opened social media and saw the photos. Tux, white dress, champagne tower, my parents front row smiling. Kevin even captioned it like a slap. The real ones. I set my phone down, swallowed it, and went to work like nothing happened. That's what I always did. Keep the piece with silence and salary. Here's the kicker. I was still paying Kevin's rent. $2,000 a month because his career was always about to take off. One week after his secret wedding, he called like we were buddies. Hey, he said, ""Rents overdue."" I said, ""That's funny. It shouldn't be."" I logged into the apartment portal. The payment wasn't missing. It was rejected. The routing number had been changed. The audit log showed a new authorized payer added yesterday at 4:58 p.m. Kevin, I drove to the leasing office. The property manager pulled up the request. ""Someone tried to reroute your rent payment,"" he said. Destination: Kevin's personal checking account. Attachments: A fake authorization letter with my forged signature, a photo of my driver's license, and a photo of my check with edited numbers. I suddenly remembered him helping me pick up my wallet at a family dinner. I called Kevin back. Why were you in my account? He laughed. Stop being weird. Just send the money, I said. Touch anything tied to me again. And I stopped being quiet. He hissed. You can't prove anything. And hung up. I got proof anyway. The mailbox on his paperwork wasn't an address. It was a private mailbox store. The manager showed me the certified mail signature log. An envelope addressed to me had been picked up yesterday. Signature Kane. And there was a second certified envelope tied to that same box from the probate court. My grandfather died years ago and I was made executive and trustee. My parents got cash. Kevin got a controlled trust. I got the job of saying no, which made me the villain. and they still expected to fund. At the courthouse, the clerk said, ""There's a mail hold. Someone tried to change your mailing address logged under interested party Kevin."" Then she handed me the packet he tried to intercept a petition to remove me as executive for mismanagement and financial exploitation. The filing time stamp right in the middle of his wedding reception. Kevin even listed my mom's phone number as his contact. So yeah, she was in on it. I called my estate attorney and brought everything. Before the hearing, the bank called. Kevin had shown up with my mother in a fake court order to freeze the estate and take access. The bank refused, flagged fraud, and saved the footage. On camera, my mom stood behind him feeding him my info. In court, Kevin played the victim. Your honor, my brother is unstable, he said. He controls the money to punish us. My mom sniffled in the gallery. My dad stared me down. My lawyer stood up with one binder and no mercy. He laid out the petition timing, the rent rroote attempt, the intercepted certified mail, and the bank footage with the counterfeit order, and my mother at the kiosk. The judge's voice turned into ice. Petition denied. Sanctions ordered. Referral to financial crimes. Outside the courtroom, it happened in slow motion. First, the courtroom doors swung open behind us. Then, two detectives stepped directly into Kevin's path. Next, a badge flashed and one said, ""Kevin Lane."" After that, his smirk drained out. Then, he cried, ""Matt, tell them it's family."" I said, ""You made the guest list, Kevin."" Then the cuffs clicked shut, cold and final, and my mother screamed like she was the victim. She grabbed my jacket. ""Fix this."" I peeled her hands off. ""No."" My dad barked, ""Pay his defense out of the estate."" I said, ""No again and meant it."" Right there, I removed myself from Kevin's lease and canceled autopay. I told my parents, ""His rent's due in 5 days. Figure it out."" Then I blocked them all. 6 months later, Kevin took a plea, lost his job, and got evicted. His new wife divorced him when the trust fund story died in court. My parents sold their toys and scrambled without my monthly subsidies. I kept the estate locked down, got promoted, and finally breathed. Blood isn't a license to steal from you and call it fair. If they only love what you can pay, you're not family, you're payroll. What would you have done?",UCerzJ1Y2iS8rS1-6YL9cgKQ,Reddit Shin,212468,7962,40,0,2026-03-12T17:19:07Z,,,,,PT2M58S,178,2d,hd,false,rectangular,False,public,youtube,True,True,False,,[],[],22,en-US,en,[],[],https://i.ytimg.com/vi/FO7vjFn2pWc/default.jpg,https://i.ytimg.com/vi/FO7vjFn2pWc/maxresdefault.jpg,,,,,,Nicho 3 (Histórias/Denso)
ChbQdJBCrgk,Meine SCHWESTER hat über ihr ALTER gelogen! #shorts #redditstories #satisfying #geschichte,Meine SCHWESTER hat über ihr ALTER gelogen! #shorts #redditstories #satisfying #geschichte,[],"Meine Schwester hat über ihr Alter gelogen und die Sache ist völlig aus dem Ruder glaufen. Sie ist 15, aber sie hat Typen online erzählt, sie sei 19. Ich habe es herausgefunden, als ich mir Ihr Handy ausgeliehen habe und Nachrichten von College Mike mit Herzem Emojis gesehen habe. Ich habe sie zur Rede gestellt und sie hat nur gelacht. Chill, wir treffen uns morgen auf einen Kaffee. Er ist süß und hat ein Auto. Am nächsten Tag bin ich ihr ins Einkaufszentrum gefolgt. Der Typ sah mindestens 23 aus. Ich habe beobachtet, wie sie sich hingesetzt haben und als sie auf die Toilette ging, bin ich schnell zu ihm rüber. ""Hey, wie alt glaubst du ist meine Schwester?"", habe ich ihn gefragt. ""Sie hat gesagt, sie ist 19."" ""Warum?"" Er wirkte verwirrt. ""Sie ist 15 und in der neunten Klasse"", sagte ich und zeigte ihm ihren Schülerausweis. Sein Gesicht wurde blass. ""Meinst du das ernst?"" Sie hat mir einen Studentenausweis gezeigt. Als meine Schwester zurückkam, fand sie mich dort sitzen. Sie versuchte zu lügen, aber Mike war bereits dabei, ihre Nummer zu löschen. An diesem Abend habe ich unseren Eltern alles erzählt. Papa war so wütend, dass er ihr Handy kaputt gemacht hat. Mama ging es anders an. Sie ließ meine Schwester in einem Frauenhaus freiwillig helfen, wo sie echte Geschichten darüber hörte, wie Täter gezielt junge Mädchen ins Visier nehmen. Außerdem musste sie jedem Typen, den sie belogen hatte, einen Brief schreiben und ihr wahres Alter gestehen. Jetzt sind drei Monate vergangen. Gestern habe ich meine Schwester zu ihrer Freundin sagen hören. Teenager zu sein ist eigentlich ziemlich cool. Ich muss nicht mehr versuchen, so schnell erwachsen zu werden. Als sie merkte, dass ich an ihrer Tür zuhörte, wurde sie nicht einmal wütend. Sie lächelte nur und sagte: ""Willst du mir bei meinem Naturwissenschaftsprojekt helfen? Es macht eigentlich richtig Spaß."" In diesem Moment wusste ich, dass die alte Schwester, die ich vermisst habe, endlich zurück war. M.",UCYgqfRGlbTTGfMI082OP1OA,LevinLacht,260867,7681,14,0,2026-03-05T15:00:19Z,,,,,PT1M7S,67,2d,hd,false,rectangular,True,public,youtube,True,True,False,,[],[],23,de,de,['https://en.wikipedia.org/wiki/Lifestyle_(sociology)'],[],https://i.ytimg.com/vi/ChbQdJBCrgk/default.jpg,https://i.ytimg.com/vi/ChbQdJBCrgk/maxresdefault.jpg,,,,,,Nicho 3 (Histórias/Denso)
5qbm-wJm3mc,"My Parents Said ""If Your Brother's Not Invited, We're Not Coming""—Now They've Lost Every Kid They...",#redditstories  #aitareddit   #redditrelationship  #shorts #reddit,"['reddit content', 'AITA stories', 'reddit stories', 'reddit drama', 'AITA drama', 'AITA narration', 'AITA reddit', 'reddit recap']","My parents told my sister, ""If your brother isn't invited, we're not coming."" That was the moment everything finally snapped. They chose their golden child one more time, and this time it cost them both kids, a grandson, and any say in our lives. I'm the middle son, and I spent years being the punching bag while my older brother got woripped for breathing. He was good at football in high school, so my parents treated him like a future superstar. At home, he stole my stuff, mocked me in front of friends, and humiliated me whenever he got bored. On my 10th birthday, he dumped a bucket of cold water on me in front of everyone, ruined my cake, and my parents called it just a joke. That line followed me for years. Boys will be boys. Don't be so sensitive. By the time I was a teenager, I stopped reporting anything. Why bother? If he broke my guitar, it was my fault for leaving it out. If he trashed my date at the movies, my mom said he was teasing. Meanwhile, I worked part-time, stayed out of trouble, and counted the days until I could leave. Then the funny part, the football prince quit mid-season, never recovered, and moved straight into the basement lifestyle. No real job, no plan, just excuses. My parents still defended him like colleges were seconds away from calling. I left for college, built a real life, and my younger sister eventually moved far away, too. Distance was the only piece we ever got. The warning sign came one Christmas when my sister brought her boyfriend home. My brother tried the same old stunt, sneaking into the kitchen and coming back with a giant bowl of water to dump on her for laughs. Her boyfriend stepped in front of him and said, ""Put it back."" My brother grinned and said, ""Relax. It's a joke."" The boyfriend didn't move. Put it back. For the first time, my brother actually backed down. A year later, my sister got engaged to that same guy. She told our parents one rule. He's not invited. My parents launched the usual guilt campaign. Family is family. My sister didn't flinch. If you bring him, don't come. I went home before the wedding and told them the truth they dodged for 20 years. They raised a bully, protected him, and expected the rest of us to keep bleeding for it. My dad said if my brother stayed uninvited, they might boycott the wedding. I laughed and said, ""Then stay home."" My brother smirked in the driveway and said, ""Maybe he'd crash it anyway."" I told him he'd leave in handcuffs if he tried. Wedding day came. Small guest list. My sister looked nervous but steady. 30 minutes before the ceremony, my mom texted, ""We're not coming. Not without your brother."" My sister read it, handed me the phone, and said, ""Grandpa's walking me down the aisle. No tears, no begging, just done."" Right after the ceremony, one of the offduty cops helping security pulled me aside. Your brother just arrived. Then I saw him step out of his car in jeans and a wrinkled tea. Then his two friends climbed out behind him. Next, the cop blocked the path and said, ""Turn around."" Then my brother laughed and tried to push past with, ""I'm family."" Again, the cop, ""You are trespassing."" Then my brother looked at me, waiting for me to fold. I said, ""You had years to act like family. Leave."" Cleed my tens. My sister's husband stepped up beside me. Calm voice. No drama. Go now. My brother cursed, got back in the car, and drove off. The reception stayed clean, joyful, and dramaree for the first time in our family history. My sister danced, laughed, and actually enjoyed her own wedding. That night, my mom texted that we had embarrassed the family. I replied once, ""You did that yourselves."" After that, we stopped playing the old game. My sister blocked our parents. I stopped answering guilt calls. They kept rescuing my brother through failed jobs, wrecked cars, court bills, and every new mess he created. When my dad got sick for a few months, my mom called me for money while my brother still sat unemployed in their house. I said no. They threatened to leave everything to him and their will. I said, ""Fine, he'll burn it in a year."" Now, my sister and her husband have a little boy, a peaceful home, and real support from people who show up. I got promoted, built my own life, and visit them often. Our parents still sit with the son they protected from consequences while missing birthdays, first steps, and everything that actually matters. They picked him over everyone and got exactly what they chose. If you were in my place, would you ever let them back in?",UCyA0We4YIUVBCMSvoF8TNwg,Reddit Zephys,209721,4715,66,0,2026-02-05T16:05:12Z,,,,,PT2M59S,179,2d,hd,false,rectangular,False,public,youtube,True,True,False,,[],[],22,en,en,['https://en.wikipedia.org/wiki/Lifestyle_(sociology)'],[],https://i.ytimg.com/vi/5qbm-wJm3mc/default.jpg,https://i.ytimg.com/vi/5qbm-wJm3mc/maxresdefault.jpg,,,,,,Nicho 3 (Histórias/Denso)
-GbX3cEPLT4,Wie bist du mit deiner FAMILIE klar gekommen?! #shorts #redditstorie #satisfying #geschichten,Wie bist du mit deiner FAMILIE klar gekommen?! #shorts #redditstorie #satisfying #geschichten,[],"Wie bist du mit deiner extrem religiösen Familie klargekommen? In meiner Kindheit hat meine Familie uns den Glauben regelrecht aufgezwungen. Es war nichts, woran wir einfach geglaubt haben. Es war etwas, das unser ganzes Leben bestimmt hat. Jede einzelne Minute. Morgens um 6 Uhr gab es vor der Schule Bibelzeit. Zu jeder Mahlzeit wurde gebetet, vor den Hausaufgaben auch. Und abends gab es einen Bußkreis, in dem wir alles gestehen mussten, was wir gedacht, gesagt oder getan hatten und womit wir Gott vielleicht enttäuscht haben. Wir durften nicht mal ""OMG"" sagen. Harry Potter war verboten und sogar Dinosaurier dürften nicht erwähnt werden. Meine Mutter hat einmal meinen Hoodie verbrannt, nur weil ein Totenkopf drauf war. Sie meinte, das würde dämonische Energie anziehen. Fernsehen gab es kaum, nur Veggiles oder alte körnige VHS Kassetten mit Predigten aus den 80ern. Musik, nur Lobpreis oder gar nichts. Einmal habe ich beim Putzen ganz leise ein Lied von Taylor Swift gesummt. Mein Vater hat mich dafür Psalm 11 ganze 150 mal abschreiben lassen als geistliche Disziplin. Dating gab es überhaupt nicht. Wir durften nie allein mit dem anderen Geschlecht sein. Ich durfte nicht mal Jungs aus der Kirche schreiben, ohne dass meine Mutter es kontrolliert hat. Unser Internetverlauf wurde jeden Tag überprüft. Wenn wir etwas gelöscht haben, wurde das als heimliches Sündigen bezeichnet. Und dann musste die ganze Familie fasten, um Befreiung zu erlangen. Ja, so extrem war das. Also habe ich gelernt, eine Rolle zu spielen. Ich war die perfekte christliche Tochter. Ich habe laut in der Jugendgruppe gebetet und Lobpreisabende geleitet, als wäre es ganz selbstverständlich. Aber innerlich bin ich daran zerbrochen. Die Regeln ergaben keinen Sinn. Das Schuldgefühl war immer da und ich habe Gott nicht gespürt, nur Druck, nur Angst. Alles begann sich zu verändern, als ich fürs Studium ausgezogen bin. Zum ersten Mal hatte ich Raum zum Atmen. Ich habe Menschen kennengelernt, die nicht verurteilt haben, Professoren, die Fragen gefördert haben, Freunde, die sich nicht ständig darüber Gedanken gemacht haben, ob ihre Kleidung süchtig genug ist. Ich habe einen Kurs in Religionswissenschaft belegt und Bücher gelesen, für die ich zu Hause rausgeworfen worden wäre. Ich bin kein radikaler Atheist geworden. Ich habe einfach angefangen, selbst zu denken und das hat gereicht. Als ich im ersten Sommer nach Hause kam, war ich ruhiger und vorsichtiger. Ich trug Jeans und hatte meine Haare kurz geschnitten. Meine Mutter sagte, ich sehe aus wie ein anderer Mensch. Ich habe einfach danke gesagt. Der große Knall kam zwei Jahre später an Thanksgiving. Meine Tante bat mich das Tischgebet zu sprechen und ich habe es einfach nicht getan. Ich habe es an jemand anderen abgegeben. Meine Mutter hat mich nur still angesehen. Nach dem Essen hat sie mich in der Küche zur Rede gestellt. ""Du hast dich verändert"", sagte sie. ""Was ist los?"" Ich habe ihr die Wahrheit gesagt, dass ich nicht mehr glaube, dass ich nicht mal sicher bin, ob ich jemals wirklich geglaubt habe, dass ich Abstand brauche, um meinen eigenen Weg zu finden, ohne ständig Angst vor der Hölle zu haben. Sie hat geschrien, nicht geweint, geschrien, als hätte ich ihr gesagt, jemand wäre gestorben. Sie nannte mich Besen und meinte, das College hätte mich dem Satan ausgeliefert. Mein Vater kam dazu völlig außer sich und schrie: ""Ich sei eine Schande für unsere Familie und würde Dämonen durch mich sprechen lassen."" Er nahm mir mein Handy weg und sagte, ""Ich sei von allem abgeschnitten, bis ich zurückfinde."" Meine jüngeren Geschwister standen im Flur und haben alles mit angesehen. Meine Mutter holte Olivenöl und schmierte es an die Wände und auf meine Stirn, während sie in Zungen betete. Sie sagte mir, ich solle knien. Ich habe es nicht getan. Mein Vater sagte, ich sei nicht mehr willkommen. Meine kleine Schwester weinte und fragte, ob ich in die Hölle komme. Ich sagte: ""Nein"" und meine Mutter schrie: ""Ich würde sie mit mir ins Verderben ziehen. Ich bin noch in derselben Nacht gegangen, nur mit einer Tasche."" Keine Verabschiedung, nur stille und zuschlagende Türen. Den Rest der Feiertage habe ich allein im Wohnheim verbracht. Ich habe versucht, eine Freundin anzurufen, konnte aber vor lauter Weinen nicht sprechen. Ich lag auf diesem kleinen Bett und starrte an die Decke. Während ich versuchte mich daran zu erinnern, wann ich mich in diesem Haus zuletzt, wie ich selbst gefühlt hatte. Sie haben mich weder zu Weihnachten eingeladen, noch im Jahr danach. Jetzt sind vier Jahre vergangen. Sie schreiben mir kaum noch und wenn, dann meistens nur einen Bibelvers oder einen Link zu einer Predigt über verlorene Kinder oder das Ende der Welt. Mein kleiner Bruder hat mich auf Instagram blockiert. Meine Mutter hat mir ein altes Foto von mir aus der Schulzeit geschickt und geschrieben, dass sie dafür betet, dass dieses Mädchen zurückkommt.",UCYgqfRGlbTTGfMI082OP1OA,LevinLacht,258671,7498,55,0,2026-03-28T09:00:00Z,,,,,PT2M45S,165,2d,hd,false,rectangular,True,public,youtube,True,True,False,,[],[],23,de,de,"['https://en.wikipedia.org/wiki/Food', 'https://en.wikipedia.org/wiki/Lifestyle_(sociology)']",[],https://i.ytimg.com/vi/-GbX3cEPLT4/default.jpg,https://i.ytimg.com/vi/-GbX3cEPLT4/maxresdefault.jpg,,,,,,Nicho 3 (Histórias/Denso)
_p64nvTT_d4,My Parents Made All of My Birthdays for the Last 8 Years About My Little Sister,"#redditstories  #aitareddit   #redditrelationship  #shorts 
On my 18th birthday, my parents carried out a pink cake with ten candles, set it in front of my little sister, and told her to blow them out. That was the second I stopped playing “good big brother,” and they couldn’t shove me back into the box.","['emotional story', 'reddit story', 'stories', 'aita reddit', 'shorts', 'reddit stories']","On my 18th birthday, my parents carried out a pink cake with 10 candles, set it in front of my little sister, and told her to blow them out. That was the second I stopped playing good big brother, and they couldn't shove me back into the box. My sister was the miracle baby. My mom nearly died having her, and my parents latched on like she was the only kid that mattered. I became the extra one they used as a built-in babysitter. Looking back, they didn't just spoil her. They trained her to believe everything in the house belonged to her. It started when I turned 11. My sister was three and threw a fit because the cake wasn't hers. My mom squeezed my wrist and whispered, ""Let her do it. Don't be selfish. She's just a baby,"" my dad added. Like, that made it okay. So, she blew out my candles first, grinning with frosting on her lips. Then, they reit them for me like my birthday was a rehearsal they'd already messed up. And it never stopped. Every year, she got presents on my birthday. I got nothing on hers. When I asked why, my dad shrugged and said, ""You're a boy. You don't care about this stuff."" I kept wondering if he actually believed that or if it was just a convenient lie. The celebration was always wherever she'd have the most fun. Not me. At home, she treated me like her personal butler. She had this dumb nickname for me and used it like a command. If I said no, she cried for our parents and I got punished for being mean. I started hiding in my room just to breathe. I even put a lock on my door after she barged in while I was changing. And somehow my parents yelled at me instead of her. By the time I graduated, my parents barely knew anything about my life unless it involved my sister. They still smiled for photos and acted like they'd raised me right. That's when I realized I wasn't their kid anymore. I was just the backdrop. So on my 18th birthday, I hoped stupidly that they'd pick my favorite restaurant once. Nope. They dragged me to the knockoff Chuck-E-Cheese. Pizza smell, sticky tables, toddlers screaming over arcade machines. My relatives were there, and I could feel everyone waiting for me to nod and take it. Then the cake came out. Pink frosting, white flowers, my name piped on top like an afterthought. 10 candles. My mom smiled and said, ""Okay, sweetheart. Go ahead. Then my sister climbed onto the chair. Next, she leaned in like she owned the room. Then she blew fast, cheeks puffed, spraying frosting mist. After that, everyone laughed like it was adorable. Again, my parents clapped for her like it was a talent show. Then I stared at the smoke curling off Times my times candles. Next, I broke and started ugly crying. I stood up, shaking, and everything I'd swallowed for years came out. I told them about birthdays that weren't mine, about being called selfish for wanting one day. I spread my arms and said, ""There are 365 days a year. Was it so bad to want one?"" The arcade music kept chirping in the background. I walked outside and sat by the car, face wet, chest tight. My dad followed and snapped. You made your mother cry. You made a scene. I looked at him and said, ""You're bad parents. You know exactly why."" And that's when the family turned. Uncles, aunts, even my grandparents came at him hard. Better late than never, but it still hit like a truck. While they were inside tearing my parents apart, my sister stayed at the table eating cake and ripping open my gifts. Someone caught her with a brand new phone and took it away, and she threw it against the wall. Anyway, the crack echoed. I couldn't tell if I felt vindicated or just empty. A week later, my grandparents set up a belated party. Chocolate cake, 18 candles, no sister blowing them out. She sat there pouting, arms folded, and when I finally blew out my own candles, she let out this earsplitting scream that made the silverware jump. My parents rushed her out, faces flushed with humiliation. The whole family also pitched in and surprised me with an old white Volvo my grandpa had fixed up. I loved that car instantly. My sister demanded one, too, like I'd stolen her toy. Days later, she went after my car with a hammer and shattered two windows and cracked the windshield. My parents grabbed her and she tried to bite them. That was the moment my parents ran out of excuses. They grounded her and then they sent her away to a strict school because no one could handle her anymore. Now my parents call and text like guilty ghosts, but I keep my distance. I moved out as soon as I could, and for the first time, my birthdays don't come with a side order of my sister. I spent years handing her my candles. Now they get to sit in the quiet they earned.",UCkkq81wYhUcXx00Wi3_fnzg,Emotional Reddit,216814,7622,82,0,2026-02-12T16:15:05Z,,,,,PT2M59S,179,2d,hd,false,rectangular,False,public,youtube,True,True,False,,[],[],22,en,en,['https://en.wikipedia.org/wiki/Lifestyle_(sociology)'],[],https://i.ytimg.com/vi/_p64nvTT_d4/default.jpg,https://i.ytimg.com/vi/_p64nvTT_d4/maxresdefault.jpg,,,,,,Nicho 3 (Histórias/Denso)
I7Niqx8ik8c,Was hast du als Kind gesehen? #shorts #reddit,Was hast du als Kind gesehen? #shorts #reddit,[],"Was hast du als Kind gesehen, dass dir erst viel später als verstörend klar wurde? Als ich sieben war, hatte meine Mutter einen besonderen Stuhl an unserem Esstisch, auf den sich niemand sonst setzen durfte. Nicht ich, nicht meine Schwester, ganz sicher nicht mein Vater. Wenn sich jemand auf ihren Platz setzte, blieb sie einfach stehen und starte, bis die Person aufstand. Ich fand das nicht seltsam. Ich dachte, alle Mütter hätten ihren Lieblingsplatz. Ich erinnere mich, wie meine Großmutter an Thanksgiving zum Essen kam und sich auf Mamas Stuhl setzte. Mama stand wortlos hinter ihr, bis Papa meiner Oma etwas zuflüsterte. Sie wechselte den Platz und lachte verlegen. ""Tut mir leid, ich habe Mares Stuhl vergessen"", sagte sie. Später hörte ich sie jedoch in der Küche meinen Vater fragen. ""Wie lange ist sie schon so?"" Mama hatte Rituale vor dem Essen. Sie klopfte ihre Gabel exakt fünf mal auf den Teller und ordnete dann ihr Essen so an, dass ich nichts berührte. Nicht einmal Spaghetti. Sie verbrachte 10 Minuten damit, jede einzelne Nudel von der Soße zu trennen. Ich hielt das für eine lustige Eigenart, so wie mein Freund Tommy immer zuerst den Rand seines Sandwiches aß oder wie Frau Peterson in der Schule Froschfiguren sammelte. An meinem Geburtstag in der dritten Klasse gab es Pizza und Mama brachte ihren eigenen Teller von zu Hause mit, den weißen mit den kleinen blauen Blümchen. Meine Freundin Zoe fragte warum und ich erklärte stolz: ""Mamas Teller ist etwas Besonderes, weil normale Teller unsichtbare Keime haben, die nur sie sehen kann."" So Mutter, die beim Austteilen des Kuchens half, warf meiner Mutter einen seltsamen Blick zu. Aber ich verstand nicht, warum. Jedes Haus hatte doch Regeln, oder? Unsere war, dass wir Mamas Sachen niemals bewegten. Ihre Schuhe mussten exakt an derselben Stelle neben der Tür stehen, perfekt gerade ausgerichtet. Ihre Zahnbürste durfte im Becher keine andere berühren. Die Magnete am Kühlschrank mussten eine perfekte, gleichmäßig verteilte Linie bilden. Die Konservendosen in der Schweisekammer mussten alle mit dem Etikett nach vorne stehen. Ich machte daraus ein Spiel und tat so, als wären Mamas Sachen Lava. Ich bewegte mich vorsichtig durch ihr perfekt eingerichtetes Wohnzimmer, in dem die Kissen genau zentriert sein mussten. Ich warnte Freunde, die zu Besuch kamen. Fast die blaue Kaffeetasse nicht an, sonst hat Mama einen schlechten Tag. Mein bester Freund Jessie fand das cool, als hätten wir ein geheimes Spiontraining. Eines Nachmittags in der vierten Klasse griff ich nach meinem Rucksack und stieß dabei versehentlich Mamas sorgfältig aufgereite Zeitschriften auf dem Couchtisch um. Ich geriet in Panik und versuchte sie wieder richtig zu stapeln. Time dann People dann Better Homes and Gardens. Aber sie kam nach Hause, bevor ich es richten konnte. Sie schrie nicht. Sie blieb einfach wie erstartr in der Tür stehen und starrte auf den schiefen Stapel. Dann setzte sie sich neben die umgefallenen Zeitschriften auf den Boden, wiegte sich vor und zurück, atmete schwer mit geschlossenen Augen und murmelte Zahlen vor sich hin. Papa nahm mich mit Eisessen und wir blieben stundenlang weg. Als wir zurückkamen, schlief Mama und die Zeitschriften lagen wieder perfekt ausgerichtet da. Ich erinnere mich, wie ich dachte: ""Wow, ich bekomme Eis, wenn ich einen Fehler mache."" Das ist großartig. Aber Papas Augen waren rot und er sprach kaum ein Wort. Als ich fragte, ob Mama böse auf mich sei, sagte er: ""Nein, Schatz. Mama braucht einfach, dass Dinge auf eine bestimmte Weise sind, damit sie sicher fühlt."" Ich verstand nicht, warum unordentliche Zeitschriften jemanden unsicher machen sollten. Für mein Wissenschaftsprojekt in der fünften Klasse machte ich ein Experiment über Reinigungsmittel, die die meisten Keime abtöten. Mama half mir jeden Abend und ließ mich ihre speziellen Putzmittel benutzen, die sie in einem verschlossenen Schrank aufbewahrte. Sie wusste alles über Bleichmittel und Desinfektionsmittel. Mein Projekt gewann den ersten Preis und die Lehrerin sagte, deine Mutter muss Wissenschaftlerin sein. Ich platzte vor Stolz und dachte, meine Mama sei die klügste Mama überhaupt. Erst 15 Jahre später in meinem Psychologiekurs im College, als die Professorin Zwangsstörungen erklärte, machte plötzlich alles Sinn. Sie sprach über Rituale, Ordnungszänge, Kontaminationsängste und Zellverhalten. Es war als würde sie das Handbuch meiner Kindheit vorlesen. An diesem Tag rief ich meinen Vater an und fragte ihn zum ersten Mal nach Mamas besonderem Stuhl und all ihren Regeln. Die lange Stille, bevor er antwortete, sagte mir alles, was ich wissen musste. Was ich für so sind Mütter eben gehalten hatte, war in Wirklichkeit meine Mutter, die mit einer schweren, unbehandelten psychischen Erkrankung kämpfte, während alle um sie herum vorsichtig ihre fragile Welt aus Ritualen aufrecht erhielten, aus Angst sie zu stören oder ihr die Hilfe zu holen, die sie gebraucht hätte. Ja.",UCYgqfRGlbTTGfMI082OP1OA,LevinLacht,241264,6694,29,0,2026-02-05T17:00:24Z,,,,,PT2M47S,167,2d,hd,false,rectangular,True,public,youtube,True,True,False,,[],[],23,de,de,['https://en.wikipedia.org/wiki/Lifestyle_(sociology)'],[],https://i.ytimg.com/vi/I7Niqx8ik8c/default.jpg,https://i.ytimg.com/vi/I7Niqx8ik8c/maxresdefault.jpg,,,,,,Nicho 3 (Histórias/Denso)
OjPZje-X-nw,Has anyone ever followed a family tradition that secretly ruined everything?,"This satisfying Reddit story will keep you hooked till the very end 😌
A simple moment that turns into something surprisingly powerful.
If you enjoy viral Reddit Shorts, you’re in the right place.
Like 👍, comment 💬, and follow for more daily stories!
#RedditStories #SatisfyingShorts #ViralShorts #USAShorts","['reddit stories', 'satisfying shorts', 'viral shorts', 'usa shorts', 'reddit short story']","Has anyone ever followed a family tradition that secretly [music] ruined everything? Every Christmas Eve, the Wilson family followed one unbreakable tradition. Everyone had to share one honest truth before opening gifts. No [music] lies, no filters. It was supposed to bring them closer. This year, Ethan felt nervous. Sitting by the fireplace in their cozy New York home, he watched his [music] family laugh, pretending everything was perfect. But he knew something they didn't. When his turn came, his mom smiled warmly. ""Your truth, Ethan."" He paused, then said, [music] ""I've been hiding something from all of you."" The room went silent. His dad leaned forward, serious now. ""I lost my job 2 months ago."" [music] Shock spread instantly. His mom looked hurt. His sister whispered, ""Why didn't you tell us?"" Ethan just stared at the floor. The [music] mood was gone. The tradition had done its job. Truth was out. But later that night, Ethan checked his phone and smiled. A message popped up. ""Congratulations, you're promoted."" [music] He hadn't lost his job. He just wanted to see how his family would react in tough times. They didn't comfort him. They judged him first. So tell me, does truth really bring people closer or just expose them?",UCpG96ytg84X78Z4jT2OgmEQ,True Reddit Diaries,227080,3613,19,0,2026-03-26T20:00:15Z,,,,,PT49S,49,2d,hd,false,rectangular,False,public,youtube,True,True,False,,[],[],24,en-US,en-US,['https://en.wikipedia.org/wiki/Lifestyle_(sociology)'],[],https://i.ytimg.com/vi/OjPZje-X-nw/default.jpg,https://i.ytimg.com/vi/OjPZje-X-nw/maxresdefault.jpg,,,,,,Nicho 3 (Histórias/Denso)
0IPKXAQFOUs,WAS brachte dich dazu die KIRCHE zu verlassen?! #shorts #redditstories #satisfying #geschichte,WAS brachte dich dazu die KIRCHE zu verlassen?! #shorts #redditstories #satisfying #geschichte,[],"Menschen, die ihre Kirchen verlassen haben, was der letzte Tropfen war. Als ich 17 war, fing ich auf Anraten meines Schwamms an, eine christliche Megakirche zu besuchen. Später stellte ich heraus, dass dieser Schwamm auf dem Pastor besondere Gefälligkeiten tat. Trotzdem mochte ich es zunächst, diese Kirche zu besuchen, bis ich begann an der Jugendgruppe der Kirche teilzunehmen. Dort ermutigte der Pastor die Menschen, den Heiligen Geist aufzunehmen. Nachdem er selbst den Heiligen Geist empfang und das Heilige Brot gegessen hatte, begann er in Zungen zu sprechen und seinen Körper so zu rütteln, als hätte er einen Anfall. Das hat er solide zwei bis dre Minuten lang. Danach kam er zurück und erzählte uns, dass er gerade mit Gott selbst gesprochen habe und Gott ihm die Zukunft gezeigt habe. Was er gesehen hatte, durfte er uns jedoch nicht verraten, da er Gott versprochen hatte, es geheim zu halten. Wann immer wir das heilige Brot namen aber die göttliche Erfahrung nicht hatten, schob er die Schuld auf willkürliche Dinge. Für meinen Freund lag es daran, dass er nicht religiös erzogen wurde. Für einen anderen Freund lag es an einem unfrommen Haarschnitt. Mein Problem war, dass ich Linkshänder war. Zu diesem Zeitpunkt sah ich die Kirche bereits als einen Haufen Unsinn an, aber eine bestimmte Nacht in der Jugendgruppe bestätigte meine Meinung endgültig. Wir teilten Details über unsere Familien und persönlichen Leben. Als das Mikrofon, das mit Spenden für Jesus Aufklebern bedeckt war, zu mir kam, zögerte ich kurz. Ich war mir nicht sicher, ob ich mich und meine Familie offenbaren wollte. Der Pastor setzte mich jedoch unter Druck, indem er sagte, Gott spricht gerade zu dir und er wird sehr böse auf mich sein, wenn ich mich nicht entlaste. Ich war in diesem Moment emotional verletzlich und seine Worte reichten aus, dass ich teilte. Ich erzählte der ganzen Gruppe von den Schwierigkeiten, die meine Familie durchgemacht hatte, als mein älterer Bruder vor ein paar Jahren an Knochenkrebs diagnostiziert wurde. Zu diesem Zeitpunkt befand er sich in Remission, aber es war immer noch ein sehr schmerzhaftes Thema, da es mich stark belastet hatte, meinen Bruder in so großen Schmerzen zu sehen. Der Raum war einen Moment lang still, nachdem ich gesprochen hatte. Und der Pastor machte einen Ties, legte seine Hand auf meine Schulter und sagte: ""Wie schade, dass du und deine Familie damals keine Mitglieder der Kirche wart. Wir hätten unsere Hände auf ihn gelegt und durch Gott seine Genesung beschleunigt. Ich saß da, völlig schockiert und fassungslos. Der Pastor schloss dann für einen Moment die Augen und sagte: ""Der Herr hat gerade wieder zu mir gesprochen. Er will, dass du weißt, es tut ihm leid, dass du denkst, du brauchst Medikamente, um besser zu werden. Er ist deine Medizin."" Ich stand auf und verließ die Kirche in genau diesen Moment. Als ich ging, rief mir der Pastor hinterher: ""Gott ist hier und er wird dich für diesen Akt des Verrats bestrafen.",UCYgqfRGlbTTGfMI082OP1OA,LevinLacht,238407,6719,30,0,2026-03-18T11:00:01Z,,,,,PT1M44S,104,2d,hd,false,rectangular,True,public,youtube,True,True,False,,[],[],23,de,de,['https://en.wikipedia.org/wiki/Lifestyle_(sociology)'],[],https://i.ytimg.com/vi/0IPKXAQFOUs/default.jpg,https://i.ytimg.com/vi/0IPKXAQFOUs/maxresdefault.jpg,,,,,,Nicho 3 (Histórias/Denso)
UDFOblT5h2Y,Was hat deine MUTTER für dich getan? ! #shorts #redditstories #satisfying #geschichte,Was hat deine MUTTER für dich getan? ! #shorts #redditstories #satisfying #geschichte,[],"Was ist das Unvergesslichste, dass deine Mutter je für dich getan hat? Ich war 17 und allein zu Hause, als ich unten im Haus Glas zerbrechen hörte. Mein Handy war leer und unser Festnetz war in dieser Woche abgeschaltet worden, weil meine Mom gerade zwischen zwei Jobs war. Ich schnappte mir meinen Baseballschläger und schlicht zur Treppe. Drei Typen mit Skiasken durchwülhlten unsere Küchenschubladen. Eine Stimme erkannte ich sofort. Es war Trend, der Ex-Freund meiner Mom, der ein den sie letzten Monat rausgeworfen hatte, weil er ihre Kreditkarten gestohlen hatte. Mein Herz hämmerte so laut, dass ich sicher war, sie könnten es hören. Ich rannte zurück in mein Zimmer und schloss die Tür ab, aber dann erinnerte ich mich daran, dass meine 13-jährige Schwester im Keller schlief. Sie war krank, pfeifersches Drüsenfieber und hatte Hustensaft für die Nacht genommen. Sie wäre nicht einmal von einer Bombe aufgewacht. Ich schrieb meiner Mom mit meinem Laptop. Trent ist hier mit Freunden. Sie rauben uns aus. Sarah ist im Keller. Dann hörte ich, wie ihr Auto quietschend in unsere Einfahrt fuhr. Sie kam direkt von ihrer Nachtschicht im Krankenhaus noch in ihren Kasa. Was danach passierte, jagt mir bis heute eine Gänsehaut über den Rücken. Meine Mom rief nicht die Polizei. Sie kam auch nicht schreiend ins Haus. Stattdessen ließ sie sich leise durch die Hintertür hinein, an während Trend Leute sich auf die Vorderseite des Hauses konzentrierten. Ich beobachtete aus meinem Fenster, wie sie ruhig zu unserem Schuppen ging und einen Baseballschläger herausholte. Aber sie kam nicht ins Haus. Sie ging zu Trans Truck, der in unserer Infrastructure zu Einfahrt stand und schlug methodisch jedes einzelne Fenster ein. Die Alarmanlage begann zu heulen. Die Typen rannen nach draußen. Trench schrie meine Mom an, die einfach nur da stand und den Schläger hielt, als würde sie gleich ein Spiel beginnen. Sie sah so klein aus, kaum 1,55 m groß in ihren rosa Krankenhausklamotten, aber sie lächelte. ""Du hast 60 Sekunden, um meinen Fernseher aus deinem Truck zurückzubringen"", sagte sie. ""Oder ich fange mit der Karosserie an."" Trends Freunde luden schon hastig Sachen zurück ins Haus, aber Trend ging aggressiv auf sie zu. Meine Mom wich keinen Schritt zurück. Sie sagte nur: ""Schau hinter dich."" Ich folgte ihren Blick und sah unseren Nachbarn. Mister Nar Peterson auf der anderen Straßenseite stehen. Er zielte mit einer Waffe auf Trend. Dann kam Miss Chen von nebenan mit einem Brecheisen heraus, dann die Johnsons, beide mit ihren Hunden. Meine Mom hatte ihnen allen geschrieben, während ich mich oben versteckte. Unsere ganze Straße war in 3 Minuten mobilisiert. Trend und seine Freunde waren in weniger als 5 Minuten verschwunden. Sie ließen alles zurück, sogar Sachen, die sie mitgebracht hatten und die gar nicht uns gehörten. Als die Polizei schließlich eine Stunde später auftauchte, spritzte meine Mom gerade die Einfahrt mit dem Gartenschlauch ab und summte vor sich hin. Sie erzählte ihnen, Trend müsste während eines Sturms unser Haus getroffen haben. Die Beamten sahen sich nur die eingeschlagenen Truckfenster an und nickten. Alle in unserer Straße bestätigten ihre Geschichte. In dieser Nacht ist meine Schwester nicht einmal aufgewacht. Am nächsten Morgen machte meine Mom Pfannkuchen, als wäre nichts passiert. Als ich fragte, woher sie wusste, dass die Nachbarn helfen würden, sagte sie: ""Ich helfe Ihnen seit 15 Jahren. Menschen vergessen das nicht."" Aber der wirklich unvergessliche Teil kam eine Woche später. Sie zeigte mir ihr Handy. Sie hatte Videoaufnahmen wie von der ganzen Sache über die Babyphone App meiner Schwester. Sie hatte alles aufgenommen vom Moment an, als sie in die Einfaht fuhr. ""Falls Sie jemals zurückkommen"", sagte sie, ""Haben wir Beweise?"" Aber noch wichtiger, jetzt wissen wir als wer unsere echten Nachbarn sind. Jahre später fand ich heraus, dass Trend in derselben Woche verhaftet wurde, als er versuchte ein anderes Haus auszurauben. Die Anzeige wegen der beschädigten Truckfenster, die meine Mom erstattet hatte, war Teil einer größeren Ermittlungsreihe gewesen. Sie hatte das alles geplant. Jetzt bin ich 28 und habe eigene Kinder. Meine Älteste hat mir gerade erzählt, dass es in der Schule einen Mobber gibt, der andere Kinder herumschupst. Und wisst ihr an was ich ihr beibringe?",UCYgqfRGlbTTGfMI082OP1OA,LevinLacht,205708,7723,22,0,2026-03-08T11:00:47Z,,,,,PT2M44S,164,2d,hd,false,rectangular,True,public,youtube,True,True,False,,[],[],23,de,de,['https://en.wikipedia.org/wiki/Lifestyle_(sociology)'],[],https://i.ytimg.com/vi/UDFOblT5h2Y/default.jpg,https://i.ytimg.com/vi/UDFOblT5h2Y/maxresdefault.jpg,,,,,,Nicho 3 (Histórias/Denso)
CQzaPHAD88o,ES ist nicht IMMER so wie es scheint! #shorts #redditstories #satisfying #geschichte,ES ist nicht IMMER so wie es scheint! #shorts #redditstories #satisfying #geschichte,[],"Eltern, wann hat euch der Partner eures Kindes für sich gewonnen? Ich war nie begeistert von der Vorstellung, dass meine Tochter jemanden datet. Als sie zum Studium wegzog, dachte ich, ich hätte wenigstens noch ein paar Jahre, bevor ich irgendeinen Freund kennenlernen und so tun müsste, als würde ich ihn mögen. Aber schon nach drei Monaten brachte sie Ethan mit nach Hause. Ethan war genau der Typkerl, den ich mir für meine Tochter nie vorgestellt hatte. Er war schla, hatte zerzauste Haare, die aussahen, als hätten sie noch nie eine Bürste gesehen und sagte viel zu oft: ""Du, er war höflich, aber irgendetwas an seiner lässigen Art ging mir gegen den Strich. Meine Tochter war immer verantwortungsbewusst, zielstrebig und hatte große Pläne für die Zukunft."" Ethan dagegen wirkte, als würde er einfach durchs Leben treiben, ohne sich um irgendetwas zu kümmern. Ich duldete ihn, aber nur gerade so. Monatelang hielt ich meine Gespräche mit ihm so kurz wie möglich. Ich antwortete mit Nicken und Brummen und gab ihm nie viel, worauf er eingehen konnte. Wenn er mir eine Frage stellte, gab ich eine Einwortantwort und tat dann wieder so, als würde ich etwas auf meinem Handy lesen. Egal, wie sehr, ich versuchte, Abstand zu halten, es schien ihn nie zu stören. Er lächelte immer, tat so, als wären wir längst eng miteinander und tauchte weiterhin bei mir zu Hause auf, immer mit derselben entspannten Haltung. Dann kam das Familienessen. Meine Frau hatte groß gekocht. Ethan kam vorbei und wir setzten uns alle zum Essen. Alles lief gut, bis meine Frau und meine Tochter bemerkten, dass sie etwas für den Nachtisch vergessen hatten. Sie beschlossen schnell zum Laden zu fahren, um es zu holen und ließen mich zum ersten Mal überhaupt allein mit Ethan im Haus zurück. Die Stille war unerträglich. Ich scrollte auf meinem Handy herum und tat beschäftigt, während Ethan da saß und auf den Tisch starrte, als würde er versuchen, sich aus der Situation herauszuwünschen. Schließlich nach einer gefühlten Ewigkeit räusperte er sich und sagte: ""Also, mögen Sie Whisky?"" Ich sah auf. Der Junge wirkte nervös. Ich nickte. Sein Gesicht leuchtete auf, als hätte ich ihm gerade gesagt, er hätte im Lotto gewonnen. Ich habe tatsächlich eine Flasche mitgebracht. Mein Vater hat sie mir zum Geburtstag geschenkt. Die soll richtig gut sein. Wollen Sie sie probieren? Ich habe keine Ahnung, warum, aber ich stand auf und sagte: ""Ja, am Anfang war es genauso unangenehm wie vorher. Wir nippten schweigend an unseren Gläsern. Keiner von uns wusste so recht, was er sagen sollte."" Dann fing er an, mir eine Geschichte zu erzählen, wie er versucht hatte, meine Tochter zu beeindrucken, indem er mit ihr klettern ging. Am Ende blieb er auf halber Höhe an der Wand hängen und musste von einem Trainer gerettet werden, während sie unten stand und sich kaputt lachte. Ich lachte auch. Ein echtes Lachen. Dann erzählte ich ihm von der Zeit, als ich an einem Chili Ess Wettbewerb teilgenommen hatte, um meine Frau zu beeindrucken, als wir noch zusammen kamen, nur um am Ende einem Staatssenator auf die Schuhe zu kotzen. Aus einem Drink wurden zwei, aus zwei wurden mehr, als ich zählen konnte. Wir fingen an über alles mögliche zu reden. Musik, Filme, peinliche College Geschichten. Ich merkte, dass Ethan gar nicht so planlos war, wie ich gedacht hatte. Er hatte Pläne und arbeitete daraufhin, ein eigenes Unternehmen zu gründen. Er war nicht einfach nur sorglos. Er entschied sich nur, sich über Dinge, die er nicht kontrollieren konnte, keinen Stress zu machen. Irgendwann wurden wir laut. Wir lachten und riefen über den Küchentisch hinweg. Als meine Frau und meine Tochter zurückkamen, waren wir komplett betrunken und sangen laut zu einem alten Rocksong mit, dessen Text keiner von uns kannte. Meine Frau sah völlig unbeindruckt aus. Meine Tochter stand in der Tür und starrte uns an, als hätten wir den Verstand verloren. Ethan grinste meine Frau an und sagte: ""Mam, ich liebe ihr Essen."" Das war's. Da konnte ich nicht mehr. Diese Nacht hat alles verändert. Ich hörte auf Ethan nur zu tolerieren und fing an ihn wirklich zu mögen. Heute ist er für mich wie ein zweiter Sohn. Ich weiß immer noch nicht genau, wie es passiert, aber irgendwie hat er mich über ein paar Drinks und ein völlig absurdes Gespräch für sich gewonnen und ehrlich gesagt bin ich froh darüber.",UCYgqfRGlbTTGfMI082OP1OA,LevinLacht,232844,6231,15,0,2026-03-09T07:00:13Z,,,,,PT2M34S,154,2d,hd,false,rectangular,True,public,youtube,True,True,False,,[],[],23,de,de,['https://en.wikipedia.org/wiki/Lifestyle_(sociology)'],[],https://i.ytimg.com/vi/CQzaPHAD88o/default.jpg,https://i.ytimg.com/vi/CQzaPHAD88o/maxresdefault.jpg,,,,,,Nicho 3 (Histórias/Denso)
-c0Fc69kfJ8,"La MADRASTRA de mi prometido insistió en planear nuestra boda SIN PREGUNTARNOS nada, y la dejamos","📖 Historias impactantes inspiradas en Reddit, contadas de forma intensa y envolvente.

Algunos detalles como nombres, edades o situaciones pueden ser modificados para mejorar la narrativa.

⚠️ Este contenido se publica únicamente con fines de entretenimiento.

👀 Si llegaste hasta aquí, ya eres parte de la comunidad.

👉Suscríbete ahora y activa la campanita para no perderte la próxima.

💬 Déjame en comentarios qué harías tú en esta situación, quiero leerte en la próxima historia.

#historiasdereddit #historiasreales #reddit #redditespañol #shorts #youtubeshorts",[],"La madrastra pretenciosa de mi prometido insistió en planear nuestra boda completa sin preguntarnos nada y nadie fue ni siquiera nosotros. Diane entró a la vida de Ryan cuando él tenía 16 años. Su papá se casó con ella dos años después del divorcio y desde entonces ella lleva casi una década tratando de ser la protagonista de una historia en la que nadie la puso. Ryan la tolera, yo la aguanto. Esa era la dinámica. Todo cambió cuando Ryan me propuso matrimonio en diciembre frente a su familia en la cena de Navidad. Dije que sí antes de que terminara la pregunta. Dian, desde el otro lado de la mesa, ya estaba sacando su teléfono. La llamada llegó tres días después. Eran las 9 de la mañana de un martes cuando Dian me marcó para decirme que ya había hablado con el Rose Wood Manner, que tenían disponibilidad para el primer sábado de octubre y que era perfecto para 300 personas. 300. Ryan y yo juntos no conocemos a 300 personas. Le dije con calma que Ryan y yo aún no habíamos hablado de nada, que apenas era noviembre, que necesitábamos tiempo. Ella soltó un suspiro largo como de madre decepcionada y dijo, ""Mira, si lo dejan en sus manos, van a terminar casándose en un estacionamiento de un Walmart. Yo sé lo que hago."" Ryan llamó a su papá esa misma noche. Robert escuchó, hizo una pausa y dijo, ""Dale el gusto. Ya saben cómo es ella. Eso fue todo. Ese fue el momento en que Ryan y yo tomamos la decisión. Durante las siguientes tres semanas, Dian actuó como si nuestra boda fuera su proyecto de vida. Contrató a Corney, su sobrina, como planeadora de boda, a $3,500. Reservó al fotógrafo de su amiga Bárbara por $4,200. Elió un menú de tres tiempos con salmón y filete. Mandó a hacer 300 invitaciones con nuestros nombres escritos en una fuente que ninguno de los dos habría escogido en la vida. Cuando le pregunté si podíamos ver el diseño antes de que las mandara imprimir, me dijo, ""Ya están listas, quedaron hermosas. Te las muestro en la próxima cena familiar."" Ryan apretó mi mano por debajo de la mesa. Lo que Dian no sabía es que nosotros ya habíamos reservado un lugar en Bermont desde la segunda semana de diciembre. Una cabaña en las montañas con capacidad para 40 personas. $800 en total con todo incluido. El dueño, un señor llamado Frank, nos la guardó con solo $800 de depósito. La fecha, el último viernes de septiembre, exactamente una semana antes de la boda de Diane, mandamos nuestras invitaciones en enero. Fueron 38. Las personas que en verdad importaban, los amigos que habían estado ahí, los primos con quienes uno de verdad habla, los compañeros de trabajo que se convirtieron en algo más, ninguna de las 300 personas de la lista de Diane. En febrero, Dian nos llamó para decirnos que si cambiábamos cualquier detalle de los planes, no asistiría. Ryan contestó tranquilo. Está bien, Dian. Te prometo que no cambiaremos nada. Ella esperaba una negociación, no hubo ninguna. Nos casamos el último viernes de septiembre en Bermont con nieve ligera y 38 personas que lloraron de verdad durante la ceremonia. La cena fue hamburguesas y macarones con queso, porque eso es lo que Ryan y yo pedimos para nuestro primer aniversario de novios y nos pareció perfecto para la boda. Frank tocó guitarra acústica porque resultó que sabe. Bailamos hasta la 1 de la mañana. El sábado siguiente en el Rosewood Manor, Cney coordinó una boda para 300 personas a la que los novios no llegaron. Dian llamó al teléfono de Ryan seis veces entre las 10 de la mañana y el mediodía. Él no contestó ninguna. A las 12:18, Robert le envió un mensaje que decía, ""Están bien, gracias por incluirnos."" Robert y la mamá de Ryan habían volado a Vermont el viernes. No sé qué pasó exactamente en ese salón. No sé a cuántas personas llamaron para cancelar ni cómo explicaron que los novios tenían otros planes. No pregunté y no me importó. Yeah.",UCeoaydffQmwi5_lbmj3GO6A,El Tipo de Reddit,221309,14951,55,0,2026-03-26T00:00:00Z,,,,,PT2M32S,152,2d,hd,false,rectangular,True,public,youtube,True,True,False,,[],[],24,es,es,['https://en.wikipedia.org/wiki/Lifestyle_(sociology)'],[],https://i.ytimg.com/vi/-c0Fc69kfJ8/default.jpg,https://i.ytimg.com/vi/-c0Fc69kfJ8/maxresdefault.jpg,,,,,,Nicho 3 (Histórias/Denso)
RgTA_GqweL8,AITA For Calling The Police Immediately When My Sister's Family Broke Into My New House... #reddit,"#reddit #redditstories #storytime #askreddit #redditstories #aitareddit #shortstory #familydrama 
My sister broke into my new house with a stolen spare key, and I called the cops before she could finish “moving in.” A week earlier, my mom was calling me “heartless” on social media. Funny how fast “family” becomes a weapon when you stop being useful. That day was the first time I chose my peace over their demands.","['reddit drama', 'AITA reddit', 'reddit animation', 'reddit recap', 'AITA stories', 'reddit stories', 'story time', 'toxic family', 'family drama']","My sister broke into my new house with a stolen spare key and I called the cops before she could finish moving in. A week earlier, my mom was calling me heartless on social media. Funny how fast family becomes a weapon when you stop being useful. That day was the first time I chose my piece over their demands. I grew up as the backup kid. My older sister was the golden one. Smart, social, always deserving. Her birthdays were backyard blowouts with pony rides. Mine were pizza at the dining table and a grocery store cake. When I asked why, my parents would say, ""Be grateful."" Looking back, independent was just their excuse to give me less and feel righteous about it. In college, they charged me $400 a month to live at home. I worked part-time for $9 an hour and still handed them rent money like it was normal. I lived on ramen, used textbooks, and free break room coffee. Meanwhile, my parents paid for my sister's dream school and sent her extra cash so she wouldn't struggle. I kept wondering if I was invisible or if they just liked me better quiet. After graduation, I moved out, built a career, and saved. I didn't tell my family I was house hunting because nothing around them is ever just mine. Somehow, the news leaked anyway, and my mom called with that sugary voice. ""You'll need at least four bedrooms,"" she said. ""For who?"" I asked. ""For when your sister's family visits and us."" Then the link started. huge houses, perfect for everyone, with notes about my brother-in-law's future, office, and the kids' yard. Not one sentence about what I wanted. I tried to steer them towards something modest, but it only made them push harder, so I stopped responding. I found a small two-bedroom cottage outside the city, sunny kitchen, little porch, enough grass for a garden. The first time I walked in, it smelled like clean wood and fresh paint, and my shoulders dropped like they'd been clenched for years. I bought it quietly and didn't hand out the address. At a family dinner, they unveiled their perfect house for me. Three blocks from my sister. My mom smiled like she'd solved a puzzle. My sister nodded like it was already decided. It has five bedrooms, my mom said. a guest suite, great schools. She slid the listing toward me like I owed her a signature. I set my fork down. I already bought a house. The room went dead. A cottage? My sister snapped. How are we supposed to fit? You're not, I said. It's my house. My dad slammed the table and called me selfish. My sister cried about the kids being cramped like that was my problem. I left. And the smear campaign started the same night. Sad bunk bed photos, captions about space to grow, relatives crawling out of the woodwork to lecture me. I couldn't tell if my sister was delusional or just cruel, but the entitlement was real. A couple weeks later, my mom showed up at my apartment with a pie I didn't even like, and an apology that didn't reach her eyes. She wandered my kitchen, stared at my locks, and asked when I'd be fully moved. That's when I realized she wasn't sorry she was scouting. After she left, my spare key was missing from the counter. The next day, my neighbor texted that a couple with kids had been peeking in my windows. I changed the locks, ordered cameras, and saved every voicemail, especially the one where my dad said, ""This isn't over."" I thought new locks would end it. I pulled into my driveway and saw my sister's SUV. My stomach dropped. Then I heard voices inside. I unlocked the door and stepped into chaos. Next, my niece and nephew sprawled on my couch, crumbs everywhere. Then, my toddler nephew nod on a throw pillow like a snack. After that, my brother-in-law stood at my fridge, eating. Finally, my sister said, ""Mom gave us the key, so we're moving in."" So, I dialed 911 with my hands shaking. ""Are you seriously calling the police on your own family?"" she yelled. ""Watch me."" The officers called it trespassing. Made them leave and filed a report. An officer asked if I wanted to press charges, and in that moment, I just wanted them gone. I said I would if they came back, and I meant it. They tried other angles instead. My sister staged a crying scene at my workplace and let her kids run wild in the lobby. My parents told my grandmother I was having a breakdown and tried to send a preacher to my door to fix me. This was the moment I understood they weren't confused about my boundary. They hated it. So, I stopped playing nice. A lawyer sent cease and desist letters. I got a restraining order for the break-in and harassment. My locks are new, cameras cover the porch, and my number changed. My cottage is still small, and that's the point. The quiet feels earned. And nobody gets a key just because we share",UCrEqTAlQqEymBvtN0TvQvYA,BC04 - REDDIT,195940,6555,59,0,2026-03-16T17:04:48Z,,,,,PT2M58S,178,2d,hd,false,rectangular,True,public,youtube,True,True,False,,[],[],22,en,en,['https://en.wikipedia.org/wiki/Entertainment'],[],https://i.ytimg.com/vi/RgTA_GqweL8/default.jpg,https://i.ytimg.com/vi/RgTA_GqweL8/maxresdefault.jpg,,,,,,Nicho 3 (Histórias/Denso)
aebGJHwlfLM,My Parents Left Me At A Gas Station As A Joke Let’s See How Long It Takes Him To Get Home!,"#emotionalreddit #redditstories  #aitareddit   #redditrelationship  #shorts 
My parents walked into my office crying about foreclosure. I didn’t hug them. I handed them a folder and told them they had 30 days to move out. Twenty years ago they left me at a gas station “as a joke,” and I never went home.","['emotional story', 'reddit story', 'stories', 'aita reddit', 'shorts', 'reddit stories']","My parents walked into my office crying about foreclosure. I didn't hug them. I handed them a folder and told them they had 30 days to move out. 20 years ago, they left me at a gas station as a joke, and I never went home. I was 16 when it happened. We were driving back from my sister Megan's college, and I was half asleep in the back seat with my iPod. Dad, Roger pulled off I95 for gas and snapped, ""Go get me coffee."" Inside, the machine was busted, so I waited while a tired cashier brewed a fresh pot. When I stepped back outside, my car was gone. At first, I thought they'd moved pumps. Then, I saw our beat up sedan merging onto the highway. The coffee was hot in my hand and suddenly useless. My phone buzzed. Let's see how long it takes you to get home. Then no calling. Figure it out. I kept wondering if they'd swing back in a minute. Laughing. I couldn't tell if my throat felt tight from panic or anger. Looking back, I'm embarrassed it took me that long to accept the truth. They weren't teaching. They were testing how much I'd take. This wasn't even their worst lesson. Two winters earlier, mom Cynthia locked me out overnight because I got a C+ in chemistry. I slept in the garage and paid for the broken window with my fast food paycheck. So, standing there breathing gas fumes, something in me didn't crack. It went silent. I called my aunt Teresa, Mom's sister. They'd cut off for being too soft. She didn't ask if I deserved it. She asked where I was. A local taxi took me to the bus station and she'd already bought me a ticket online. My phone lit up with threats. Don't you dare call Teresa. Start walking. Your father is disappointed. I blocked them, turned the phone off, and watched the countryside blur past. That's when I realized I wasn't running. I was leaving. Teresa helped me finish school, get certified, and learn what normal adults look like. I built a construction business, got married, had kids, and I never turned parenting into a punishment game. For two decades, it was quiet. I thought the gas station was buried. Then last week, I walked out of a meeting and saw 39 missed calls. Most were unknown. Three were from Megan. Her voicemail was shaky. Mom and dad found you. They need money. Please just talk to me. I met Megan at a diner at 7:00 a.m. She shredded a napkin like she used to. ""They're losing the house,"" she said. ""Dad's gambling. Mom's drowning in cards. They want you to save them."" When she whispered, ""They're still our parents."" I said, ""No, they stopped being my parents at that gas station."" I paid for breakfast and told her, ""Block my number after this. I love you. I'm not your solution."" The next morning, my receptionist said, ""There's a couple here insisting they're your parents."" I watched them through the glass, older, worn down, still acting like the world owed them a stage. Mom rushed in with arms open. I stepped back. ""Keep it professional,"" I said. ""What do you want?"" Dad tried his old preacher voice after all these years. Cut it, I said. Say the number. They spilled it once they saw I wasn't playing. Second mortgage. Payments behind. Mom cried. We made one little mistake. Dad snapped. We came back for you. I didn't debate. I opened the folder. Now the whole room went quiet. Next, I slid the papers across my desk. Then, Dad's eyes moved left to right, slower each line. After that, mom's sobbing stopped mid- breath again. Dad puffed up, but his voice finally wobbled. Finally, I said, ""I bought your mortgage debt from the bank."" Then I added, ""30 days to vacate. It's legal."" Dad lunged like he could still scare 16-year-old me. Security grabbed him before he reached my desk. Mom shrieked that I was evil. I looked her straight in the face and said, ""You gave me 30 seconds at 16. You're getting 30 days."" They ran to the family with their soba story. So, I sent receipts, old texts, an audio clip I'd saved of dad laughing, saying, ""Let's see how long it takes you to get home."" By lunch, the relatives calling me ungrateful were asking my parents what the hell was wrong with them. A week later, the house came down. I'm building affordable units there. Priority for single parents and kids who need a way out. The sign will read Terresa Haven because she's the one who actually showed up. My parents came back one last time, quiet and sorry. Mom said she'd forgive me if I helped them. I let them talk, then handed them a rental application. You can apply, I said like everyone else. Dad started after everything we've done. I smiled. Yes.",UCkkq81wYhUcXx00Wi3_fnzg,Emotional Reddit,201246,7045,54,0,2026-02-21T16:05:09Z,,,,,PT2M58S,178,2d,hd,false,rectangular,False,public,youtube,True,True,False,,[],[],22,en,en,"['https://en.wikipedia.org/wiki/Food', 'https://en.wikipedia.org/wiki/Lifestyle_(sociology)']",[],https://i.ytimg.com/vi/aebGJHwlfLM/default.jpg,https://i.ytimg.com/vi/aebGJHwlfLM/maxresdefault.jpg,,,,,,Nicho 3 (Histórias/Denso)
FmFfzMTruHU,I never wanted my daughter. #shorts #story #reddit #viral,,[],"I never wanted my daughter. I am 34 years old and I have never wanted kids in my life. I like living alone, having my routine, doing whatever I want. The only person who ever got me to commit to anything was my best friend Wes, and he was more like a brother to me. Wes had an 11-year-old daughter named Nora and an older brother named Vince who used to scream at her until she cried when no one was watching. Before Wes passed, he grabbed my hand and said, ""Promise me you'll keep her away from Vince."" I promised. I thought I would never have to keep it. I was so wrong. After the funeral, Vince filed for custody before Wes was even in the ground. I hired a lawyer and fought it, but the judge said blood relatives come first and I had no legal standing. Before Nora left, I made her memorize my phone number and told her to call me if anything ever happened. She whispered that she was scared. Vince grabbed her arm hard and yanked her toward his car. When he saw me watching, he smiled and said, ""Say goodbye to your dad's little friend. You won't be seeing him again."" The next week I drove to his apartment to check on her. He answered the door and told me Nora did not want to see me. I asked to hear that from her. He slammed the door in my face. I came back three more times that month and each time he threatened to call the cops. The fourth time I showed up, the apartment was empty. He moved and did not tell anyone where. I spent weeks trying to track them down. I finally found their new address through a mutual friend and drove over unannounced. Vince saw me from the window and came outside before I could knock. He got in my face and told me if I came back again, he would file a restraining order and tell the police I was stalking his niece. I backed off because I was terrified he would actually do it and then I would never see her again. Months went by with nothing. Then I got a call from Nora's old school saying she had not been enrolled anywhere and they were concerned. I reported it to child services and they did a home visit, but Vince put on an act and they closed the case. After that, I heard nothing for almost 2 years. I did not know if she was alive or dead. Then one night my phone rang after midnight. I picked up and heard crying on the other end. A voice I barely recognized whispered, ""It's Nora. Please, I need help."" She told me Vince caught her eating leftovers without asking and he lost it. He called her a worthless parasite and grabbed her by the hair and threw her out the front door in her pajamas. She had been walking the streets for 3 hours looking for a payphone. She did not even know where she was. I made her read me every street sign she could see. When I found her, she was sitting on a curb clutching a garbage bag against her chest. She looked up at me with Wes's eyes and something behind them was broken. I took her home and told her no one would ever hurt her again. The next morning I called a lawyer. Four days later, I hear pounding on my door so loud the pictures on my wall shake. I look through the peephole and see Vince standing there red in the face. I tell Nora to go to the bedroom and lock the door. She runs. I call 911 and tell them someone is trying to break into my apartment. Then I open the door. Vince shoves past me and starts screaming, ""Where is she? Nora, get out here right now!"" I say, ""You need to leave."" He spins around and gets so close I can smell the liquor on his breath. He says, ""You think you can just take what's mine? She belongs to me."" I say, ""She's not property, Vince."" He laughs right in my face and says, ""You're right. Property has value. She's worthless, but those checks aren't."" I say, ""What checks?"" He grins and says, ""1,500 a month for 3 years straight. That's my money. I earned every cent dealing with her pathetic little face crying about her daddy every single night."" That is when I hear the bedroom door open. Nora is standing there. She heard everything. Vince sees her and says, ""Get over here. Now."" Nora does not move. She looks at him and says, ""No. He's done more for me in 4 days than you did in 3 years. He's more of a dad than you ever were."" Vince's face goes dark. He walks toward her and says, ""You want to know the truth? Your real dad begged me to take you because he knew nobody else would want you either."" Nora's face crumbles. I shove Vince so hard he stumbles backward. He swings at me and that is when the cops come through the door. They grab him immediately. Right before they drag him out, he looks at Nora and says, ""This is all your fault, just like your father's death."" Then he is gone. Nora watches them take him and whispers, ""You didn't have to do that for me."" I pull her close and say, ""I wanted to. I want you.""",UCXYV686NimyfAUoIyVoHpeg,Tanvir Griffin,219942,6800,42,0,2026-03-23T16:00:32Z,,,,,PT3M,180,2d,hd,false,rectangular,True,public,youtube,True,True,False,,[],[],22,en,en,"['https://en.wikipedia.org/wiki/Hobby', 'https://en.wikipedia.org/wiki/Lifestyle_(sociology)']",[],https://i.ytimg.com/vi/FmFfzMTruHU/default.jpg,https://i.ytimg.com/vi/FmFfzMTruHU/maxresdefault.jpg,,,,,,Nicho 3 (Histórias/Denso)
omSYlZJ1bnI,"My sister borrowed my car for a week, so I reported it stolen. #shorts #story #reddit",,[],"My sister borrowed my car for a week, so I reported it stolen. Jenny asked to use my Civic on a Monday morning. Her car had broken down, and she had job interviews lined up all week. I hesitated. We'd never been that close, and something in her voice made my stomach tighten. Just one week, she promised. I'll fill the tank and everything. I handed her the keys. One week, Jenny. I need it back by next Monday. Of course, she hugged me, which felt strange. We weren't huggers. Thank you so much. This is going to change everything for me. I watched her drive away and immediately regretted it. Monday came and went. I texted her at 8:00 a.m. No response. Called at noon. Voicemail. By 5:00 p.m., I was pacing my apartment. I needed the car for work the next day. She finally texted at 9:30 p.m. So, sorry. Last interview ran late. Tomorrow for sure. Tuesday morning, I called her four times. She answered on the fifth. I know. I know. It's just one of the companies wants a second interview. Two more days, tops. My hands clenched around my phone. Jenny, I need my car. I have to get to work. Take an Uber. I'll pay you back. This job could be huge for me. She hung up before I could argue. Wednesday, Thursday, Friday. Each day brought a new excuse. A final interview. A background check that required her to drive there in person. a meeting with HR. My texts went unanswered. My calls went straight to voicemail. I took ride shares to work, watching the costs pile up. By Friday evening, I'd had enough. I drove my co-workers's car to Jenny's apartment complex. My Civic wasn't in her assigned spot. It wasn't anywhere in the parking lot. I knocked on her door. She opened it 3 in. Where's my car? My voice shook. At a friend's place. The interviews are near there. What friend? Where? You wouldn't know them. She started closing the door. I'll bring it this weekend. The weekend passed. No car, no calls. It had been 2 weeks. Monday morning, I called her at 6:00 a.m. She answered. Voice groggy. What? Bring me my car today or I'm calling the police. Jesus, relax. I'll bring it tomorrow. Where is it right now? I told you at a friend's which friend? Give me an address. Why are you being so paranoid? Her voice turned sharp. I said I'll bring it back. I want to know where my car is right now. She hung up. My heart pounded. Something was very wrong. Then I remembered my insurance company had given me a tracking app for a discount. I'd installed it and forgotten about it. I opened the app with shaking fingers. The GPS marker sat 200 m south at a used car dealership in Riverside. I scrolled through the location history. The car had been there for 9 days. nine days while Jenny fed me lies about interviews and friends. My vision blurred. She'd sold it. My sister had sold my car. I called the dealership. A salesman named Pete answered, ""I'm calling about a silver 2019 Honda Civic. Can you tell me when you purchased it? Let me check."" ""Yeah, we bought that one on the 15th."" Clean title, good condition. Why? My chest felt hollow. That's my car. It was stolen. Ma'am, we purchased it from the owner. I have all the paperwork. The title was forged. I'm the owner. That car was taken without my permission. Silence. Then I need to put you on with my manager. I filed a police report within the hour. Detective Hayes called me that evening. We contacted the dealership. The signature on the title transfer doesn't match your DMV records. We've issued a warrant for your sister's arrest. They picked Jenny up the next morning at her apartment. The dealership had paid her $3,200. Detective Hayes told me she'd already spent most of it. New clothes, concert tickets, a weekend in Vegas with friends. She sold her sister's car for $3,200 and spent it in 4 days, he said, shaking his head. Jenny pleaded guilty to felony theft and fraud. The judge ordered full restitution plus court costs and gave her 3 years probation. She got a criminal record because she wanted quick cash for a vacation. I got my car back from the dealership. Haven't spoken to Jenny since.",UCGumCHCIkBkShdyFTPWX0wQ,RedditStories-Meme,210383,6581,159,0,2026-03-12T20:00:48Z,,,,,PT3M,180,2d,hd,false,rectangular,False,public,youtube,True,True,False,,[],[],24,en-US,en-US,"['https://en.wikipedia.org/wiki/Lifestyle_(sociology)', 'https://en.wikipedia.org/wiki/Vehicle']",[],https://i.ytimg.com/vi/omSYlZJ1bnI/default.jpg,https://i.ytimg.com/vi/omSYlZJ1bnI/maxresdefault.jpg,,,,,,Nicho 3 (Histórias/Denso)
roP8CvnXIAA,I gifted my sister. #shorts #story #reddit #viral,,[],"I gifted my sister pictures of my dog. So, my sister Tara has three kids, three boys. And look, I love my nephews. They're good kids. But here's the thing about Tara, she thinks everybody on this planet wants photos of her children plastered on every surface of their home. Every single Christmas, birthday, any gift-giving occasion really, I get the same type of gift. A blanket with her kids' faces on it, a mug with her kids' faces, a mousepad, a phone case, magnets, picture frames, calendars, you name it. She's put her children's faces on it and handed it to me wrapped in a bow. And I'm not talking about small stuff either. One year she got me this massive tapestry blanket thing with all three of her boys on it. Like their faces were blown up huge and the whole thing was about 6 ft tall. She told me I could hang it on my wall. I just nodded and smiled and said, ""Thank you."" Because what else was I supposed to do? That thing went straight into my closet. Still there to this day, folded up behind some old winter coats. Another year she got me a pillow, a giant square pillow with her middle son's face stretched across it. His face was slightly distorted from how they printed it. So, he looked a little off. I put that in the closet, too. My mom kept asking me why I never displayed any of my gifts. I always just said I was still figuring out where to put everything. But honestly, I don't know what I'm supposed to do with 17 items featuring my nephews' faces. I don't have a shrine dedicated to children that aren't mine. I see them at family gatherings. That's enough. The thing is, I never said anything to Tara. I didn't want to hurt her feelings or cause drama. So, every year I just accepted the gifts, thanked her, and quietly stored them away. But this year, I finally snapped. We were doing Christmas Eve at my parents' house because I was spending actual Christmas Day with my girlfriend's family. So, we did the whole gift exchange early. Tara handed me my present first. I could tell by the shape it was a picture frame. I unwrapped it and yep, another framed photo of her kids. This time they were all dressed in matching Christmas sweaters sitting in front of a fireplace. Professionally done. She probably spent like 80 bucks on the photo shoot alone. I smiled and said, ""Thank you."" Same as always. But then it was my turn to give her my gift. Now, I should mention I have a dog named Chester. He's a 3-year-old golden retriever and he's basically my child. I got him when he was 8 weeks old, raised him, trained him, take him everywhere with me. He sleeps on my bed. I buy him birthday presents. He has his own Instagram account with like 2,000 followers. So, a few weeks before Christmas, I had this idea. I put Chester in a little red bow tie, made him sit by the Christmas tree, took about 50 photos until I got the perfect one where he was looking right at the camera with his tongue slightly out. He looked adorable. I got it printed and put it in a really nice frame, silver with little paw prints on the border. Then I wrapped it up real pretty with a bow on top. I also got her a $25 Starbucks gift card because I wasn't trying to be completely petty. She loves Starbucks, gets their pumpkin spice stuff year-round somehow. So, she opens the Starbucks card first and she's happy about that, thanks me. Then she picks up the wrapped frame. She tears off the paper, looks at it, and her whole face changes. Her smile just drops. She stares at it for like 5 seconds. Nobody says anything. My mom is watching. My dad is watching. My girlfriend is trying not to laugh next to me. Then Tara looks up at me and goes, ""What the hell am I supposed to do with this?"" And I swear it just came out of my mouth before I could even think about it. I said, ""Same thing I do with yours. It'll look great on your coffee table."" Dead silence. My mom's mouth dropped open. My dad suddenly got very interested in the carpet. My girlfriend had to cover her mouth with her hand. Tara's face went from confused to absolutely furious in about half a second. She stood up and said, ""Are you serious right now?"" I shrugged. ""What? You don't want a picture of my dog? But he's family to me. I love him like my own kid. I thought you'd want to display him in your home the way you expect me to display your kids in mine."" She went off, started yelling about how it's not the same thing, how her kids are actual human beings, how I was being disrespectful and rude and ungrateful. She got even madder, said I was a terrible aunt, said I obviously didn't care about family. I said, ""I care about family. I just don't need a blanket with your kids' faces on it to prove that."" That's when she grabbed her purse, grabbed her kids, and stormed out. Didn't even say goodbye to my parents.",UCz65S2nuufOfhkbY_1twTMA,reading,213372,4417,100,0,2026-03-17T16:01:48Z,,,,,PT3M,180,2d,hd,false,rectangular,True,public,youtube,True,True,False,,[],[],22,en,en,"['https://en.wikipedia.org/wiki/Hobby', 'https://en.wikipedia.org/wiki/Lifestyle_(sociology)']",[],https://i.ytimg.com/vi/roP8CvnXIAA/default.jpg,https://i.ytimg.com/vi/roP8CvnXIAA/maxresdefault.jpg,,,,,,Nicho 3 (Histórias/Denso)
FvtvJr8xrSA,My Parents Refused Blood For My Surgery It's Sister's Birthday—Doctor Revealed The Truth #reddit,"#emotionalreddit #redditstories  #aitareddit   #redditrelationship  #shorts 
Three weeks ago, I was bleeding out in the back of an ambulance with glass in my chest and my leg crushed under twisted metal. The paramedic needed a B-negative donor, so I called my mother. She sighed and said, “Can this wait? We’re about to cut my sister’s birthday cake.” Later that night, my surgeon looked at my emergency contact form and told me my family had lied to me for twenty-five years.","['emotional story', 'reddit story', 'stories', 'aita reddit', 'shorts', 'reddit stories']","3 weeks ago, I was bleeding out in the back of an ambulance with glass in my chest and my leg crushed under twisted metal. The paramedic needed a B- negative donor, so I called my mother. She sighed and said, ""Can this wait? We're about to cut my sister's birthday cake."" Later that night, my surgeon looked at my emergency contact form and told me my family had lied to me for 25 years. I grew up as the extra child. My younger sister got the big bedroom, the BMW, the money, and photos on every wall. I got a converted storage room, everyone's chores, and $25 if my parents felt generous. When I won a statewide science fair, my mother looked at the trophy and said, ""That's nice. Help your sister with homework."" A week later, they took her out to celebrate a C plus. By 17, I found out she had an $85,000 college fund. I had two jobs, scholarships, and a father telling me hardship would build character. So, I built myself anyway. I got into premed and stopped expecting love from people who only noticed me when they needed something. My parents always said my grandfather died before I was born. At 28, I was a surgical resident, tired enough to make one last stupid choice. My sister invited me to her birthday party, and I bought her a designer bag I could not afford. I switched shifts and drove through the rain because some pathetic part of me still wanted to belong. Then, a truck ran the light and turned my car into scrap. In the ambulance, I could taste blood. I could hear the monitor stuttering beside me. I called home. Mom, I whispered. I need surgery. Please be negative. Silence. Then, ""Evelyn, not tonight."" My father grabbed the phone. ""You're a doctor. Figure it out yourself. Don't ruin your sister's day."" I heard my sister laugh. I woke up after emergency surgery in my own hospital. My attending sat beside my bed with my chart. He pointed to the emergency contact I had listed years earlier, a name I used only because it appeared on an anonymous scholarship that paid my tuition. ""Dr. William Harrison,"" he said. ""That's the former chief of surgery, and he's your grandfather."" I stared at him. ""My grandfather is dead."" He shook his head once. No, he thought you were. The door opened. An old man rushed in wearing a half buttoned coat. He stopped at the foot of my bed. His hands started shaking. His eyes locked on mine. Then he said my name like it hurt. He came closer slowly, like I might disappear. Tears ran down his face. I'm your grandfather. I couldn't speak. He gripped the bed rail. Robert isn't your father. He's your uncle. The room went still. Your real parents died in a plane crash when you were three. I felt the air leave my body. He told me you hated me. My grandfather said. Then he told me you died, too. That was the truth. My parents were my uncle and aunt. My sister was my cousin. My real father had been the heir. So when he died, everything was supposed to pass to me. My uncle cut off my grandfather, forged a death certificate, stole my inheritance, and raised me just well enough to control me. The anonymous scholarship had been from my grandfather. The blood that saved my life had been his, too. A week later, we met at the lawyer's office. My uncle came in sweating and loud. My aunt cried on quue. My cousin looked sick. The lawyer laid out the forged death certificate, the stolen estate records, and my real parents' names. Then he read the will. $47 million. All of it mine. Nothing for them. My uncle actually said, ""We're family."" I looked at him and felt nothing. You put me in a storage room, I said. You spent my dead father's money on your daughter, and when I was dying, you told me not to interrupt cake. My aunt reached for me. I stepped back. I didn't I don't want apologies, I said. I want distance. Then I handed the lawyer the restraining order paperwork. My uncle tried one last line. Blood is thicker than water. I turned at the door. You couldn't even give me yours to save my life. I left with my grandfather beside me. 6 months later, I finished residency near the top of my class. I moved into a real home with windows. I used part of the money to start a foundation in my real parents' names for patients who get ignored and students who fight through school alone. My grandfather comes to dinner every Sunday. Now, I used to think being unwanted meant I was worth less. Turns out I was never unwanted. I was hidden. They stole my name, my history, and 25 years of truth. In the end, they still lost everything.",UCkkq81wYhUcXx00Wi3_fnzg,Emotional Reddit,160365,8351,47,0,2026-03-13T00:00:14Z,,,,,PT2M58S,178,2d,hd,false,rectangular,False,public,youtube,True,True,False,,[],[],22,en,en,['https://en.wikipedia.org/wiki/Entertainment'],[],https://i.ytimg.com/vi/FvtvJr8xrSA/default.jpg,https://i.ytimg.com/vi/FvtvJr8xrSA/maxresdefault.jpg,,,,,,Nicho 3 (Histórias/Denso)
cP_dG72iMxY,Discriminated Against All My Life Because Of My 'Golden Child' Sister. I Got Revenge..#redditstories,#reddit #redditstories #storytime #askreddit #redditstories #aitareddit #shortstory #familydrama,"['reddit drama', 'AITA reddit', 'reddit animation', 'reddit recap', 'AITA stories', 'reddit stories', 'story time', 'toxic family', 'family drama']","My parents tried to make my wedding about my golden child's sister. Their plan was to have her walk down the aisle first in [music] a wedding dress at my wedding in front of everyone. They assumed I'd swallow it like I always did. Spoiler, they picked the wrong day. Growing up, my sister could do no wrong. If she blamed me, I got punished. If I caught her with proof, my parents still scolded me. My birthday cake was always her favorite flavor, even though I hated it. When she had no friends in high school, my parents basically grounded me from having any, too. Dating was a joke. She'd hit on my boyfriends, then cry to my parents if they rejected her. Somehow, I was always the problem. They didn't just favor her. They rewrote reality for her. College was my escape. They paid for her, then told me, ""We can't afford yours."" I said, ""Okay."" And watched their faces fall. I got a full scholarship, posted it publicly, and suddenly they couldn't block me without looking evil. Years later, I met my husband. He hears disrespect [music] and claps back instantly. When we got engaged, my parents demanded to meet him. I warned him. Don't ever be alone with them. He still went armed with a pocket recorder. He came back grinning. ""Babe,"" he said. They're insane. Then he played the audio. My parents and sister sat him down and said, ""Dead serious. We'll pay for the wedding. If your sister gets to walk down the aisle first, my sister chirped. I should have [music] pictures and a cake."" My husband just went, ""Hm, let me think."" That hm turned into months of us stringing them along. He went back and acted like he was on their side. He told them I was controlling [music] and jealous so nothing could be in writing. ""If she finds out,"" he warned, she'll explode. They nodded like that sounded believable. Then, we let them pay for the nice stuff while my sister demanded upgrades. On the wedding day, their plan was to sneak her in right as the music started, so we hired real security and told nobody. Guests saw a polite woman checking names. That was bait. The actual bodyguard showed up after my parents sat down. Then, the moment hit in slow motion. My dad took his spot at the entrance. The bridesmaids moved when he signaled. The doors opened. I stepped out. My dad's face rose. He craned his neck, looking for someone behind me. Then his phone rang. Sister flashed on the screen. He muttered. Something came up and walked away from me. My friend said loud. What do you mean it wasn't supposed to be her? I choked out. He said, ""It wasn't supposed to be me."" And the room turned. My husband's dad rushed in and took my arm. I walked down the aisle through whispers and side eyes. My husband leaned close and murmured, ""Your sad face is so real. You deserve an Oscar."" We got married while my parents were outside detonating. Outside, my sister arrived in a wedding dress and tried to push past security. The guard calmly told her, ""Ma'am, there's already a bride. My dad threatened police. The guard offered to call them. My mom showed up. My friend showed up and started loudly asking why my sister was dressed like a bride at my wedding. Relatives piled in. People started yelling. My sister dropped to the floor, kicking and wailing like a toddler. Then my husband walked out and did his favorite thing. Play dumb. My parents screamed, ""You agreed to this?"" He blinked. [music] ""Agreed to what?"" They demanded proof. They had none. No texts, no emails, nothing. He tilted his head and went, ""Wow, how convenient."" Then he tore into them for trying to humiliate me again and said he wasn't letting their lies ruin his wedding. Security escorted them out while my sister screamed that I stole her moment. back inside. Nobody came back to explain. My mom stayed gone. My dad stayed gone. People kept smiling at me extra hard like they were trying to buffer the chaos. The open bar probably helped. I didn't ask questions. [music] I just danced in the middle of the room like I finally owned one day in my life. After the honeymoon, my sister texted me something unhinged, calling my husband a two-faced snake and swearing he'd cheat on me. My husband screenshot everything and dropped it in the family group chat. Receipts, [music] timestamps, then one line. Stop harassing my wife. My parents spent my whole life training me to stay quiet. They forgot I married someone who doesn't. Now they don't get access to me at all. And my sister, she got her aisle moment.",UCrEqTAlQqEymBvtN0TvQvYA,BC04 - REDDIT,169904,5894,53,0,2026-03-06T03:21:43Z,,,,,PT2M56S,176,2d,hd,false,rectangular,True,public,youtube,True,True,False,,[],[],22,en,en,['https://en.wikipedia.org/wiki/Entertainment'],[],https://i.ytimg.com/vi/cP_dG72iMxY/default.jpg,https://i.ytimg.com/vi/cP_dG72iMxY/maxresdefault.jpg,,,,,,Nicho 3 (Histórias/Denso)
NfLz0TqKsZo,My MOM kicked me out of the HOUSE nine years ago to please my STEP DAD,"#redditdraw #redditstories #aitareddit #redditrelationship #shorts 
My mom kicked me out nine years ago to keep her new husband happy. Now that my wife was pregnant, she suddenly called and said, “It’s your obligation to name your daughter after me.” No “how are you.” No apology. Just demands, like she still had a leash on my life. The audacity was unreal.","['reddit content', 'AITA stories', 'reddit stories', 'AITA reddit', 'reddit drama', 'reddit recap', 'reddit channel']","My mom kicked me out nine years ago to keep her new husband happy. Now that my wife was pregnant, she suddenly called and said, ""It's your obligation to name your daughter after me."" No. How are you? No apology, just demands. Like she still had a leash on my life. The audacity was unreal. My dad died in a trucking accident and I was still a wreck from it. What people didn't see was the part before that. My mom cheating, barely hiding it, bringing her boyfriend around our house. My dad worked non-stop because he was saving to leave her and get us out. After my dad was gone, that boyfriend became my stepdad, and he started treating me like a leftover expense. I tried to be civil because I had nowhere else to go. I'd say hello. I'd keep my head down. Then I started hearing them argue right in front of me about how he didn't want to raise another man's kid. My mom would glance at me like I wasn't even there. I kept telling myself she wouldn't pick him over her own child. The day she proved me wrong was about money. I've been saving what I could. And she took it and handed it to him. When I confronted her, she snapped, ""You're useless."" Then added, ""I don't want to see a reminder of your father in my house. I went to bed telling myself she was just mad. The next morning, my clothes were outside and my stepdad blocked the door and said, ""You don't live here anymore."" I ended up with my grandma. She wasn't thrilled at first, but she didn't throw me away. She made me a place at her table anyway, and that mattered. Over time, she became the parent I actually had. I finished school, got through college, married my wife, and built a life far from my mom's chaos. So, when my grandma heard we were having a baby, she was excited. Apparently, she told my mom because my phone rang the next day. My mom launched straight into, ""I've always dreamed of a granddaughter named after me."" She said it like it was already decided. Tradition, she called it like my child was her trophy. I said, ""No."" I told her I wasn't naming my daughter after someone who hadn't acted like my mother in a decade. She went ice cold and said, ""Then I'm coming to your house to settle this and demand my rights."" My grandma called, shaken, because my mom had stopped by her place and was serious. My wife looked at me and whispered, ""Do you want me to handle this?"" I said, ""No, I need to."" A few hours later, her old car pulled up and she walked to my door with my stepdad behind her. She knocked like she owned the place, then snapped, ""Are you letting us in or are we doing this outside?"" My pulse was loud in my ears. I stepped aside and said, ""Come in, but it won't go the way you think."" They sat on my couch like we were family again. My mom leaned forward and said, ""Name her after me. That's what's expected."" I said, ""You threw me out."" She hissed. ""I'm your mother. You owe me respect."" I said, ""I owed you respect when you acted like one."" Then it went slow frame by frame. She lifted her chin, waiting for me to fold. Next, my stepdad smirked like I was 15 again. Then my mom said, ""Say you'll do it now."" I said, ""You stole my savings and called me useless."" After that, she snapped. You're being spiteful. I pointed at him and said, ""He blocked the door."" Louder. He muttered, ""You were never my son."" I nodded once and said, ""Good. I'm not yours."" Then I opened my front door wide and said, ""Leave."" My wife stepped in beside me and said, ""This is over."" My mom tried her old stare, then spat. You'll regret this. I didn't flinch. I just held the door until they walked out. When the latch clicked, I locked it and finally exhaled. I thought it was done, but she couldn't stand losing control. Cousins went quiet. Invite stopped. An aunt finally asked, ""Why is your mom saying you kicked her out and refused the name out of spite?"" So, I told the truth, the affair, the money, the porch full of my clothes, the 9-year silence, and the sudden entitlement. The same story every time. Because it never changed. The twist was my grandma backing me publicly. She confronted my mom, and my mom's story collapsed under one simple question. If you were such a great mother, why did he live with me? After that, my mom stopped showing up to family gatherings because the room didn't worship her anymore. My daughter arrived months later, and my house stayed peaceful. No surprise visits, no rights, just my wife, my baby, and my grandma checking in like she always did. I didn't name my daughter after my mom. I gave her a name that felt like a fresh start. And my dad's name is her middle.",UCgC92EMRrMG4Z4HeHZjwYSQ,Reddit Draw,164493,7133,44,0,2026-02-18T16:06:59Z,,,,,PT2M58S,178,2d,hd,false,rectangular,False,public,youtube,True,True,False,,[],[],22,en,en,['https://en.wikipedia.org/wiki/Entertainment'],[],https://i.ytimg.com/vi/NfLz0TqKsZo/default.jpg,https://i.ytimg.com/vi/NfLz0TqKsZo/maxresdefault.jpg,,,,,,Nicho 3 (Histórias/Denso)
9uTZj8b--qE,Eu trabalho em um restaurante e tenho um crush ENORME em um cliente.,"Essa é uma história do Reddit! 
Eai? Me diz sua opinião nos comentários! 🔬


#shorts #reddit #AITAH #historias #confession",[],"Eu trabalho em um restaurante e tenho um crush enorme em um cliente. Eu trabalho meio período como garçonete e tenho um crush enorme em um cara que vai lá com frequência tomar café da manhã ou almoçar. Geralmente nos dias em que eu estou trabalhando. Ele é bonito, super gentil e eu acho que ele é solteiro, mas não tenho certeza. Pelo que eu imagino, ele deve ter uns 25 a 27 anos. A gente já conversou algumas vezes quando o movimento estava mais tranquilo e ele comentou que se mudou pra cidade há poucos meses. Eu adoraria chamar ele para sair, mas não faço ideia de como fazer isso e fico muito nervosa perto dele. Sempre que ele aparece, minha gerente faz questão de colocar ele na minha mesa, porque ela sabe que eu gosto dele. O valor da conta dele geralmente fica entre 8 e 9, mas ele sempre paga com 20 e manda eu ficar com o troco. Eu fico pensando, será que isso significa alguma coisa? Minha gerente já disse que ele tem um carro esportivo bem caro, então talvez a gorgeta não signifique nada. Mas ela também disse que já pegou ele olhando para mim várias vezes e que ele nunca aparece quando eu não estou trabalhando. Atualização. Tenho boas notícias. Como eu disse antes, eu normalmente trabalho nas manhãs de sexta e ele sempre aparece no mesmo horário para tomar café, mas dessa vez eu estava de folga, então tive uma ideia. Resolvi ir lá no restaurante no mesmo horário que ele costuma a aparecer, mas como cliente. Sentei na área onde ele sempre fica e esperei. Uns 10 minutos depois ele entrou e me viu sentada lá sem uniforme. Ele ficou meio confuso e perguntou se eu estava de folga. Eu disse que sim. Então ele falou: ""Que pena, você é minha garçonete favorita. Naquele dia eu também arrumei o cabelo e coloquei uma roupa bonita. E ele percebeu. Ele me elogiou e disse que eu estava muito bonita. Eu fiquei totalmente sem graça. Juro, fiquei vermelha na hora. De repente ele perguntou se podia sentar comigo. Eu fiquei muito nervosa. Normalmente eu sou tímida perto dele, mas naquele momento ele me deixou super confortável e a conversa fluiu muito bem. A gente ficou conversando por um bom tempo antes da comida chegar. Foi muito divertido. Minha gerente inclusive estava atendendo a gente, o que ela nunca faz, mas ela sempre me incentivou a tomar iniciativa com ele, então ela estava super feliz. Durante a conversa, eu senti que ele estava dando vários sinais e isso me deixou mais confiante. Então eu finalmente criei coragem e perguntei se ele queria sair comigo algum dia. E ele disse que sim. A gente trocou números e desde então estamos conversando e flertando por mensagem todos os dias. Descobrimos que temos várias coisas em comum, tipo gostar de fazer trilha. Então sugeri de irmos juntos conhecer um farol antigo que fica perto daqui. Ele topou. Além disso, ele comentou que queria ir em um festival que vai ter daqui a algumas semanas e perguntou se eu iria com ele. Eu brincando, respondi: ""Você tá me chamando para um encontro?"" E ele disse: ""Sim, você quer ir comigo? Eu tô muito feliz. Não acredito como tudo isso foi mais fácil do que eu imaginava.",UCKOZ0UQsvHtulnelB0LS3wg,DiariosLab,187118,19541,99,0,2026-03-23T17:53:47Z,,,,,PT1M44S,104,2d,hd,false,rectangular,False,public,youtube,True,True,False,,[],[],22,pt-PT,pt-PT,"['https://en.wikipedia.org/wiki/Food', 'https://en.wikipedia.org/wiki/Lifestyle_(sociology)']",[],https://i.ytimg.com/vi/9uTZj8b--qE/default.jpg,https://i.ytimg.com/vi/9uTZj8b--qE/maxresdefault.jpg,,,,,,Nicho 3 (Histórias/Denso)
Gn11QsqmFR8,"The judge granted my ex everything, and I smiled. #shorts #story #reddit",,[],"The judge granted my ex everything, and I smiled. My lawyer looked at me like I'd lost my mind. My mother [music] was crying in the back row. Even the judge seemed confused by my reaction, but I just sat there grinning as my ex-husband, Victor, [music] pumped his fist in victory. He got the house. He got the business. He got both cars and the vacation property. He got the boat and the investment accounts and everything he demanded for the past 18 months of bitter litigation. I walked out of that courtroom with nothing but my clothes and my freedom. Victor caught up to me in the parking lot with that smug grin [music] plastered across his face. How does it feel to lose everything? I turned and looked at him. Really looked at him. The man I'd spent 12 years building a life with. the man who cheated on me with his secretary for three of those years. The man who told our kids I was the reason our family fell apart. Ask me again in six months, I said calmly. Then I got into my sister's car and drove away. See, Victor thought he was a brilliant businessman. He [music] thought the construction company we built together was thriving because of his leadership. He had no idea I'd been holding everything together with duct tape and prayers for the past four years. He didn't know about the lawsuit from the [music] subcontractor he'd hired without proper vetting. He didn't know about the tax problems from the creative accounting his golf buddy had been doing. He didn't know that three of our biggest clients were about to pull their contracts because of delays he'd caused by spending more time with his mistress than [music] on job sites. I knew all of it. I'd been handling the actual operations while he played CEO. When I found out about the affair, I stopped fixing his mistakes. I let the problems [music] pile up while documenting everything for my own protection. Victor wanted the company so badly, he fought tooth and nail for it. His lawyers painted me as [music] a gold digger trying to steal what he built. The judge believed him because Victor was charming, and I was the quiet wife who supposedly contributed nothing. 3 weeks after the divorce was [music] finalized, the subcontractor lawsuit went to trial. Victor lost. The judgment was $400,000. He called me screaming, asking why I hadn't warned him. I told him I wasn't his employee anymore. 2 months later, the IRS sent their audit notice. Victor's golf buddy had been skimming money and hiding it poorly. The back taxes and penalties totaled over 600,000. Victor called me again, this time crying. I let it go to voicemail. The house he fought so [music] hard to keep started falling apart that winter. The foundation issues I'd been begging him to address for years finally cracked wide open. The repair estimate was [music] $200,000. He couldn't sell it without fixing it first, and he couldn't afford to fix it. The vacation property had similar problems. The boat needed an engine replacement that cost more than the boat was worth. The investment accounts had been gutted by fees from a financial adviser Victor insisted on using despite my objections. One by one, every single asset he'd won turned into a liability. Every victory became an anchor dragging him deeper underwater. Meanwhile, I was living in a small apartment working as an office manager for a company that actually appreciated me. I wasn't rich, but I wasn't drowning either. I slept [music] peacefully for the first time in years. 6 months after the divorce, Victor declared bankruptcy. He lost everything anyway. The house went to the bank. The company was dissolved. The cars were [music] repossessed. He moved into his mother's basement at 47 years old. His mistress left him the moment the money disappeared. [music] Our kids, who were 18 and 20 by then, finally learned the truth about why I'd seemed so calm during the divorce. They'd been angry at me for not fighting harder. Now they understood I'd been fighting the smartest war possible. My daughter called me the day after Victor's bankruptcy was announced. ""Mom, did you know this would happen?"" ""I thought about lying. I thought about pretending it was all coincidence, but I was done pretending. I knew everything,"" I said quietly. I let him win because winning was the worst thing that could happen [music] to him. She was silent for a long moment. ""That's kind of terrifying. Your father spent 3 years lying to my face while I built his business and raised his children. He deserved every [music] single consequence. Last month, Victor reached out asking if I could help him get back on his feet. He said he finally understood what I'd contributed to our partnership."" He said he was sorry. I read [music] his message three times. Then, I smiled and deleted it without responding. Some people thought I was cruel for letting him walk into disaster, [music] but I didn't create those problems. I just stopped cleaning up his messes.",UCnyWa2uMjAywHOKd76wBV6Q,Reddit-rina,161622,3788,13,0,2026-03-08T00:00:31Z,,,,,PT3M,180,2d,hd,false,rectangular,False,public,youtube,True,True,False,,[],[],24,en-US,en-US,"['https://en.wikipedia.org/wiki/Hobby', 'https://en.wikipedia.org/wiki/Lifestyle_(sociology)']",[],https://i.ytimg.com/vi/Gn11QsqmFR8/default.jpg,https://i.ytimg.com/vi/Gn11QsqmFR8/maxresdefault.jpg,,,,,,Nicho 3 (Histórias/Denso)
zjqwMCHNvug,My Sister Stole My Late Wife’s Wedding Ring and Gave It to Her Daughter...#reddit #redditstories,"#emotionalreddit #redditstories  #aitareddit   #redditrelationship  #shorts 
My sister stole my late wife’s wedding ring and put it on her 17-year-old daughter’s finger like it was party jewelry. I found out at the engagement party, in front of everyone. A few hours later, I tracked it down at a jeweler and took it back. That’s when my family decided I was the problem.","['emotional story', 'reddit story', 'stories', 'aita reddit', 'shorts', 'reddit stories']","My sister stole my late wife's wedding ring and put it on her one seven-year old daughter's finger like it was party jewelry. I found out at the engagement party in front of everyone. A few hours later, I tracked it down at a jeweler and took it back. That's when my family decided I was the problem. My wife died 4 years ago. Cancer didn't negotiate. After the funeral, I put her ring in a small wooden box on my dresser. Not because it was expensive, because it was hers. I lived alone, so the box felt safe. A couple weeks ago, I dusted the dresser and noticed the box was open. The ring was gone. I tore the house apart anyway. Drawers, couch cushions, laundry, even the freezer. 2 hours later, I had one ugly thought. The only people who'd been in my house were my sister and her daughter. I didn't accuse them right away. I wanted to be wrong. I wanted the ring to magically show up so I wouldn't have to say it out loud. Then came my niece's engagement party, backyard chairs, plastic tablecloths. Everybody acting like a 17year-old. Getting married was adorable. I stayed near the food trying to disappear and then I saw her hand. Slow motion. She lifted her fingers to show her friends. The diamond flashed once. My stomach dropped. I walked forward without deciding to. I went straight to my sister. Why is she wearing my wife's ring? She blinked like I'd asked about the weather. She saw it at your place and loved it. I figured you wouldn't mind. You weren't using it. I stared. You stole it from my house. She rolled her eyes. Calm down. It's just a ring. Don't say that. I snapped. That's my wife. My sister crossed her arms. You're still hung up on the past. Let her have something nice. I didn't raise my voice. I didn't have to. You have one week to get it back or I call the cops. She hissed. You wouldn't dare. I walked out while people whispered. 2 days later, my mom invited me to clear the air at a family dinner. Translation: a group ambush with casserole. My sister came in hot. Do you realize she's been crying for days? You're threatening police over a ring. I said, she's crying over something she stole. Dad sighed from behind his newspaper. You're really making this a legal thing? Yes, I said I am. The next morning, my niece showed up at my door. Messy hair, puffy eyes. She whispered, ""I don't have it anymore. My fianceé has it."" I didn't let her finish. Where? At his house. Please don't. Don't. What? I grabbed my keys. Go get my wife's ring. I drove over, knocked hard, and her fianceé opened the door, trying to act casual. I didn't play along. Where's the ring? He frowned. The engagement ring. She told me it was a family heirloom. It is, I said. My wife's. She's dead. His face went white. I didn't know. Now you do, I said. Where is it? He swallowed. At a jeweler. We dropped it off yesterday to resize. I went downtown and walked into the shop. The man behind the counter asked for a receipt. I don't have one, I said. Because it was stolen from my house. It's my late wife's ring. Bring it out or we call the police. He disappeared into the back and came out with a tray. There it was. Simple gold, small diamond. Everything I'd been missing. That's it, I said, and I took it. Build them for the resizing. Then I left. I got home, locked the door, and put the ring back in its box. Then I hid it high in my closet because apparently family meant my grief was public property. An hour later, they showed up on my lawn. My sister was yelling. My niece was sobbing. My parents stood there like referees. ""You had no right to take it back,"" my sister shouted. I said, ""You had no right to take it. Period."" Mom tried the soft voice. Can't you just let it go for the sake of the family? It's not jewelry, I said. It's my wife, my niece cried. You're not even married anymore. It's just a ring. I looked her dead in the face. You don't get to erase my marriage because you want something shiny. Her fianceé tried to bargain. I cut him off. Get off my property. I raised my phone. Next time you'll hear from me through the police. They finally left. My sister spitting. You destroyed this family. Maybe I did. Or maybe she did when she opened my dresser like it was hers. I bought a small safe and bolted it to the floor in my closet. I locked the ring inside and set the combo to something no one would guess. I visited my wife's grave once just to say I kept it safe. My family stayed angry. The ring stayed mine.",UCkkq81wYhUcXx00Wi3_fnzg,Emotional Reddit,167851,6083,189,0,2026-03-06T03:21:08Z,,,,,PT2M57S,177,2d,hd,false,rectangular,False,public,youtube,True,True,False,,[],[],22,en,en,[],[],https://i.ytimg.com/vi/zjqwMCHNvug/default.jpg,https://i.ytimg.com/vi/zjqwMCHNvug/maxresdefault.jpg,,,,,,Nicho 3 (Histórias/Denso)
E_priWm8_sE,AITA for going nuclear on my sister’s “little prank” and ruining her... #aitareddit #reddit,"#reddit #redditstories #storytime #askreddit #redditstories #aitareddit #shortstory #familydrama 
My sister projected my worst photos onto a restaurant wall at her engagement dinner and called it a “gift.” I ruined the night with one sentence, and she tried to mess with my job for it.","['reddit drama', 'AITA reddit', 'reddit animation', 'reddit recap', 'AITA stories', 'reddit stories', 'story time', 'toxic family', 'family drama']","My sister projected my worst photos onto a restaurant wall at her engagement dinner and called it a gift. I ruined the night with one sentence and she tried to mess with my job for it. I'm 29F. I work in HR. I collect thrift store ceramic cats and keep to myself. My little sister Tessa, 26F, is loud, pretty, and Tik Tok famous. Her fianceé, Grant, has good vibes only energy and crypto bro confidence. Tessa picked a fancy New York restaurant for her engagement dinner. I almost skipped it, but my mom guilted me into showing up. Looking back, I should have stayed home. Mid meal, Tessa stood up like she was accepting an award. Before dessert, I have a surprise for my big sis. It's a gift. Grant opened his laptop. A projector clicked on. Slide one. Me in middle school. Braces, frizzy hair. Caption, OG cringe queen. Slide two, a video of me drunkenly trying the worm at my birthday. Caption, she's single, fellas. Slide three, an old dating bio from a dark time. Way too personal to be public. The table laughed. My face burned. I kept wondering if my mom would shut it down. She stared at her water glass like it might save her. Tessa spread her arms. It's all love. I just wanted everyone to see how quirky my sister is. Then everything went slow. First, I stood up and my chair screamed on tile. Next, the projector fan hummed like it was cheering. Then Grant's grin froze in place. After that, I said, ""You want a real surprise, Tessa?"" Next, I looked at Grant and didn't blink. Then I said, ""He's still texting his ex."" After that, I added, ""Want me to put that on a PowerPoint?"" Silence. Tessa went pale. Weeks earlier, I'd crashed at her place and her iPad was open on the couch. Grant's flirty messages popped up like they owned the screen. I screenshot them and stayed quiet because it wasn't my relationship. This was the moment I realized Tessa didn't want family. She wanted an audience. I walked out while people yelled. The next day, my phone filled with, ""You should have handled it privately."" Funny how nobody said that to her. 2 days later, my mom showed up at my apartment with a Panera bag. ""You humiliated her,"" she said. I asked, ""Did you tell her that when she put my private stuff on a wall?"" She blinked. No answer. I told her to leave. She took the muffins. Tessa texted me. ""I don't care what he did. Your life is a joke. Enjoy your cats."" I couldn't tell if she loved him or just hated losing. I sent a cat gift. She blocked me. A week later, my boss pulled me in. Someone filed an anonymous values complaint about me harassing a family member and disclosing private messages. In my HR job, my stomach dropped. My friend Nenah in it checked the trail. The complaint wasn't anonymous. Tessa's name was baked into the file metadata. She really tried to hit my paycheck because her prank backfired. That was the moment I realized she'd rather burn me than admit Grant was trash. So, I posted everything online under a burner. The PowerPoint, the texts, the ambushes, it blew up. Tessa went online sobbing about betrayal. I responded once with blurred receipts and date stamps. Then, one of Grant's other women commented with her own messages. Tessa deleted everything and went private. HR cleared me. My family still acted like I was the one who made it public. They pushed a healing reunion at an upstate cabin. No Wi-Fi, just forced bonding. Tessa brought Grant like they were doing a comeback tour. At the fire pit, my aunt said, ""See, love wins."" Grant started strumming a ukulele. I snapped. Is that before or after the gaslighting? I said. Tessa screamed that I was jealous. Grant tried to talk about growth. Nope, I said. Sit down. Tessa cried. Real tears. I made a stupid joke and you blew up my life. I said, you blew up your own life. I just stopped cleaning up the mess. 2 weeks later, I ran into Grant in a crystal shop downtown. He told me Tessa moved out, then shrugged. This was always going to happen, he said. You just sped it up. I bought the ugliest cracked stone on the shelf because it still sparkled a little. Felt fitting. I haven't spoken to Tessa since. Maybe we fix it someday. Maybe we don't. But I'm done being the punch line. And next time someone calls me quirky, they better be ready for a PowerPoint.",UCrEqTAlQqEymBvtN0TvQvYA,BC04 - REDDIT,149638,5414,20,0,2026-03-21T00:01:19Z,,,,,PT2M52S,172,2d,hd,false,rectangular,True,public,youtube,True,True,False,,[],[],22,en,en,['https://en.wikipedia.org/wiki/Entertainment'],[],https://i.ytimg.com/vi/E_priWm8_sE/default.jpg,https://i.ytimg.com/vi/E_priWm8_sE/maxresdefault.jpg,,,,,,Nicho 3 (Histórias/Denso)
u0Hv0aFssWg,"Mis padres ofrecieron mis servicios médicos GRATIS a familiares, así que les dí DIAGNÓSTICOS TRAUMAT","📖 Historias impactantes inspiradas en Reddit, contadas de forma intensa y envolvente.

Algunos detalles como nombres, edades o situaciones pueden ser modificados para mejorar la narrativa.
 
⚠️ Este contenido se publica únicamente con fines de entretenimiento.

👀 Si llegaste hasta aquí, ya eres parte de la comunidad.

👉Suscríbete ahora y activa la campanita para no perderte la próxima.

💬 Déjame en comentarios qué harías tú en esta situación, quiero leerte en la próxima historia.

#historiasdereddit #historiasreales #reddit #redditespañol #shorts #youtubeshorts",[],"Mis padres seguían ofreciendo mis servicios médicos gratis a familiares, así que les diagnósticos que traumatizaron a toda la familia. Tengo 23 años y estoy en mi segundo año de la escuela de asistente médico. No soy doctora, pero estoy entrenada para diagnosticar, resetar y asistir en cirugías bajo supervisión. Tres noches a la semana trabajo en urgencias durante mis rotaciones. Mis padres decidieron que eso me convertía en el servicio de salud gratuito de la familia. Al principio ayudé el zarpullido de la tía Susan, el lunar del primo Derek, el dolor de pecho del tío Dave. Familia, ayuda a familia. Pero la situación fue escalando de una forma que no anticipé. Primero mi mamá empezó a dar mi número a gente que yo apenas conocía. Recibía mensajes a las 11 de la noche con fotos de ronchas y preguntas sobre interacciones de medicamentos. Le expliqué que no puedo diagnosticar sin exámenes. Que hacerlo podría costarme la licencia antes de tenerla. Ella me dijo que estaba siendo difícil. Te toma 2 segundos responder. Después empezó a prometer mi tiempo sin avisarme. Llegaba a las cenas familiares y encontraba a alguien esperándome con una lista de síntomas escrita a mano. Le dije directo, ""Necesitas preguntarme antes de ofrecerme. Tengo la escuela, las rotaciones, pacientes reales."" Ella se puso a la defensiva. ""Pagas 800 al mes de renta. Es la mitad del precio de mercado. No seas egoísta."" El tercer episodio fue el que me hizo decidir. El mes pasado me ofreció como voluntaria para hacer revisiones de medicamentos para 12 personas mayores de su iglesia. 4 horas un domingo. Me enteré la noche anterior por un mensaje de texto. Mañana a las 2. No llegues tarde. Le respondí que tenía un examen de farmacología que valía el 30% de mi calificación. Su respuesta fue, ""Estas personas cuentan contigo."" Ahí dejé de discutir. El día de acción de gracias fue en nuestra casa, 30 personas. El día anterior mamá me recordó con toda la naturalidad del mundo. La tía Susan quiere que vea su tobillo. El tío Dave tiene preguntas sobre sus medicamentos. Sonreí. Claro, mamá. La cena fue ruidosa, los platos llenos, todo el mundo relajado. Esperé al momento exacto, justo antes del postre, cuando nadie tiene prisa por irse. Me puse de pie. Algunas personas pidieron opiniones médicas. Voy a aprovechar que estamos todos. Saqué el teléfono como si tuviera notas. Tía Susan, la sed constante que mencionaste junto con esa herida en el pie que no ha cerrado en tres semanas pueden ser señales claras de diabetes tipo 2 no diagnosticada. Necesitas un panel de glucosa esta semana, tío Dave. Roncar así todas las noches con esos episodios donde dejas de respirar es apnea del sueño severa. Sin tratamiento, el riesgo cardíaco se duplica en 5 años. Nadie habló. Papá, la presión que marcaste en la farmacia del mes pasado, 158 sobre 100, sostenida así, puede estar causando daño renal silencioso. Eso no se ignora. Mamá, ese nódulo en el cuello que dices que llevas años sin revisar, si ha crecido, necesitas una ecografía cuanto antes. Los tenedores quedaron suspendidos en el aire. Prima Karen, llevas meses con fatiga extrema y moretones que aparecen solos. Eso puede indicar a Anemia severa o algo más serio en la sangre. Abuela, el temblor leve en la mano derecha que has estado escondiendo debajo de la mesa desde que llegué. El Parkinson temprano empieza exactamente así. Silencio total. Mi mamá me agarró la muñeca por debajo de la mesa. ¿Qué te pasa? ¿Estás asustando a todos? La miré. Estoy haciendo lo que me pediste. La tía Susan estaba temblando. El tío Dave ya tenía el teléfono en la mano. Mi papá se tocó el cuello despacio como si acabara de descubrir que estaba ahí. Le acabas de decir a tu padre que tiene daño en los riñones. Siseo mamá. No tengo idea si tiene daño renal. Nunca lo he examinado bien. Tomé mi tenedor. Por eso la medicina no se practica en la cena de día de acción de gracias. Mi papá habló en voz baja. Entonces me lo inventaste. Los síntomas son reales. Los diagnósticos son posibilidades. Esa incertidumbre es exactamente la razón por la que se va con un médico. En privado, con tiempo. Me senté y corté un pedazo de pastel. Se fueron temprano. Callados. Dos días después, mi mamá entró a mi cuarto. No puedes volver a hacer eso. Entonces, pregúntame primero. Me miró un momento. ¿Y si tengo que decirles que no? Eso es exactamente lo que tienes que decirles. No volvió a ofrecerme. Nunca más llegué a una cena con alguien esperándome con una lista. Yeah.",UCeoaydffQmwi5_lbmj3GO6A,El Tipo de Reddit,165669,12336,39,0,2026-03-30T16:00:00Z,,,,,PT2M58S,178,2d,hd,false,rectangular,True,public,youtube,True,True,False,,[],[],24,es,es,['https://en.wikipedia.org/wiki/Lifestyle_(sociology)'],[],https://i.ytimg.com/vi/u0Hv0aFssWg/default.jpg,https://i.ytimg.com/vi/u0Hv0aFssWg/maxresdefault.jpg,,,,,,Nicho 3 (Histórias/Denso)
OG8b709X5U0,Minha irmã sempre se gabava de estar cursando medicina e dizendo que meu emprego era um fracasso.,"Minha irmã sempre se gabava de estar cursando medicina e dizendo que meu emprego era um fracasso.


as melhores histórias do Reddit, espero que gostem :3


#viral #historia #shorts #reddit","['reddit', 'mikasa', 'histórias', 'histórias do Reddit', 'viral', 'eu sou o babaca?']","Minha irmã sempre se gabava de estar cursando medicina e dizendo que meu emprego era um fracasso. Minha irmã, a Letícia sempre foi a estrela da família. Há três anos, ela anunciou com pompa e circunstância que havia sido aprovada em uma faculdade particular de medicina em outra cidade. Meus pais, que são pessoas simples e trabalhadoras, choraram de emoção. Eles venderam um terreno que guardavam para a aposentadoria e apertaram os cintos ao máximo para conseguir pagar as mensalidades astronômicas, os livros e o custo de vida dela fora de casa. Enquanto isso, eu decidi seguir um caminho diferente. Logo após o ensino médio, comecei a trabalhar como designer gráfico freelancer e pouco tempo depois abri minha própria pequena agência de marketing digital. Eu trabalho muito, muitas vezes atravessando madrugadas e meu progresso foi gradual. No entanto, para a Letícia, o meu esforço era motivo de piada. Toda vez que ela voltava para casa nos feriados, ela fazia questão de me humilhar na frente de todos. Ela me chamava de O fracassado dos cliques e dizia que enquanto eu perdia tempo fazendo logotipos, ela estava salvando vidas e aprendendo anatomia. Ela desdenhava do meu salário, dizia que meu escritório era um puxadinho de luxo e vivia repetindo que em alguns anos ela seria a única pessoa com prestígio naquela família, enquanto eu seria apenas o irmão que mexe no computador. O comportamento dela era insuportável. Ela exigia ser servida, não lavava um prato e tratava nossos pais como se fossem seus súditos, justificando que o estresse da medicina a exauria. Meus pais, cegos pelo orgulho de ter uma futura médica na família, aceitavam tudo, mas algo começou a me cheirar mal. A Letícia nunca postava fotos estudando, apenas em festas universitárias luxuosas. E toda vez que eu tentava conversar sobre termos técnicos básicos de biologia, que eu conhecia por curiosidade, ela desconversava ou ficava agressiva, dizendo que eu não tinha intelecto para entender a complexidade do curso. A casa caiu no mês passado. Meus pais precisavam de um comprovante de matrícula atualizado para renovar um benefício fiscal. E a Letícia, por semanas, deu desculpas de que o sistema da faculdade estava fora do ar. Como eu estava de viagem marcada para a cidade dela a trabalho, meu pai me pediu para passar na secretaria da universidade e pegar o documento pessoalmente. Quando cheguei lá, dei o nome completo dela e o CPF. A secretária franziu o senho, digitou várias vezes e me deu a notícia que paralisou meu coração. A Letícia nunca esteve matriculada no curso de medicina. Ela havia feito a inscrição três anos atrás, mas nunca pagou a primeira matrícula e, portanto, nunca assistiu a uma única aula. Eu fiquei em choque. Se ela não estava na faculdade, para onde estava indo o dinheiro mensal que meus pais enviavam com tanto sacrifício? Comecei uma investigação por conta própria naquela tarde. Fui até o prédio onde ela morava e conversei com alguns vizinhos e conhecidos que apareciam nas redes sociais dela. O plote foi pior do que eu imaginava. A Letícia era conhecida na cidade como a rainha das baladas. Ela usava os quase R$ 10.000 que recebia por mês para manter um estilo de vida de social light, pagando camarotes, bebidas caras para amigos e comprando roupas de grife. Ela vivia uma vida de mentiras, postando fotos em bibliotecas públicas como se fossem da faculdade dela, apenas para manter a farça no WhatsApp da família. Voltei para casa e esperei o jantar de domingo, onde ela estava novamente me diminuindo por eu ter comprado um carro popular enquanto ela merecia uma BMW. Eu não disse nada, apenas coloquei sobre a mesa o relatório oficial da faculdade e os prints dos gastos que descobri. O silêncio que se seguiu foi devastador. Meus pais empaledeceram. A Letícia tentou gritar, tentou dizer que era um erro do sistema, mas quando percebeu que eu tinha provas de que ela nem sequer tinha carteirinha de estudante, ela desabou. Ela não sentia remorço pelos pais estarem passando necessidade. Ela sentia raiva por ter sido descoberta. O desfecho foi implacável. Meus pais cortaram todo o sustento e exigiram que ela voltasse para casa para trabalhar e pagar cada centavo de volta. Mas ela, orgulhosa demais, fugiu paraa casa de um dos amigos da balada, que a expulsou dois dias depois, quando percebeu que ela não tinha mais dinheiro. Hoje, o fracassado aqui é quem está ajudando os pais a recuperarem a estabilidade financeira, enquanto a doutora está trabalhando como promotora de eventos em festas de rua para conseguir pagar o aluguel de um quarto de pensão. Aprendi que o prestígio sem base é como um castelo de areia. Pode parecer grande, mas basta uma onda de verdade para que ele desapareça, deixando apenas o rastro do caráter de quem o construiu.",UCNTXZI2pI7KhP-QvL0J29Bw,Mikasa ,140463,14348,51,0,2026-03-13T21:54:29Z,,,,,PT2M59S,179,2d,hd,false,rectangular,False,public,youtube,True,True,False,,[],[],24,pt-PT,pt-PT,['https://en.wikipedia.org/wiki/Lifestyle_(sociology)'],[],https://i.ytimg.com/vi/OG8b709X5U0/default.jpg,https://i.ytimg.com/vi/OG8b709X5U0/maxresdefault.jpg,,,,,,Nicho 3 (Histórias/Denso)
05ktN1c8d8E,I Made My Dad A Gift By Hand. Next Morning I Found It In The Trash #reddit #aitareddit #redditstory,"#emotionalreddit #redditstories  #aitareddit   #redditrelationship  #shorts 
I spent three months hand-carving my dad a chess set for his sixtieth birthday. The next morning, I found it in the trash, still wrapped, while my brother’s store-bought watch was already on his wrist. That was the day I stopped trying to earn my father’s love. A few months later, I took back the one thing my family had no right to erase.","['emotional story', 'reddit story', 'stories', 'aita reddit', 'shorts', 'reddit stories']","I spent three months handcarving my dad a chest set for his 60th birthday. The next morning, I found it in the trash, still wrapped, while my brother's storebought watch was already on his wrist. That was the day I stopped trying to earn my father's love. A few months later, I took back the one thing my family had no right to erase. I'm Michael, 32, the quiet son in a family that respected loud men and practical work. My dad ran a contracting business. My older brother worked beside him and got treated like the heir. I carved wood. My grandfather taught me when I was 12. My dad never cared. My brother could bring home a random trophy and dad would show it off. I could win a ribbon for a handcarved piece and get That's nice, bud. Every holiday, I still brought him something I made. Later, I'd find it shoved in a drawer or dumped in the garage. So, for his 60th, I went all in. I made a full chest set by hand. The king was my grandfather. The pawns were carved tools. I built the board from walnut and maple, lined the case in velvet, and added a brass plate. To [music] dad, 60 years of building things that last. Love, Michael. At the party, my brother gave dad a watch. Dad lit up instantly. Then he opened my gift. He looked at the set, picked up one piece, put it back down. Huh, that's something. Then he closed the lid and asked who wanted another beer. The next morning, I drove back because I'd left my jacket on a chair. I saw the trash cans at the curb. Then I saw my wrapping paper. I got out. I walked closer. I reached into the bin. There it was, still wrapped. The twine was still tied. He hadn't opened it again. He had thrown it away with the paper plates. I just stood there holding three months of my life over a garbage can. Then I looked up through the kitchen window. My dad was drinking coffee, wearing my brother's watch. I put the chest set in my truck and drove away. I didn't go inside. I just stopped coming back. Nobody really noticed. My mom sent texts. My brother called once and barely pressed. My dad never reached out at all. You can't miss what you never really saw. About 6 weeks later, I was cleaning out my grandfather's old cabin. The one place that had ever felt like home. In a lock box, I found a signed draft of his will. in it. The cabin and 5 acres were supposed to go directly to me. There was even a note saying I was the only one who loved the place the way he did. In the final will, that part was gone. I took the papers to an estate lawyer. He found notes showing my mom had called and asked to simplify the will. A family friend confirmed grandpa had talked for years about leaving the cabin to me, so I filed. While that was moving, my life finally did, too. My carved set started selling for real money. Then a big blogger posted one, and everything blew up. Around the same time, I met a veterinarian near the cabin. She watched me carve and said, ""You disappear into it. It's beautiful."" Then the legal notice hit home, and suddenly my family remembered I existed. My brother asked if I was really going to tear the family apart over a cabin. That almost made me laugh. The family had been tearing me apart quietly for years. A few days before court, my dad finally came to see me. He stood in my living room still wearing that damn watch and told me I was making too much out of the cabin. So, I told him about the chest set, about the trash can, about finding it beside dirty paper plates while he sat inside wearing my brother's gift like proof of who mattered. For once, he had no comeback. I didn't know. He said it had a brass plate that said to dad, I told him that shut him up. Then I said, ""You spent my whole life telling me I didn't matter in a thousand small ways. And when I stopped [music] showing up, you didn't even notice for months."" Then he said, ""I don't know how to fix this."" I said, ""You probably can't, but the cabin is going to me. Grandpa wanted that, and I'm done asking this family for permission to matter."" In court, the signed draft, the lawyer's [music] notes, and the witness statement were enough. The judge gave me the cabin and the land. My dad didn't come. A week later, I got a package with no return address. Inside was an old photo of me at 12 at my grandfather's bench, holding a carved bird and grinning. On the back, in my dad's handwriting, were six words. I should have paid more attention. I keep that photo at the cabin now. The cabin is restored. My business is thriving. The woman who saw me clearly is now my fianceé, and the chest set my father threw away sits by the workshop window. I don't keep it there to remember what he did.",UCkkq81wYhUcXx00Wi3_fnzg,Emotional Reddit,146713,5763,35,0,2026-03-12T00:00:03Z,,,,,PT2M58S,178,2d,hd,false,rectangular,False,public,youtube,True,True,False,,[],[],22,en,en,['https://en.wikipedia.org/wiki/Entertainment'],[],https://i.ytimg.com/vi/05ktN1c8d8E/default.jpg,https://i.ytimg.com/vi/05ktN1c8d8E/maxresdefault.jpg,,,,,,Nicho 3 (Histórias/Denso)
PtzVeYjSDeE,"At Breakfast, My Dad Said, We've Booked A Trip To Italy. Just The Six Of Us...#aitareddit #reddit","#redditstories  #aitareddit   #redditrelationship  #shorts #aita #redditshorts #redditstorytime 
My dad looked up from breakfast and said, “We booked Italy. Just the six of us. You understand, right?”
I nodded. “Yeah. Of course.”
By the next morning, they were stuck in Terminal 3 with nothing prepaid working. That was the first time I’d breathed in years.","['reddit', 'story', 'stories', 'reddittime']","My dad looked up from breakfast and said, ""We booked Italy, just the six of us. You understand, right?"" I nodded. ""Yeah, of course."" By the next morning, they were stuck in terminal 3 with nothing prepaid working. That was the first time I'd [music] breathed in years. They'd been whispering about a summer surprise for weeks. I just didn't think the surprise was me getting deleted. My mom rambled about Florence. My sister smiled like she'd won something. Nobody asked if I wanted to come, and nobody looked guilty enough to pretend. Looking back, the tone is what stung. Not anger, not conflict, just a [music] clean little exclusion. Delivered like a flight update. I'd been the quiet fixer for a long time. When my dad got laid off, I covered part of the house down payment. When my sister torched her credit, I floated bills to keep collectors off her. I'm a wounded vet with a prosthetic, and somehow I still became the family's financial crutch. Reliable, [music] useful, never central. That night, my phone buzzed once on the table. Bank alert, $9,200. Rome, Venice, Florence, hotels, tours, meals on my card. I didn't even feel surprised. I kept wondering if I was supposed to smile and call it family. Then everything went slow. I opened my banking app. I hit freeze card. The button turned gray. Next, I tapped dispute on the first charge, then the second, then [music] the rest. The kettle clicked off behind me. 5 minutes later, the bank flagged it all as fraud. I set my phone face down, made [music] tea, and watched an old movie until I fell asleep. No guilt, just quiet. The next morning, my mom texted from the airport. ""Why did our boarding pass vanish?"" I replied, ""I'm not on the trip."" A cousin later told me they spent two nights in Terminal 3, sleeping upright, charging phones off wall outlets, blaming the airline. I couldn't tell if they were mad about the missing hotels, or the fact I'd finally stopped being automatic. Italy wasn't the first time they treated me like infrastructure. It was just the most expensive. The last straw had actually been Christmas when my mom gave my seat to a family friend and said, ""You'll be fine in the kitchen."" I'd driven 6 hours. No plate, no apology. That night, I canceled the mortgage help I'd set up on autopay. They acted confused that generosity could have an off switch. So, after Italy, I didn't argue. I dismantled the phone plan. Five lines under my name. I transferred control with a deadline. No one responded. Lines terminated. Passwords. I reset my password manager. Every shared login vanished. Their house systems, the smart locks, cameras, Wi-Fi licenses I paid for, [music] suspended, manual keys, black screens. Then I withdrew as mortgage co-signer. Stopped covering the little bills and shut down the business tools running under my LLC. The family chat exploded. [music] My sister, I can't log into anything. My mom, did you change something? My dad, fix it. I said nothing. Surgical quiet. [music] When silence didn't break me, they went public. Facebook posts about how I'd changed hints that I was not well after my accident. That's when I realized they didn't miss me. They [music] missed access. So, I brought receipts. I exported 3 years of transactions and dropped them into a folder called family ledger. Statements, [music] screenshots, voicemails, plain file names, no commentary. I shared it with a few relatives and one family friend who kept cheering my mom online. The reaction was instant. Posts [music] got deleted. Comments got turned off. Nobody accused me of lying. Not once. 3 months ago, they showed up at my place like a cheap intervention. My partner Maya opened the door and asked with her eyes if I wanted them inside. I stayed in [music] the doorway. My mom started, ""We want to make it right."" My sister added, ""We miss you."" I said, ""You don't miss me. You miss what I gave you."" Mileing Nishno did. My dad tried. Let's heal. I cut him off. This isn't a debate. [music] It's a verdict. My mom whispered, ""What are we supposed to do now?"" I said, ""Rebuild or don't, just not on my back. Then I went inside. No slam. No second speech."" [music] They stood on my porch for a few minutes. I never went back out. Looking back, Italy didn't change me. It just made the pattern impossible to unsee. They didn't lose a card. They lost the version of me that stayed useful.",UCZZA4YFnJ0FsD0QpqRBLmeQ,REDDIT HAN,133566,3856,16,0,2026-03-23T17:01:27Z,,,,,PT2M55S,175,2d,hd,false,rectangular,True,public,youtube,True,True,False,,[],[],22,en,en,['https://en.wikipedia.org/wiki/Entertainment'],[],https://i.ytimg.com/vi/PtzVeYjSDeE/default.jpg,https://i.ytimg.com/vi/PtzVeYjSDeE/maxresdefault.jpg,,,,,,Nicho 3 (Histórias/Denso)
qcjjKHJmCjo,Why Are You Even Here My Sister Said Sharply As I Walked Into The Kitchen...#aitareddit #games,"#redditstories  #aitareddit   #redditrelationship  #shorts #aita #redditshorts #redditstorytime 
“Why are you even here?” my sister Tara snapped the second I stepped into my parents’ kitchen. I was holding a pecan pie I’d baked for them, still warm through the tin. I just smiled, turned around, and walked out. Thirty minutes later, her grocery order was canceled and every card on the apps started declining.","['reddit', 'story', 'stories', 'reddittime']","""Why are you even here?"" My sister Tara snapped the second I stepped into my parents' kitchen. I was holding a pecan pie I'd baked for them, still warm through the tin. I just smiled, turned around, and walked out. 30 minutes later, her grocery order was canceled and every card on the app started declining. She hadn't even looked up from her foamy cappuccino. Mom [music] did that faint laugh from the couch. I could smell the espresso and feel the pie heat on my palms. My phone lit up. Grocery order got canceled. Netflix says the password is wrong. Uber Eats keeps declining the card. I kept wondering how they could say not your year and still text me for help. Yeah, because I pulled the plug. For years, my family lived on my accounts like it was normal. Streaming, Prime, food delivery, even movie rentals tied to my Apple ID. I was their quiet safety net and they treated [music] me like a free help desk. Looking back, the pattern was embarrassing. Tara would panic cry over some mess and I'd fix it before she finished the sentence. Last fall, she lost $3,000 on a shady crypto thing, so I paid her card. When dad's laptop died during tax season, I overnighted a new one. So, when Tara hit me with ""Didn't you get the vibe this wasn't your year?"" something in me went cold. That was the moment I understood I wasn't family to them. I was infrastructure. I went home and started unhooking everything. Card removed, passwords [music] changed, devices logged out. It felt less like revenge and more like finally locking my own front door. Then the group chat exploded. Wait, you canceled everything? This is so petty. This is why people don't like you. The next day my cousin Nate texted, ""Your mom says you came over uninvited and caused a scene."" By lunchtime, other relatives were asking if I was okay because apparently I'd been unstable lately. They were rewriting me into the villain in real time. So, I sent one message to the extended family chat. I brought a homemade pie. Tara mocked me. I left without a word. Then I canceled the services I've been paying for the last 6 years. Decide what that says about me. Nate called right after. My cousin Maya texted, ""Wait, you paid for all that?"" At a Sunday lunch I wasn't invited to. Tara told everyone, ""We took him in when nobody wanted him."" I'm their biological son. The room went silent. This was the moment I realized they'd been selling that version of me. Tara called me that night, furious. ""Why would you embarrass us like this?"" I said, ""What did I say that was a lie?"" She dodged it and went for my throat. ""You just like having power over us."" I couldn't tell if she believed that or if it was just a weapon. Either way, it stung. Mom tried the soft voice. ""You shouldn't air private matters."" I said, ""Then why did you tell everyone I was high?"" That's when I dropped receipts, transfers, subscription [music] charges, years of quiet support. No commentary, just proof. They stopped replying, then quietly left the chat. Four days later, the lies escalated again. ""You threatened Tara. You showed up high. You're unstable."" They weren't just mad, [music] they were trying to bury me. And then the real punch came. A lawyer called about a $10,000 loan. Then he said my name was on it. Next, he said my signature matched. My stomach dropped to my shoes. After that, I opened the email document. Then I saw my name, perfectly copied. Again, I scrolled hoping it would [music] change. It didn't change, not even a little. Tara had taken the loan in my name. I forwarded everything to my lawyer and blocked them all. Numbers, emails, accounts, new phone, new logins. The last shared card got shut down. She still tried to control the narrative. A private Facebook group about narcissistic abuse starring herself [music] as the victim. My mom commented, ""We always knew something was wrong with him."" I wasn't shocked, I was just tired. Then Tara's ex, Ryan, messaged [music] me. He sent screenshots of Tara and my mom planning to call my anxiety an episode if I pushed back. He even had audio of my mom laughing. ""If he ever turns on us, we bury him."" That sentence was ice. After that, I filed for loan fraud, defamation, and started a restraining order. Tara settled fast. No apology, just paperwork. Dad mailed a letter, ""You're no longer one of us."" Two weeks later, he left a blocked voicemail saying I owed them more and I deleted it. I spent my birthday alone on purpose. A long hike, greasy pizza, one bottle of wine I actually liked, and my phone not buzzing with fake emergencies. I'm not their son anymore. I'm not their wallet. I'm not their scapegoat. I'm just gone. And the silence felt earned.",UCZZA4YFnJ0FsD0QpqRBLmeQ,REDDIT HAN,139473,4599,32,0,2026-03-24T11:05:01Z,,,,,PT2M58S,178,2d,hd,false,rectangular,True,public,youtube,True,True,False,,[],[],22,en,en,['https://en.wikipedia.org/wiki/Entertainment'],[],https://i.ytimg.com/vi/qcjjKHJmCjo/default.jpg,https://i.ytimg.com/vi/qcjjKHJmCjo/maxresdefault.jpg,,,,,,Nicho 3 (Histórias/Denso)
1W2keztpUlY,AITA for Choosing My Stepdad Over My Bio Dad?,#redditstories  #aitareddit   #redditrelationship  #shorts #reddit,"['reddit content', 'AITA stories', 'reddit stories', 'reddit drama', 'AITA drama', 'AITA narration', 'AITA reddit', 'reddit recap']","My dad walked into my living room and joked about dieting for his tux because he was walking his girl down the aisle. I told him I'd already asked my stepdad. His smile collapsed and by midnight my phone was a war zone. My parents divorced when I was six. For a year or two, my dad actually showed up every other weekend. Then he married a woman with a son my age and I became a ghost in my own schedule. My dad suddenly lived for baseball and truck projects because his stepson did. I sat inside while they bonded outside. If I tried to join, he'd wave me off like I was delicate. Careful, honey. You'll get dirty. This is a little technical for you. He wasn't cruel. He was absent while standing right there. Then he had two more kids. That was the final downgrade. I watched him become the dad I remembered, just not for me. I got squeezed between my half siblings parties and games like I was an appointment he couldn't cancel. Money showed up. He didn't. My mom remarried my stepdad and the difference was instant. He never forced a dad label on me. He just showed up when my dad forgot my 13th birthday because the baby was sick. My stepdad knocked and said, ""Want the most expensive burger in town? No lecture, just presents."" As I got older, I stopped calling my bio dad with good news because he always sounded busy. That's great, sweetie. Can I call you back? I started going to my stepdad instead. He taught me to drive. He stayed up late helping me finish school stuff. He remembered my pizza order and my friend's names. When I was 19, I was sexually assaulted. I didn't tell my dad because I could already hear the awkward sympathy and the silence after. My mom and stepdad held me together. My stepdad drove me to the police station when I couldn't stop shaking. He paid for therapy when insurance wouldn't. So, when I got engaged, I already knew who had earned that aisle. Yesterday, my dad called saying he was in the area. He showed up with his 15-year-old son and acted like we were close. We made shallow small talk about his wife business and his son's school. Then, he grinned at me like he was collecting a prize. So, should I start a diet for the Tux? He said, ""I want to look sharp when I walk my girl down."" Everything went slow. His grin stayed up like it was guaranteed. Then he leaned forward, already celebrating. Next, my hands went cold on my own knees. Then my fianceé looked at me and didn't blink. After that, his son stared, waiting for my reaction. I kept my voice even and didn't flinch. Actually, my stepdad is walking me. My dad's face snapped from shock to hurt. What? Why? Because he's been my father. I said, you haven't. I'm your father. He snapped. I paid for you. I took you every other weekend. You hosted me. I said, you didn't parent me. He tried to bargain. Half the aisle, a symbolic split. Anything that fixed his optics without fixing us. I said, no. I offered one thing, an honorary father-daughter dance. Otherwise, he was a guest. The tension made me sick, so I asked him to leave. After he left, his side of the family came out swinging. Tradition, respect. You only get one dad. Nobody asked what it felt like to grow up disposable. My aunt called my stepdad a stranger. The stranger was the man who protected me after the assault. The man she defended still doesn't even know what happened. A few days later, my dad called. He said, ""I didn't realize you felt like a burden. I was just trying to make my marriage work. Like his marriage needed my abandonment as fuel. I asked if he'd ever wondered how it felt watching him raise my half siblings the way he never raised me."" Long pause. I did the best I could, he said. That was it. My stepdad didn't campaign. He quietly offered to step aside if it would stop the fighting, which somehow proved again why he deserved the spot. I wasn't choosing a title. I was choosing the man who showed up. On my wedding day, my stepdad waited until I reached for his hand. Right before we walked, he whispered, ""I'm proud of you."" My dad didn't attend. He told people it was too painful to watch. All I know is his seat was empty. 3 weeks later, he finally called after seeing pictures online. ""You looked happy,"" he said. ""I was."" Pause. ""He did a good job,"" he added. Meaning my stepdad. Child support was a legal obligation. It was never a down payment on my wedding moment. I don't hate my dad. I just stopped shrinking to protect him from the consequences of his absence.",UCyA0We4YIUVBCMSvoF8TNwg,Reddit Zephys,137467,5169,21,0,2026-01-26T16:02:21Z,,,,,PT3M,180,2d,hd,false,rectangular,False,public,youtube,True,True,False,,[],[],22,en,en,['https://en.wikipedia.org/wiki/Lifestyle_(sociology)'],[],https://i.ytimg.com/vi/1W2keztpUlY/default.jpg,https://i.ytimg.com/vi/1W2keztpUlY/maxresdefault.jpg,,,,,,Nicho 3 (Histórias/Denso)
q0qPsQ2oNoQ,I gave my ex a surprise when I left unexpectedly. #shorts #story #reddit,,[],"gave my ex a surprise when I left unexpectedly. So, picture this. Seven years with someone who tracked my phone location every 20 minutes. Not kidding. If I didn't respond to his checking in text within 5 minutes, he'd call my work. He actually got me written up twice for personal calls. My breaking point, he installed a camera in our apartment for security that just happened to point at the couch where I worked from home. He could watch me from his phone all day. When I finally told him I was done, he laughed. Actually laughed. Said I'd never make it without him since he'd been paying 60% of rent. Then, he got this sick smile and said fine, but I had 30 days to get out. He scheduled it all out on his phone calendar. February 28th would be moving day. He'd graciously take a half day from work to supervise my packing. He actually sent me a Google calendar invite titled supervision of exit like I was some fired employee. But here's where he messed up. See, while he was tracking my every move for 3 years, I was quietly saving money. Every cash tip from my weekend bartending job went into a separate account he didn't know existed. $23,000 total. And those 30 days he gave me, he never said I had to wait until the last day. February 14th, Valentine's Day, he left for his big important conference in Boston. Kissed me goodbye like everything was normal. reminded me about February 28th and said he'd bring me back a souvenir to remember our time together. The second his Uber turned the corner, I called the moving company I'd already booked. My sister, my cousin, and three friends showed up at 8:00 a.m. with boxes, bubble wrap, and determination. We had a system, color-coded labels for each room. My cousin Emma literally made spreadsheets. We were surgical about it. I only took what was legally mine, which he didn't realize was a lot. See, I'd been keeping every receipt in a folder he never knew about. That expensive coffee machine he loved. My credit card statement from 2019. The gaming chair he spent 12 hours a day in. Birthday gift from me. Had the email confirmation. But the real surprise wasn't what I took, it was what I left. I replaced every single item I removed with a printed screenshot. The coffee machine replaced with a printed photo of it. The gaming chair, full-size printout taped to the wall where it used to be. The TV he thought was his, but I had the best buy receipt for 65 in printed screenshot of the Netflix homepage taped to the wall. My friend James even helped me print a life-siz photo of the couch I bought, and we positioned it exactly where the real one had been. The masterpiece, though, his precious security camera. I didn't touch it. Instead, I set up my laptop playing a 10-hour loop video of me sitting on the now missing couch, occasionally waving at the camera and checking my phone. He wouldn't notice anything wrong until he tried to talk to me through the speaker and realized it was a recording. We finished everything by 2 p.m. 6 hours total. I left my key on the kitchen counter, right on top of a printed screenshot of our apartment, but not before I changed the Wi-Fi password. The router was mine, too. Had the receipt, but I left it there. Just changed the password to boyby 2024 and wrote it on a sticky note. If he wanted internet, he'd have to type that every single time. My phone started blowing up at 11:47 p.m. when his flight landed. 43 missed calls in 30 minutes. He actually called the police saying I'd robbed him. The officer called me and I emailed him every single receipt. Case closed in 20 minutes. The voicemail he left at 2:00 a.m. crying about sitting on a printed couch, I saved it. Sometimes when I doubt leaving was the right choice, I play it and remember that the only surprise he deserved was realizing I was never as trapped as he",UC11XhZQlGSuaZ6JRZOZSyQA,Hearth Tales USA,158023,5563,35,0,2026-03-25T20:00:39Z,,,,,PT2M33S,153,2d,hd,false,rectangular,False,public,youtube,True,True,False,,[],[],24,en-US,en-US,[],[],https://i.ytimg.com/vi/q0qPsQ2oNoQ/default.jpg,https://i.ytimg.com/vi/q0qPsQ2oNoQ/maxresdefault.jpg,,,,,,Nicho 3 (Histórias/Denso)
YGqtOaWyXf0,My Dad Cut Me Off For Staying With My Daughter In The ICU Instead Of Setting Up My Sister’s Engageme,"My Dad Cut Me Off For Staying With My Daughter In The ICU Instead Of Setting Up My Sister’s Engagement Party. He thought that threat would make me crawl back. It made me block him and finally choose my kid.
#redditstories  #aitareddit   #redditrelationship  #shorts #reddit","['reddit drama', 'reddit stories', 'AITA stories', 'AITA narration', 'reddit reading', 'reddit recap', 'reddit narration']","My dad cut me off for staying with my daughter in the ICU instead of setting up my sister's engagement party. He thought that threat would make me crawl back. It made me block him and finally choose my kid. Maya was 12 and in respiratory failure after an asthma attack. I hadn't slept. I sat outside her room watching the monitor through glass, counting beeps like prayers. My phone buzzed. Dad, where are you at the hospital? Maya's in the ICU. I know, he said sharp. Setup is today. Party's tomorrow. Your mom can't lift things. You're handling catering and I need the truck by 3. Dad, she's on a ventilator. He sighed like I was inconveniencing him. Family obligations don't disappear. I'm not leaving my kid to hang streamers. You always have an excuse, he snapped. Stop making everything about you. I'm not discussing this. Then don't expect family to show up for you. He said, ""You're cut off."" ""Good,"" I said and hung up. I blocked his number, then my mom's, then the house line. I went back in, took Maya's hand, and promised her I wasn't going anywhere. That call was just the mask coming off. Growing up, I was the fixer and the wallet. Half my first paycheck went to bills. My sister got rescued. I got expected. The next morning, the family group chat exploded with party plans. Balloons, candles, folding chairs from my garage. We'll need the truck by 3:00. Don't be late, Dad typed. Not one message asked about Maya. So, I sent one line. Maya is in the ICU. I'm not coming. Don't ask me for money. Mom replied, ""Your grandmother would be heartbroken."" My sister said, ""You're ruining my weekend."" Dad said, ""Grow up."" I muted the chat and started shutting down every account and autopay tied to my name. 2 days later, I got alerts, declined charges at a party store and a caterer. They tried to use my old card anyway. The bank asked about charges and I told them to lock it all. Then, dad showed up at the hospital. I stepped out for coffee and saw him marching down the hallway with mom behind him, both acting like they owned the place. ""You blocked me,"" he said loud. ""Childish."" ""This isn't the place,"" I said. ""Maya's resting."" He leaned in. ""You humiliated your sister. She was on a ventilator, I said. You called about decorations. He waved it off. One little request, then he said my late wife's name like it was leverage. First, he smiled like he'd won. Next, my mom's face tightened instantly. Then, the nurse station went completely silent. After that, he stepped closer, waiting for me to shrink again. He talked right over me, so I cut in low and calm. Don't speak her name again. Not here. Not ever. He froze, searching for the version of me that begged. He didn't find him. You'll regret this when you need help, he spat. I stared back. I've never needed your help. You needed mine. Mom tried the soft voice. We just want to see our granddaughter. She's my daughter, I said. She's not your apology prop. A nurse drifted closer and my parents finally backed down. I walked back into Maya's room and felt it hit me. Silence, clean silence. Maya recovered and came home. The first week was pancakes, meds, and me hovering like a security system. My family tested the fence anyway. A pastor called and my sister texted from her fianceé's phone asking for rent help. I texted back, ""I'm not your bank. I'm your brother."" Then I blocked that number, too. Three quiet weeks later, there was a knock. My parents stood at my door with a wrapped box. Maya ran to them before I could decide anything. She tore it open. A telescope, the exact one she'd been saving for. My dad cleared his throat. I pushed too hard. No speech, no excuses, just that. So, I gave rules. Text first. No guilt, no money, no showing up uninvited. He nodded. Understood. Later, my sister came by, nervous and small. She apologized. Maya handed her a drawing of a rocket labeled family trying again. And my sister's eyes went glassy. That night, the sky was clear. We set the telescope on the balcony. Mia lined up the lens with steady hands. My parents and sister stood behind her, quiet, holding hot chocolate like a peace treaty. Jupiter snapped into focus. Mia whispered, ""That tiny dot is one of its moons."" My dad didn't look at me. He just watched her softy. Nobody asked me for anything. For once, family didn't feel like a bill. I didn't win. I just stopped losing. And my phone stayed blessedly quiet after. So what would you do?",UCerzJ1Y2iS8rS1-6YL9cgKQ,Reddit Shin,114155,4755,63,0,2026-03-04T21:15:01Z,,,,,PT2M57S,177,2d,hd,false,rectangular,False,public,youtube,True,True,False,,[],[],22,en-US,en,['https://en.wikipedia.org/wiki/Entertainment'],[],https://i.ytimg.com/vi/YGqtOaWyXf0/default.jpg,https://i.ytimg.com/vi/YGqtOaWyXf0/maxresdefault.jpg,,,,,,Nicho 3 (Histórias/Denso)
_cDBZGqttPg,"My Brother Let Me Attend Dinner—But Not As His Sister, Because His Fiancée’s Dad Is A Federal Judge…","My brother invited me to a “family” dinner, then told me the one rule: I was not allowed to tell anyone I was his sister. His fiancée’s dad was a federal judge, and my existence would be “embarrassing.” My mom followed up and asked me to sit at a tiny table by the service door “just for one night.” The night ended with my brother staring at an engagement ring on the table and nobody willing to rescue him.
#redditstories  #aitareddit   #redditrelationship  #shorts #reddit","['reddit drama', 'reddit stories', 'AITA stories', 'AITA narration', 'reddit reading', 'reddit recap', 'reddit narration']","My brother invited me to a family dinner, then told me the one rule. I was not allowed to tell anyone I was his sister. His fiance's dad was a federal judge, and my existence would be embarrassing. My mom followed up and asked me to sit at a tiny table by the service door just for one night. The night ended with my brother staring at an engagement ring on the day around the table and nobody willing to rescue him. That text didn't come out of nowhere. In my family, my brother was the story, and I was the footnote they edited out in public. He got the spotlight and the pride. I got the quiet instructions and the don't make this awkward. I still said I'd come because I wanted them to hear their own lie out loud. I took the long route in life. I paid my way, earned scholarships, and clawed through law school without a safety net. I became a federal prosecutor, then clerked for a senior judge who demanded excellence and didn't care who my parents preferred. When I told her about the dinner, she asked for the fiance's last name, then her father's. Her face changed. ""He knows you,"" she said. ""Let them underestimate you, and she came with me."" ""At the club,"" my family was already performing. My brother rushed over, smiled too hard, and introduced me like a stranger. ""This is Audra. She helps out at the courthouse."" My mom kissed the air near my cheek and guided me to the back table. It was small, tucked beside the swinging service door, like I was part of the staff. From that seat, I watched my brother beam at the main table like he'd finally earned a better family. Before dinner, the fiance's dad stood up with a tray of champagne and made a polite round of the room. He smiled, shook hands, and nodded at people my brother wanted to impress. Then he turned toward the back and walked straight to me. He looked at my face and stopped so fast the glasses clinkedked. His voice carried, ""Ma'am, Judge Cole, I didn't realize you were here tonight."" The room went silent, the way rich rooms go silent when status shifts. He took my hand like we were colleagues and praised one of my written opinions by name. My brother's head snapped around. My parents froze mid smile. My mentor stepped in beside us, calm as a ruling, and the judge finally asked the question everyone pretended not to see. Why is Judge Cole seated by the service door? My brother tried to laugh and said it was a mixup, then added, ""She doesn't really care where she sits."" My mentor pulled out her phone, unblinking. Then she held it up, screen bright. Next, she read my brother's text, word for word. After that, the judge asked, ""Is this authentic?"" Then my brother said, ""It looks bad out of context again."" The room stayed silent because context didn't matter. Finally, his fianceé slid off her ring and set it down. Click. And my brother finally looked afraid. My brother rushed toward me like I was supposed to fix him. ""Can we talk outside?"" He whispered like I owed him privacy after he erased me in public. I looked up and kept my voice even. No, if you can humiliate me in public, you can hear my answer in public. Her father stood and said the wedding was over, the funding was over, and the discussions were over. My mom tried the family says hurtful things speech, and my mentor shut it down with one line. This wasn't one message. This was a habit that finally met witnesses. By Monday, the story was already circulating in the same circles my brother begged to join. His firm didn't accuse him of a crime. They questioned his judgment and honesty, which is worse in that world. He got pulled off the client track, lost internal support, and was politely pushed to resign. The new life he'd been leasing and flexing suddenly didn't fit his paycheck. He started calling people he used to name drop, asking for favors, and most of them didn't call back. My parents did what they always did when consequences showed up. First, they begged me to talk to him. Then, they begged me not to be cruel. Then, they tried to call it a misunderstanding that spiraled. I changed my number, filtered their emails, and blocked anything sent to my chambers. A few weeks later, his ex sent me a short note. Thank you for showing me who he really was. Months later, I earned a promotion I'd worked for my whole life. The courtroom was full of people who never asked me to shrink first. My parents weren't invited, and my brother wasn't told. For once, the seating was exactly as it should be. I didn't burn anything down. I just stopped holding the roof up for them. If your own family only welcomed you by pretending you didn't belong, would you keep showing up or would you finally choose yourself?",UCerzJ1Y2iS8rS1-6YL9cgKQ,Reddit Shin,111768,4305,38,0,2026-03-15T15:17:01Z,,,,,PT2M56S,176,2d,hd,false,rectangular,False,public,youtube,True,True,False,,[],[],22,en-US,en,['https://en.wikipedia.org/wiki/Entertainment'],[],https://i.ytimg.com/vi/_cDBZGqttPg/default.jpg,https://i.ytimg.com/vi/_cDBZGqttPg/maxresdefault.jpg,,,,,,Nicho 3 (Histórias/Denso)
uopRI82SCyk,"My Parents Ignored Me My Whole Life, Treated Me Like A Servant Then Tried Dumping My Useless Brother","My parents ignored me my whole life, then tried to move my grown brother into my apartment to trap me. They called it “family responsibility.” I called it the last mistake they’d ever make with my name.
#redditstories  #aitareddit   #redditrelationship  #shorts #reddit","['reddit drama', 'reddit stories', 'AITA stories', 'AITA narration', 'reddit reading', 'reddit recap', 'reddit narration']","My parents ignored me my whole life, then tried to move my grown brother into my apartment to trap me. They called it family responsibility. I called it the last mistake they'd ever make with my name. Growing up, my house revolved around everyone except me. One sibling was the injured athlete. Another was always struggling. The third needed constant help at school. I was the normal one, which was my mom's way of saying, ""We don't have time for you."" When I was 10, I asked why she never came to my games. She kept filing paperwork and said, ""You're fine. We already have enough on our hands."" After that, my dad only spoke to me in commands. Trash, lawn, router, errands. I was the quiet kid who made the machine run. I tested how invisible I was. I stayed out past dark. No calls. I skipped dinner. No knock. I crashed at a friend's place all weekend. When I came home, my mom didn't ask where I'd been. Don't track mud on the carpet, she said. My two best friends lived the same way, so we stuck together. We called ourselves the ghosts because nobody noticed when we disappeared. One night, we got caught trespassing in an abandoned warehouse. The cops said, ""We're calling your parents."" Most parents showed up worried. Mine showed up annoyed. My dad snapped, ""What the hell is wrong with you?"" My mom added, ""You're pathetic. Don't drag us into your attention-seeking."" The officer stared at them like he couldn't believe it. I rode home thinking. Even my mistakes don't earn concern, just contempt, so I stopped asking to be seen. I got a job at a garage and saved every dollar. My grandpa was the one exception. He'd hand me a soda and say, ""Being ignored means you can build without them noticing."" Use it. I did. I applied to college without telling my parents. On moveout day, my dad finally looked up as I carried my last bag out. Where do you think you're going? College? I said, ""I'm leaving today."" My mom's face tightened. ""Then leave your car keys."" They tried calling my car a family asset. I laughed, kept my keys, and drove away. Right before Christmas. My mom called like we were close. ""What time are you coming home?"" ""I'm not."" I said, ""So, you're choosing friends over family?"" ""Yeah,"" I said. ""Because they show up."" Then my dad called to threaten me. ""We'll cut off your college money."" I laughed. What money? You didn't pay for any of this. After that, my siblings spammed my phone with guilt. I ignored it and spent Christmas with my roommates. It wasn't fancy, but it was honest. In January, one of my siblings warned me my parents were talking. They think you should take our oldest brother. He said, ""Take him where? Like, live with you."" I thought it was a joke until I opened my apartment door the next night. Bags were piled by my couch. My parents were inside like they own the lease. And my brother was already on my Xbox, controller in hand, feet up, playing like he'd always lived there. Then he glanced at me and shrugged. ""Mom and dad dropped me off. You'll help out for a while."" First, my stomach dropped like an elevator cable snapped. Then, my jaw clenched until my teeth achd. Next, I stared at the bags lined up like they belonged. Then I stared at his smug face, not even pausing the game. After that, I pointed at the door without a word. Then I said, ""Pack your stuff now."" Again, he laughed like I was the punchline. Finally, the smile slipped when I didn't move. I called my mom. She answered with that fake sweet tone. ""Isn't this easier, honey? You can't just dump him here,"" I said. ""You're the responsible one."" My dad's voice cut in behind her. ""You've had it easy. It's your turn to step up."" ""Easy."" That word hit like a slap. You don't get to ignore me for years, I said. Then hand me your problem because I didn't fall apart. I hung up. My brother called me harsh and said they wanted what's best for him. I stared at the grown man, expecting me to parent him, and felt something go perfectly cold. ""What's best for me is now Sarah, not raising you,"" I said. He argued. I didn't move. He finally stuffed his clothes into a bag and stomped out. ""A week later, my mom showed up at my door alone, eyes shiny like she'd rehearsed."" ""Your father's health is getting worse,"" she said. ""We need you."" I held the door open and kept my voice flat. ""No,"" her mask cracked. ""We sacrificed everything for you. You didn't even notice when I wasn't home."" I said, ""You only remember me when you need labor."" She spit out, ""You ungrateful little brat. It's Matt."" I corrected, ""And you don't want me. You want what I can do."" She left furious. That night, I blocked every number in that family. The silence felt like oxygen. So tell me, would you have kicked him out too?",UCerzJ1Y2iS8rS1-6YL9cgKQ,Reddit Shin,122051,4675,77,0,2026-02-12T15:02:28Z,,,,,PT2M57S,177,2d,hd,false,rectangular,False,public,youtube,True,True,False,,[],[],22,en-US,en,['https://en.wikipedia.org/wiki/Lifestyle_(sociology)'],[],https://i.ytimg.com/vi/uopRI82SCyk/default.jpg,https://i.ytimg.com/vi/uopRI82SCyk/maxresdefault.jpg,,,,,,Nicho 3 (Histórias/Denso)
UAavmfhz9Ww,They Demanded That My New House Be Big Enough To Comfortably Fit My “Golden” Brother’s Family—Bc...,"My parents and my golden-child brother really thought my first house was supposed to be big enough for his wife, his three kids, and eventually them, too. They had bedrooms picked out before I even signed anything. I bought a different house in secret, and when they found out, Jessica screamed in my driveway like I’d stolen her future.
#redditstories  #aitareddit   #redditrelationship  #shorts #reddit","['reddit drama', 'reddit stories', 'AITA stories', 'AITA narration', 'reddit reading', 'reddit recap', 'reddit narration']","My parents and my golden child brother really thought my first house was supposed to be big enough for his wife, his three kids, and eventually them, too. They had bedrooms picked out before I even signed anything. I bought a different house in secret, and when they found out, Jessica screamed in my driveway like I'd stolen her future. I'm 34 in Denver, and I learned early that Tyler mattered more than I ever would. He was 3 years younger, lazy, charming, and never told no. If he wanted something, he got it. If I wanted something, I got a lecture. He could fail and get comfort. I could succeed and get that's nice, David. College made it obvious. Tyler got the full ride. I picked a cheaper finance program nearby, and my parents charged me $900 a month to keep living in my childhood bedroom. I said, ""You're serious?"" Mom said, ""Tyler needs support. You've always been independent."" So, I worked, studied, paid them rent, and watched them send Tyler extra cash for dumb major changes. He took 5 years to graduate. I finished on time with job offers. They threw him a huge party. For me, we went to Applebee's, and dad made me split the check. After that, I stopped looking for fairness and focused on getting out. I built a consulting firm, made real money, and finally got ready to buy a house, just a clean place with a home office and peace. Then, Jessica heard I was house hunting, and suddenly my phone was full of Zillow links, huge houses, six bedrooms, big yards, finished basements. This one is perfect for the kids. The basement would be great for Tyler. You need room for family. Jessica even messaged me about decorating our family space. That word told me everything. They weren't suggesting. They were planning to move in. Then Tyler called, ""Dude, this place is perfect for all of us."" I said, ""I'm buying a house for me."" He laughed and said, ""Yeah, but you don't need that much space for yourself, so I stopped replying."" A few weeks later, I closed on a three-bedroom house 45 minutes away and told nobody. At Thanksgiving, mom announced she had a surprise. She pulled out printed Zillow listings like she was presenting my future. It was a $650,000 six-bedroom monster. Tyler wanted the basement. Jessica was already talking about the kids' rooms. I let them finish. Then I said, ""That's interesting because I already bought a house."" The room went silent. Mom stared at me. ""What do you mean?"" I closed two weeks ago. Jessica leaned in. ""How many bedrooms?"" ""Three."" Jessica shot to her feet. Her chair scraped across the floor. Tyler stopped smiling. Mom's face went white. Dad slammed his hand on the table. Then Jessica shouted, ""How the hell are we supposed to fit in that?"" There it was. Not visit, not stay over, fit in. I asked, ""What exactly did you contribute to my house?"" She snapped, ""I'm family."" Then Tyler admitted their lease was ending and they couldn't afford the new rent. They had already decided they were moving into my future house. No permission, no discussion, just entitlement. Dad yelled, ""That's your brother."" I said, ""No, that's your project. You funded his whole life and now you want me to take over."" Mom cried and said, ""They raised me better."" I looked right at her. ""No, you raised me to survive without help. You raised Tyler to expect it."" Then I grabbed my keys and left. The harassment started that night. Calls, texts, relatives telling me I was heartless for letting children suffer. I blocked numbers and moved into my house anyway. For the first time in years, my life was quiet. A few months later, my uncle told me the truth. My parents had wiped out their savings, bailing Tyler out. Second mortgage, credit cards, cosign debt. They were drowning with him and expected me to be the rescue boat. Then it all collapsed. Tyler lost another job. My parents lost their house. All of them ended up in a motel. That was when Tyler finally called. ""Please,"" he said. ""I'll do anything."" So, I gave him terms, not sympathy. Tyler got an entry-le job at my company and had to keep it. Jessica had to work full-time. My parents had to get jobs, too. I rented them a basic house I owned, and every adult paid every month or they were out. No excuses, no family discount. They took it because they had nothing left. 6 months later, Tyler still works for me. Jessica still complains, but she works. My parents finally contribute. The kids have stable rooms, decent schools, and adults who can't pretend consequences are optional anymore. They tell people I saved the family. That's not what happened. I just stopped letting them use me for free. They wanted my money, my house, and my life. Instead, they got rules. They got rent. They got accountability.",UCerzJ1Y2iS8rS1-6YL9cgKQ,Reddit Shin,116652,4830,64,0,2026-03-07T21:15:01Z,,,,,PT2M59S,179,2d,hd,false,rectangular,False,public,youtube,True,True,False,,[],[],22,en-US,en,['https://en.wikipedia.org/wiki/Entertainment'],[],https://i.ytimg.com/vi/UAavmfhz9Ww/default.jpg,https://i.ytimg.com/vi/UAavmfhz9Ww/maxresdefault.jpg,,,,,,Nicho 3 (Histórias/Denso)
_T8lbqo08CE,Mis padres desaparecieron mi INDEMNIZACIÓN MILLONARIA. #reddit #shorts,"📖 Historias impactantes inspiradas en Reddit, contadas de forma intensa y envolvente.

Algunos detalles como nombres, edades o situaciones pueden ser modificados para mejorar la narrativa.

⚠️ Este contenido se publica únicamente con fines de entretenimiento.

👀 Si llegaste hasta aquí, ya eres parte de la comunidad.

👉Suscríbete ahora y activa la campanita para no perderte la próxima.

💬 Déjame en comentarios qué harías tú en esta situación, quiero leerte en la próxima historia.

#historiasdereddit #historiasreales #reddit #redditespañol #shorts #youtubeshorts",[],"Cuando tenía un año, un médico cometió un error tan grave durante una cirugía que mis padres recibieron una indemnización millonaria. Ahora tengo 18 y ese dinero desapareció. Cuando era bebé me operaron de una hernia. No era algo complicado, era una cirugía libre de riesgos hasta cierto punto, pero el cirujano se equivocó gravemente. No voy a entrar en detalles médicos porque es doloroso hasta recordarlo, pero básicamente me causaron un daño permanente que ha afectado mi vida entera. Mis papás demandaron al hospital, obviamente. El caso duró años, pero finalmente llegaron a un acuerdo extrajudicial. Una suma importante, eso lo sé. Desde que tengo memoria, cada vez que preguntaba sobre el tema, mis papás me decían lo mismo. Ese dinero está guardado para ti, para tu futuro, para tu educación. Crecí con esa certeza. Imaginaba que cuando cumpliera 18 me sentarían, me explicarían todo y podríamos planear juntos cómo usarlo para la universidad. Pero cuando llegó mi cumpleaños hace dos meses y saqué el tema, la respuesta que recibí me el heló la sangre. Les dije que quería hablar sobre el dinero de la indemnización, que ya era mayor de edad y necesitaba empezar a planear mi futuro universitario. Mi mamá y mi papá se miraron entre ellos con una expresión rara como incómoda, y mi papá simplemente dijo, ""Es muy pronto para hablar de eso. Ya llegará el momento. Me quedé helado. Muy pronto. Tengo 18 años. Legalmente soy adulto. Ese dinero es mío por lo que me pasó a mí."" Insistí. Les dije que necesitaba saber al menos dónde estaba invertido, en qué cuenta, cuánto había. Nada, solo evasivas. Confía en nosotros. Lo estamos manejando bien. A su debido tiempo, empecé a sentir un nudo en el estómago. Algo no cuadraba. Los siguientes días empecé a notar cosas, cosas que antes no me parecían extrañas, pero que ahora cobraban otro significado. Hace como tres años, mis papás compraron una casa nueva, una casa grande, bonita, en un barrio mucho mejor que donde vivíamos antes. En ese momento me dijeron que habían ahorrado, que el negocio de mi papá iba bien. No cuestioné nada. Hace dos años mi papá abrió su propio taller. Antes trabajaba para otro, pero de repente tenía su propio lugar, con equipo nuevo, varios empleados. Yo estaba orgulloso de él. Pensé que se lo merecía. Pero ahora con todo esto del dinero, empecé a preguntarme de dónde salió el capital para todo eso un día vi a mi mamá sacando fotos de un viaje que hicieron a Europa cuando yo tenía como 15 años. Yo no fui porque tenía escuela, pero ellos se fueron dos semanas. Recuerdo que en ese momento pensé que se lo merecían, que trabajaban duro, pero ahora la pregunta me carcomía, ¿con qué dinero pagaron ese viaje? Me sentí traicionado, me sentí usado. Ese dinero era mío. Era una compensación por algo horrible que me pasó, que marcó mi cuerpo y mi vida para siempre. Y cada vez que intentaba hablar del tema, me cambiaban la conversación o me hacían sentir como si estuviera siendo malagradecido. ""Te hemos dado todo"", decía mi mamá. ""nunca te ha faltado nada."" Y tenía razón, nunca me faltó nada. Pero eso no era el punto. El punto era que ese dinero era específicamente para mí, para mi futuro, y parecía que lo habían usado para construir el suyo. Llegué a un punto donde no sabía qué hacer. ¿Cómo confrontas a tus propios papás? ¿Cómo les dices que crees que se robaron tu dinero? Porque eso era lo que sentía, que me lo habían robado, que habían tomado algo que legalmente me pertenecía y lo habían usado para ellos. Estuve a punto de consultar con un abogado, de verdad. Busqué en internet, leí foros, traté de entender cuáles eran mis derechos. La angustia era insoportable. Finalmente, hace una semana, explotó todo. Les dije que necesitaba respuestas ya, que no iba a seguir esperando. Mi papá suspiró profundo y me dijo, ""Está bien, es hora de que sepas todo."" Me sentaron en la sala y me explicaron. ""Sí. Usaron el dinero de la indemnización, lo usaron para comprar la casa donde vivimos, lo usaron para abrir el taller, pero entonces mi papá sacó unos papeles y me los mostró. Resulta que yo soy socio del negocio. Mi nombre está en los documentos. Mi participación corresponde exactamente a la cantidad de dinero que se invirtió de mi indemnización. El taller, la casa, todo eso técnicamente es también mío y mi papá ya tiene programado empezar a pagarme dividendos mensuales que voy a usar para la universidad. Me explicó que como soy hijo único, todo eso eventualmente va a ser mío de todas formas, pero que mientras tanto el dinero está trabajando, generando más dinero, en lugar de estar guardado perdiendo valor. Me sentí terrible. Los había juzgado tan duramente. Había dudado de ellos y resulta que todo este tiempo estaban protegiendo mi futuro de una manera que yo no entendía. Les pedí perdón. Mi mamá lloró.",UCeoaydffQmwi5_lbmj3GO6A,El Tipo de Reddit,129551,10008,80,0,2026-03-27T20:00:00Z,,,,,PT2M54S,174,2d,hd,false,rectangular,True,public,youtube,True,True,False,,[],[],24,es,es,['https://en.wikipedia.org/wiki/Lifestyle_(sociology)'],[],https://i.ytimg.com/vi/_T8lbqo08CE/default.jpg,https://i.ytimg.com/vi/_T8lbqo08CE/maxresdefault.jpg,,,,,,Nicho 3 (Histórias/Denso)
